area,quartos,banheiros,garagem,preco
102,1,1,0,456028
116,1,1,1,517282
60,1,1,0,298118
58,1,1,0,286039
187,2,1,2,875698
187,3,2,3,918098
92,3,2,3,567941
221,4,3,4,1147342
108,3,2,3,633955
230,4,3,3,1178336
161,3,2,2,843985
96,3,3,3,588860
231,4,4,4,1185930
181,2,1,1,823908
281,6,5,4,1495066
211,3,2,2,1049959
206,5,5,4,1124026
206,4,4,4,1125178
279,5,5,4,1432962
179,4,4,4,968173
115,3,2,2,650433
101,2,1,2,531286
77,2,2,2,444076
173,2,1,2,844970
219,3,3,3,1074165
277,4,4,3,1383671
99,2,1,1,493304
127,1,1,1,562676
102,2,2,1,503196
168,2,1,2,827078
80,1,1,1,400031
129,2,2,1,648143
147,3,3,3,790111
276,4,3,3,1332396
218,3,2,2,1027071
81,1,1,0,412537
61,1,1,0,287450
293,5,4,4,1473525
287,6,5,4,1481752
265,5,5,4,1388606
72,1,1,1,378124
218,3,2,2,1039065
274,5,5,4,1414054
281,5,4,4,1460154
95,1,1,0,461385
166,3,3,3,872746
154,4,3,3,840636
46,2,2,2,297894
261,6,5,4,1385645
156,2,1,2,726946
70,2,1,1,380281
86,2,1,1,458450
165,4,3,3,899940
65,1,1,1,318089
149,3,2,3,777738
112,2,2,2,605674
82,1,1,0,362201
154,3,2,3,830528
80,1,1,1,374338
269,5,4,4,1400275
98,2,2,1,540908
99,2,2,2,541438
152,3,2,3,797522
295,5,4,4,1507568
261,5,4,4,1345059
111,2,1,2,570354
263,4,3,3,1331475
121,1,1,0,549366
110,1,1,1,548915
65,1,1,0,329708
97,2,2,1,493914
128,2,2,1,620354
215,5,4,4,1140433
100,3,2,3,560577
147,4,4,4,873174
161,3,2,2,813313
213,4,3,4,1101612
249,5,4,4,1330277
178,3,3,2,883704
267,5,5,4,1406128
104,3,2,3,565708
268,4,3,4,1337865
80,1,1,0,396169
198,4,4,4,1059971
196,4,3,4,1050776
239,4,4,4,1241709
45,1,1,0,230173
209,5,5,4,1167077
154,4,3,3,834398
216,3,2,3,1047922
146,3,2,2,740246
288,4,4,4,1469673
144,4,4,4,822789
120,1,1,1,546341
135,3,2,2,733596
107,3,2,3,619150
207,5,5,4,1173199
126,3,3,3,722468
171,3,3,2,865196
270,4,4,3,1338807
216,4,3,3,1086084
163,4,3,3,857809
257,6,5,4,1376648
76,1,1,1,406499
55,2,2,1,325052
197,5,5,4,1104396
157,3,3,3,805302
244,4,4,3,1266883
284,5,4,4,1458590
58,1,1,0,313409
281,5,4,4,1432044
212,4,4,4,1114518
239,4,4,4,1260516
86,3,2,2,495135
159,2,1,1,737005
147,2,1,1,678672
287,4,3,4,1435240
176,3,2,2,901173
128,2,1,1,611044
237,5,4,4,1261203
169,2,2,1,832981
66,1,1,1,309719
219,3,3,3,1070716
266,5,5,4,1390740
135,2,2,2,681545
182,3,2,2,893679
275,5,5,4,1422046
59,2,2,1,350752
153,3,3,3,804927
186,2,1,1,850017
253,6,5,4,1374929
296,6,5,4,1532483
158,4,3,4,891113
233,5,5,4,1272485
214,4,4,4,1120894
173,3,2,2,858279
106,2,1,1,546605
292,5,5,4,1525967
144,3,2,3,742559
199,3,2,3,964782
72,1,1,1,337123
51,1,1,1,271066
219,4,3,4,1160273
289,4,3,4,1430027
82,1,1,0,410559
200,3,2,2,987573
258,5,5,4,1388139
271,5,5,4,1420465
75,1,1,0,345343
86,2,1,1,450375
83,2,1,2,446124
285,5,4,4,1442881
189,4,3,3,980137
146,4,3,3,824643
121,2,1,1,565108
129,2,2,2,635949
284,5,5,4,1470598
297,6,5,4,1575689
266,5,5,4,1368185
162,2,2,1,801411
134,3,3,3,718694
268,6,5,4,1418403
254,5,5,4,1368012
127,2,2,2,638288
250,4,4,3,1257612
174,3,2,3,913482
45,2,2,1,272293
230,5,5,4,1224340
181,3,3,3,961927
293,4,3,3,1446116
126,2,1,2,603308
160,2,2,1,785448
123,3,3,3,687829
292,6,5,4,1532527
119,3,2,2,667424
80,1,1,1,415623
181,2,2,2,901084
295,5,5,4,1506618
215,5,5,4,1204990
141,3,3,2,777299
255,4,4,4,1319217
240,5,4,4,1237426
109,2,1,2,532334
278,4,3,4,1408677
124,1,1,1,570987
248,4,4,4,1264352
294,4,3,3,1445163
192,3,2,3,938851
96,3,2,3,588406
59,1,1,0,280026
228,4,4,3,1160603
255,5,4,4,1303175
240,4,4,3,1210216
281,5,5,4,1468902
49,2,2,1,281640
271,5,5,4,1428440
173,4,4,3,938811
292,4,3,4,1447881
228,4,4,3,1198997
247,4,3,3,1266078
299,5,4,4,1497152
142,3,2,2,766605
65,1,1,0,323982
231,4,3,4,1175611
257,5,4,4,1357944
232,4,3,4,1218303
291,5,5,4,1497892
83,2,1,2,472026
232,3,3,2,1120731
108,3,3,3,635909
240,4,3,3,1207898
57,1,1,0,294041
282,5,5,4,1438560
68,1,1,1,321210
94,2,1,2,492529
234,5,4,4,1252720
95,3,3,3,545144
234,4,4,4,1200273
230,3,3,3,1113968
248,5,4,4,1324176
277,4,3,3,1335714
215,4,3,3,1076496
151,3,2,3,810949
120,1,1,0,525519
173,3,2,2,846237
52,1,1,1,247434
134,2,1,1,664409
260,4,3,4,1305378
230,3,3,2,1135311
67,1,1,0,298386
290,6,5,4,1520130
272,4,3,4,1366265
120,1,1,1,572915
211,5,5,4,1164331
265,4,3,3,1310185
276,5,5,4,1458425
277,6,5,4,1453883
263,5,5,4,1359603
287,4,3,3,1380509
266,4,4,3,1340662
75,1,1,1,366173
261,4,4,4,1321245
98,2,1,2,494296
100,2,2,1,540978
187,3,3,2,954311
181,2,1,2,874252
203,4,4,3,1051488
118,3,2,2,655160
60,1,1,1,307514
277,5,4,4,1410823
211,3,2,2,1007516
70,1,1,1,365380
262,6,5,4,1388302
155,2,2,2,744267
190,4,4,3,999451
247,3,2,2,1168153
153,3,3,3,808103
106,1,1,1,484714
111,3,2,3,596923
248,4,4,3,1258730
84,2,2,2,485297
258,5,4,4,1311966
211,4,4,4,1093975
268,4,3,4,1348192
250,4,4,4,1300877
218,4,4,3,1107605
103,2,2,2,566269
120,2,1,1,573775
146,3,2,2,735809
297,6,5,4,1574039
206,4,4,3,1082931
271,5,5,4,1406264
82,1,1,1,374864
74,1,1,0,366048
91,3,3,2,540673
141,3,3,2,725254
275,4,4,3,1375066
133,1,1,1,615397
126,2,2,2,640589
254,5,4,4,1298119
213,3,3,3,1055114
121,2,1,1,584125
203,5,4,4,1099888
237,4,3,3,1206737
261,5,4,4,1343441
137,2,2,2,673983
160,3,2,2,802385
96,1,1,0,455341
237,4,3,3,1218883
129,3,2,3,691674
166,4,4,4,914535
167,3,3,2,854506
270,6,5,4,1436958
259,5,4,4,1372013
173,2,2,2,848942
97,1,1,0,470411
127,2,2,1,658863
268,4,3,4,1367575
223,3,3,2,1091582
236,4,4,3,1202770
159,2,2,1,793796
216,4,3,3,1095000
286,5,5,4,1486527
47,1,1,1,239533
121,3,2,3,649773
199,3,2,2,974313
279,4,3,4,1394907
53,1,1,1,278730
45,1,1,1,229275
88,2,1,1,448188
285,4,4,4,1415623
53,1,1,1,266402
98,2,1,1,487688
218,4,4,4,1159001
138,3,2,3,708023
195,4,3,3,1046051
66,1,1,1,358638
287,5,4,4,1451150
227,3,3,3,1105557
233,5,5,4,1282230
242,4,3,4,1245755
299,5,5,4,1548450
262,4,4,3,1323148
195,4,3,3,1009490
196,4,4,4,1036121
272,5,5,4,1435032
225,5,5,4,1194917
252,5,4,4,1294757
269,4,3,3,1314266
232,4,4,3,1201055
123,3,3,3,689694
84,2,2,2,459403
187,3,2,2,944613
140,4,4,3,792155
178,4,3,4,977080
296,5,4,4,1526090
82,2,1,2,418153
208,4,3,4,1116014
198,4,3,4,1048941
159,2,1,1,736314
297,4,4,4,1480031
111,1,1,1,520293
290,6,5,4,1496213
207,3,3,3,1057971
221,4,3,3,1125552
73,1,1,1,345390
127,2,1,2,635406
190,2,2,1,910619
185,3,3,2,938936
131,2,1,2,673416
66,1,1,0,332238
180,3,3,2,917639
193,4,4,3,1050336
252,5,5,4,1348528
75,1,1,1,374735
282,5,5,4,1449885
208,4,4,3,1110450
234,3,3,2,1142370
107,2,2,1,529632
94,1,1,1,479433
259,5,4,4,1352659
205,4,3,4,1078733
284,6,5,4,1464318
91,3,3,2,525299
225,3,2,3,1103433
285,5,4,4,1452241
113,2,2,2,584582
68,2,1,1,362358
192,2,2,2,942495
188,2,1,1,868414
236,4,4,3,1191245
250,4,3,3,1227980
215,5,5,4,1187731
116,2,2,1,583952
198,4,4,4,1064722
53,1,1,0,262898
202,3,3,3,1035364
161,2,2,1,781556
239,4,3,3,1210323
101,2,1,2,512758
259,5,5,4,1359694
286,4,3,3,1406958
211,5,5,4,1142549
280,5,5,4,1460981
292,5,4,4,1489974
197,4,4,4,1075596
151,4,4,4,859059
185,3,2,3,961704
247,4,3,4,1224156
192,2,2,2,935389
176,4,3,3,962460
183,3,2,2,919949
167,3,2,2,854208
164,2,1,2,778446
286,4,3,3,1406267
125,3,3,3,711633
147,3,3,3,803729
75,1,1,0,387849
134,3,2,2,728601
248,6,5,4,1369058
64,1,1,0,303757
190,4,4,3,1040775
284,5,4,4,1441471
128,3,3,2,667523
217,4,3,3,1120439
252,6,5,4,1354669
93,2,1,2,479807
172,2,2,2,823835
273,5,5,4,1429772
50,1,1,0,227071
105,3,3,2,596569
204,3,3,3,1041080
158,3,2,3,799639
277,5,5,4,1458033
156,3,2,3,815814
230,3,2,2,1131314
148,3,2,3,803599
271,4,3,4,1328159
273,4,4,3,1367236
257,6,5,4,1393490
202,3,3,3,1045907
46,1,1,0,233967
221,3,2,2,1070137
61,1,1,0,319595
114,3,3,3,652195
238,5,4,4,1269430
223,3,2,3,1097258
110,2,1,1,534553
282,6,5,4,1470620
280,5,4,4,1415352
102,1,1,0,457172
150,2,1,1,712257
69,1,1,1,346567
164,3,2,2,832823
193,4,4,4,1028125
199,4,3,4,1039493
185,2,1,2,881428
298,4,4,4,1505098
208,5,5,4,1138253
237,4,4,3,1238062
160,3,2,3,857948
74,2,2,1,407255
169,3,2,3,878182
85,3,3,2,521103
142,2,2,2,726549
65,1,1,0,317417
151,3,3,2,777081
142,2,2,1,712988
149,4,3,4,860624
189,4,4,4,1016012
178,3,3,3,898062
285,5,4,4,1444507
256,4,3,3,1245262
178,4,4,3,947457
213,4,4,3,1114322
217,4,4,4,1143600
131,2,1,1,650406
295,5,4,4,1520989
83,1,1,1,385610
163,2,1,1,751934
278,5,4,4,1437806
294,4,3,4,1419576
53,1,1,0,268513
265,5,4,4,1374366
121,2,1,2,629625
226,4,4,3,1160648
252,6,5,4,1348059
86,1,1,1,414055
238,5,4,4,1272661
132,1,1,1,624664
214,3,2,2,1023655
288,5,4,4,1481454
188,2,1,2,858626
151,3,3,2,782813
128,2,2,2,648755
116,1,1,0,506601
268,5,4,4,1392260
248,5,4,4,1319950
275,6,5,4,1461243
237,5,4,4,1228016
196,4,3,3,1009761
123,3,2,3,663353
229,3,2,2,1093002
272,5,5,4,1396083
89,2,2,2,496302
253,4,3,3,1254794
92,2,2,1,476526
256,6,5,4,1382683
131,3,2,2,678823
199,4,4,3,1026946
130,3,3,3,709644
292,4,4,4,1444560
298,5,5,4,1505479
200,3,3,3,1039155
239,4,4,4,1234020
114,2,2,1,581192
205,4,4,4,1082100
296,5,5,4,1506569
246,4,3,3,1241012
137,1,1,0,617134
194,3,3,3,967921
200,4,4,3,1073873
261,6,5,4,1405386
290,6,5,4,1539820
229,3,2,2,1115896
226,4,3,4,1182527
214,5,4,4,1132262
177,3,2,3,893918
245,5,4,4,1257609
292,4,4,4,1434026
104,2,2,2,545283
278,5,5,4,1443805
94,3,3,3,543202
198,3,2,2,998251
220,3,2,2,1068816
134,2,2,2,679081
163,4,3,3,895574
266,6,5,4,1416663
264,6,5,4,1392286
187,2,1,1,862372
211,4,4,3,1090393
295,5,5,4,1522469
103,2,2,2,559059
133,2,1,1,632124
105,2,2,1,523996
236,4,4,4,1232287
115,3,3,2,643894
133,2,2,2,653794
140,3,3,2,773722
228,3,3,2,1099387
241,5,5,4,1284438
272,6,5,4,1449453
60,1,1,0,283012
160,3,2,3,835070
298,4,3,4,1486397
232,3,3,2,1131262
97,2,2,1,507873
179,3,2,3,934507
105,2,1,2,565429
264,5,4,4,1389115
150,2,2,2,755115
131,2,2,2,673734
181,2,1,2,832085
186,3,2,2,901784
209,4,4,4,1089117
182,4,4,4,971349
92,3,3,3,560198
294,5,4,4,1509702
279,5,4,4,1413075
264,5,5,4,1374959
190,3,2,3,975662
220,3,2,2,1076037
280,4,3,3,1373920
278,4,4,3,1399727
112,2,1,2,544517
229,4,3,4,1189349
129,1,1,1,617378
164,4,3,3,857871
154,4,3,3,854707
160,4,3,3,886586
220,3,3,2,1084306
81,1,1,0,401091
97,1,1,1,493136
198,4,4,3,1060646
118,1,1,0,537442
224,4,3,4,1165175
271,5,4,4,1374375
108,3,3,3,618211
116,2,2,1,574463
190,2,2,1,902931
141,4,4,3,830567
167,4,4,3,904199
300,4,3,4,1464740
112,3,3,3,650206
133,3,2,2,708093
79,1,1,0,347410
75,2,2,2,428759
250,4,3,4,1239478
203,3,2,2,998752
212,5,4,4,1163188
268,5,4,4,1358250
267,4,4,3,1328669
134,1,1,0,621773
50,1,1,1,272275
177,3,3,2,921537
182,2,1,2,885294
264,5,4,4,1382482
84,3,3,3,500433
300,5,5,4,1521719
97,1,1,0,423286
51,1,1,1,266053
241,4,3,3,1217432
259,5,5,4,1360079
208,4,3,4,1065425
71,1,1,0,337475
80,2,2,2,443449
89,3,2,3,512951
194,4,3,4,1022935
297,5,4,4,1474817
254,4,3,4,1292477
49,1,1,1,289440
202,3,2,2,986913
296,4,3,4,1433296
67,1,1,1,339445
88,1,1,1,402504
76,2,1,1,391315
178,3,3,3,912444
276,5,4,4,1399484
114,1,1,0,502572
275,6,5,4,1432912
228,4,4,4,1189965
180,2,1,1,861926
200,3,2,3,975720
91,2,2,2,501850
70,1,1,0,309036
252,6,5,4,1358680
97,2,1,1,464441
158,3,2,3,813995
88,2,1,1,426825
146,4,3,3,841515
214,3,2,3,1028118
131,3,3,3,696132
240,5,4,4,1249071
140,3,3,3,789896
121,1,1,1,568895
255,6,5,4,1359335
241,4,4,3,1241316
172,2,2,2,839836
293,5,5,4,1493323
137,1,1,0,590320
188,2,2,2,925855
164,3,2,2,842848
168,3,2,2,854328
243,4,3,3,1205102
207,4,3,4,1090601
117,2,2,2,588905
296,4,3,3,1427445
157,2,2,1,752140
148,3,3,2,803187
210,3,2,2,1031444
117,1,1,0,528883
247,3,3,3,1202542
114,2,2,2,607344
207,4,4,3,1100016
134,3,3,3,715145
135,1,1,0,591932
207,4,3,4,1062617
214,3,2,3,1045739
130,1,1,1,574746
180,3,2,2,889969
176,2,1,1,817492
269,6,5,4,1432114
238,4,4,3,1240916
290,5,4,4,1449830
62,1,1,1,305513
98,1,1,0,482791
237,4,3,3,1186547
292,4,4,3,1453201
267,5,4,4,1370098
150,3,3,3,817292
189,3,2,2,908052
246,5,4,4,1283847
46,2,1,2,315194
290,5,4,4,1458562
132,2,1,2,677697
104,2,2,2,554853
180,2,2,1,851315
240,4,3,4,1194924
179,4,4,4,968627
182,2,1,1,823016
221,5,4,4,1210302
243,5,5,4,1296812
198,3,3,2,993505
120,1,1,0,527955
153,3,2,2,781346
85,3,2,2,522664
177,3,2,2,879834
248,5,5,4,1343843
51,2,1,2,292006
120,1,1,0,568494
191,3,3,3,971303
293,6,5,4,1518649
251,5,5,4,1325138
214,4,3,4,1100401
235,3,3,3,1151378
188,4,3,3,967407
198,5,5,4,1124362
258,4,3,4,1281453
253,6,5,4,1366368
126,1,1,1,566089
59,1,1,0,315652
74,1,1,1,342113
229,4,4,4,1217769
282,6,5,4,1470255
235,5,5,4,1289047
287,5,5,4,1505296
177,2,2,1,839733
70,1,1,0,349426
160,3,3,3,849638
55,1,1,0,286426
133,1,1,1,626468
201,4,4,4,1102009
223,5,5,4,1212185
199,5,4,4,1096322
236,4,4,3,1209771
77,1,1,1,407858
186,3,3,2,920025
168,2,2,2,836214
116,1,1,1,532201
259,6,5,4,1396009
142,3,2,3,781810
228,4,3,3,1145853
94,3,2,3,568325
138,3,2,2,713883
159,3,3,3,836158
178,3,3,2,907437
72,1,1,0,348199
106,3,3,3,592743
122,2,1,2,607216
279,5,5,4,1467848
86,3,3,2,510739
74,1,1,1,352522
131,2,2,1,629680
267,6,5,4,1422686
241,3,2,2,1171084
236,3,3,2,1121374
47,1,1,1,245853
111,1,1,1,505145
78,1,1,1,385479
217,5,4,4,1197473
295,5,4,4,1525434
251,4,3,3,1270855
112,2,1,1,531471
232,3,3,3,1168944
69,1,1,0,305961
104,3,3,3,588899
174,4,3,3,945360
49,1,1,0,262216
183,3,3,2,931127
105,2,1,1,526619
146,3,3,2,765656
254,5,4,4,1329722
299,5,5,4,1516168
46,1,1,0,260937
297,5,4,4,1521819
96,2,1,2,490600
180,4,3,3,978292
134,1,1,1,643333
205,5,4,4,1143787
68,1,1,0,320139
228,5,5,4,1227020
220,4,3,4,1134230
278,5,5,4,1465022
260,5,4,4,1364624
75,1,1,1,402718
292,6,5,4,1547463
228,3,2,3,1115589
102,3,3,2,561550
178,3,2,2,902498
218,3,3,2,1076183
222,5,4,4,1160163
125,3,3,2,658906
296,5,4,4,1488429
70,1,1,1,375549
165,2,2,2,831511
274,4,4,4,1373513
105,3,2,2,578439
256,4,3,3,1296090
200,4,4,4,1065812
72,1,1,1,367110
287,5,5,4,1456785
158,2,2,2,803987
194,4,3,3,1042577
129,3,2,3,674809
175,3,2,2,901849
246,4,4,3,1267175
218,3,3,2,1086100
108,3,3,2,615291
47,1,1,1,258714
135,2,1,1,645389
209,5,5,4,1140730
248,5,5,4,1339343
113,2,2,2,615851
205,4,3,3,1070905
193,4,3,3,1012623
210,3,3,3,1064194
258,5,5,4,1362857
99,1,1,0,432277
73,1,1,0,338383
173,3,2,3,865969
61,1,1,0,309577
159,4,3,4,897212
69,2,2,2,427449
205,3,2,3,1000309
271,5,5,4,1434065
144,3,3,2,778538
83,2,1,1,426320
65,2,2,2,367524
127,2,1,2,631961
124,1,1,1,587917
71,1,1,1,330976
207,4,3,3,1089928
126,3,3,2,681098
158,3,3,3,831245
195,4,4,3,1013518
222,5,4,4,1162013
209,5,4,4,1121615
189,2,2,2,911703
67,1,1,1,343078
87,1,1,0,419486
78,1,1,1,410366
98,2,2,1,531548
123,1,1,1,547082
89,1,1,0,438849
173,2,1,2,821314
243,5,5,4,1286335
53,2,1,1,317636
77,1,1,1,384353
99,2,2,1,505249
269,6,5,4,1430863
125,2,1,2,645217
196,4,4,4,1025930
117,1,1,0,541933
246,3,3,2,1211240
221,4,4,3,1125748
139,3,3,2,720311
137,1,1,0,607448
79,1,1,0,392352
294,5,5,4,1523794
165,2,2,1,822990
144,3,3,3,770318
201,4,4,4,1074269
131,1,1,0,614689
158,4,4,4,874401
214,5,5,4,1167310
201,5,4,4,1113506
86,2,1,1,431451
84,1,1,0,419057
252,5,4,4,1321016
286,5,5,4,1460834
193,4,4,3,1023603
231,3,2,2,1130824
116,3,2,2,635316
119,3,3,2,643140
294,5,4,4,1486011
164,2,1,2,782234
285,6,5,4,1509501
210,3,3,3,1063921
134,3,3,3,745314
84,2,2,1,457640
252,5,5,4,1355347
291,4,3,4,1417053
162,2,2,1,761246
140,3,3,2,760326
162,4,4,3,898956
290,6,5,4,1530418
255,4,3,3,1248381
127,2,1,1,590064
130,2,1,2,653279
54,1,1,0,269238
286,6,5,4,1525618
255,5,4,4,1308991
220,5,4,4,1175786
242,4,3,3,1198661
259,5,4,4,1345986
64,1,1,1,340013
111,1,1,1,518473
67,2,1,2,401144
240,4,3,4,1200774
175,4,3,3,922564
254,5,4,4,1340274
48,1,1,1,272496
150,3,3,3,780985
124,3,3,3,720831
261,5,5,4,1390677
149,4,4,3,837062
292,5,5,4,1522137
248,5,4,4,1297868
127,1,1,1,612916
218,3,2,3,1083272
47,1,1,1,264737
267,4,3,4,1319933
234,3,2,3,1135056
191,2,1,2,898968
50,1,1,0,225202
163,3,2,3,826279
45,1,1,1,268096
249,5,5,4,1329209
147,2,1,1,706418
190,3,3,3,956830
144,4,4,3,808911
134,3,2,2,706775
195,4,3,4,1060416
173,4,4,4,979060
169,3,3,3,912554
59,2,1,2,320227
240,4,3,4,1219028
225,3,3,2,1092827
92,3,3,2,551743
136,3,3,3,729523
182,3,2,3,938707
147,3,2,3,756951
162,3,2,3,816623
99,1,1,1,484027
48,1,1,1,270276
206,5,5,4,1122184
188,4,3,3,962148
261,6,5,4,1392002
134,3,2,3,709486
49,1,1,1,271876
96,2,2,2,501465
179,3,3,3,935979
220,4,3,4,1135783
152,4,4,4,896389
250,5,5,4,1332447
112,2,1,2,591096
165,4,4,3,889558
121,3,2,2,646824
300,5,5,4,1524663
173,2,2,1,842855
128,1,1,1,596830
94,3,3,3,562456
229,4,4,3,1175785
107,2,1,1,553538
190,3,3,3,992773
273,4,4,4,1378992
119,2,2,2,627171
252,4,3,3,1249919
161,3,3,3,866758
181,4,4,4,1013381
230,5,5,4,1223051
56,1,1,1,311950
85,2,1,2,431750
93,1,1,0,405327
248,4,3,4,1266107
124,1,1,1,563831
171,3,3,2,855803
132,1,1,1,638785
211,5,5,4,1167149
272,5,4,4,1410756
267,5,5,4,1401767
161,2,2,2,786171
256,5,4,4,1302891
45,1,1,1,247749
49,2,2,2,292398
265,5,4,4,1375927
236,4,4,4,1219070
172,3,3,3,880856
179,2,2,1,856656
184,3,3,3,929120
80,1,1,1,371232
278,6,5,4,1449906
209,3,2,2,1023859
56,1,1,1,280841
109,3,2,2,574711
122,1,1,0,547807
260,5,5,4,1367388
61,1,1,0,272872
181,4,3,4,956101
143,3,3,2,737592
172,4,4,3,957740
62,1,1,0,307553
151,4,4,4,857372
126,1,1,1,588737
197,4,4,3,1071000
156,2,1,2,744467
52,1,1,0,257339
169,2,1,2,822915
124,2,1,1,584134
300,4,4,3,1450917
227,4,3,3,1154371
164,3,3,3,880850
143,2,2,2,734074
113,2,1,2,588909
269,5,5,4,1411939
140,3,3,3,750043
127,1,1,1,580777
179,3,3,2,931650
239,4,3,4,1238657
167,3,2,3,839843
299,5,5,4,1527656
209,3,2,2,991668
111,2,1,1,526215
293,5,4,4,1495021
243,5,5,4,1289609
158,2,1,1,759575
296,4,4,3,1453853
257,5,4,4,1341069
65,1,1,0,300149
94,1,1,1,435216
143,3,2,3,775496
99,2,2,2,559656
98,2,1,2,512675
217,4,4,4,1172545
206,4,4,4,1117281
265,5,4,4,1364580
175,3,3,3,905023
45,1,1,0,235922
114,2,1,2,561341
154,3,2,3,809084
124,1,1,1,572108
124,2,2,2,665102
172,3,3,3,872423
249,5,4,4,1324763
292,5,5,4,1510409
198,3,3,2,1011726
73,1,1,1,361897
106,2,1,2,516747
201,3,3,2,994619
158,3,2,3,818803
91,2,2,2,519735
246,4,3,4,1222609
288,4,4,4,1417175
249,6,5,4,1347317
146,4,4,3,836976
171,3,2,3,895106
265,5,4,4,1384023
256,6,5,4,1357683
209,4,3,4,1072892
224,5,4,4,1170741
164,3,3,2,867458
88,1,1,0,423298
120,2,1,2,617468
101,2,2,2,511690
214,4,3,3,1103610
177,4,3,3,937081
67,1,1,0,313013
147,3,2,3,786310
49,1,1,1,277249
229,3,2,3,1144646
242,4,4,3,1262636
206,5,4,4,1105233
279,4,3,3,1375495
201,4,4,4,1094984
125,1,1,1,576290
199,4,4,3,1063811
176,4,3,4,937983
122,2,2,1,589153
240,4,4,3,1232545
123,3,3,3,690036
112,2,1,1,579930
115,2,1,2,610572
119,2,2,1,607325
105,2,2,1,559649
60,1,1,1,299880
271,5,4,4,1372197
112,2,1,2,578088
163,3,2,2,819144
85,3,2,3,529662
236,4,4,4,1224254
115,2,1,1,538112
254,4,4,4,1283385
148,3,2,2,761388
295,5,5,4,1512020
252,4,4,4,1286231
64,1,1,1,350998
66,1,1,0,326749
243,3,2,3,1175406
248,5,5,4,1297510
261,5,4,4,1353581
276,4,3,3,1379234
114,3,3,3,652349
57,1,1,0,310238
277,4,4,4,1410732
128,1,1,0,596883
275,5,4,4,1429636
126,3,3,2,708548
132,2,1,1,664338
119,2,1,2,587989
203,5,5,4,1105304
112,2,1,2,539200
279,6,5,4,1481644
297,5,4,4,1504136
254,6,5,4,1352837
187,3,2,2,906116
73,1,1,0,375556
61,1,1,0,272413
100,3,2,2,575046
190,3,3,3,944348
92,2,2,2,531220
239,3,3,2,1151991
286,5,4,4,1449775
256,5,4,4,1309363
89,3,3,3,557701
207,4,4,3,1096658
299,6,5,4,1583711
164,3,2,2,807546
57,2,1,1,344800
257,6,5,4,1372314
153,2,1,2,727273
79,1,1,1,410068
48,1,1,1,255555
59,1,1,1,330445
218,5,5,4,1202913
114,3,2,3,663261
216,5,5,4,1206929
198,4,3,3,1038440
214,4,3,3,1086180
60,1,1,0,302419
244,4,3,4,1255020
206,3,3,3,1014888
299,5,5,4,1555159
199,4,4,3,1030155
236,3,2,2,1131283
57,2,1,1,314689
292,5,5,4,1521828
95,2,1,1,482105
243,3,2,3,1149485
89,2,2,1,451556
204,3,3,2,1006829
147,3,3,3,796283
208,5,4,4,1110385
125,2,1,1,618825
97,2,2,2,511163
117,2,1,1,549068
204,4,4,3,1052324
59,2,1,1,325939
72,1,1,1,342129
273,5,5,4,1445171
146,2,2,1,690289
284,4,4,4,1439657
283,6,5,4,1468018
177,3,3,2,918249
214,4,4,4,1102783
78,2,1,2,426968
281,5,5,4,1464812
110,1,1,0,496356
81,1,1,1,406901
256,5,4,4,1333812
241,3,3,2,1194540
265,6,5,4,1394343
84,3,2,3,500123
94,3,2,3,547394
80,1,1,1,396394
76,1,1,0,390347
45,1,1,1,251816
194,5,5,4,1073278
207,4,4,4,1118441
221,3,2,3,1109750
110,2,1,2,589052
72,1,1,0,371842
189,2,1,2,907820
246,4,4,4,1260206
267,5,4,4,1357514
141,4,4,4,804310
192,3,2,2,922101
53,1,1,1,259498
88,2,2,2,514161
262,5,5,4,1381579
275,6,5,4,1437176
262,4,4,3,1334070
182,4,4,3,953881
292,5,4,4,1498652
85,2,2,2,476878
85,1,1,1,426331
84,2,1,2,455863
50,2,2,2,333615
214,5,5,4,1162753
130,1,1,1,578025
287,5,4,4,1485411
58,1,1,0,264911
84,2,2,1,464156
188,3,3,2,967190
102,2,1,2,520633
134,2,1,2,642649
61,1,1,0,308229
123,3,3,3,676194
270,5,4,4,1364560
180,2,1,1,839409
249,6,5,4,1364699
164,4,4,4,908011
119,3,2,3,678052
274,6,5,4,1427180
226,5,5,4,1211916
181,2,2,2,876419
168,3,3,2,855130
50,1,1,0,249951
95,1,1,1,441379
190,3,2,2,910553
92,1,1,0,445804
106,1,1,1,516217
139,2,1,2,671104
284,4,4,4,1445220
263,5,5,4,1400766
82,1,1,1,397866
215,3,3,3,1058660
270,4,4,3,1360996
246,4,4,3,1229628
265,5,4,4,1386884
177,2,1,1,801014
173,4,3,4,920355
45,1,1,1,226935
213,5,4,4,1152935
268,6,5,4,1395816
241,5,4,4,1261052
200,5,4,4,1090943
219,3,3,3,1106253
148,3,2,3,790901
142,3,3,2,766728
228,5,4,4,1232790
142,3,2,2,709062
167,4,4,3,940352
202,5,5,4,1095827
218,3,3,2,1071175
105,2,2,1,560565
164,2,1,1,773840
54,2,1,1,325760
111,1,1,0,538487
202,3,3,2,1032145
77,1,1,1,390392
157,2,1,2,749508
250,5,4,4,1298075
154,2,1,2,718943
106,2,1,2,524213
234,4,4,3,1207941
65,1,1,1,351964
125,1,1,0,538416
48,1,1,1,256877
288,5,4,4,1478531
183,4,4,3,967039
64,1,1,0,322903
199,4,4,3,1059350
165,3,2,2,844561
230,4,4,3,1171115
72,1,1,0,360308
287,6,5,4,1519318
67,1,1,1,323135
267,5,5,4,1369238
98,1,1,0,476078
59,2,1,1,359459
165,4,4,4,908025
211,4,3,4,1085127
95,2,2,1,494610
157,2,2,2,748961
268,5,4,4,1364269
243,4,3,4,1251774
144,3,3,2,755812
110,1,1,1,498945
101,3,3,3,579419
220,4,4,3,1162743
132,2,1,2,678562
295,5,5,4,1502295
52,2,1,1,292849
267,5,4,4,1375779
67,1,1,0,322298
246,5,4,4,1292659
168,2,1,2,787887
112,2,2,1,583843
91,1,1,1,420803
280,4,4,4,1428582
115,3,2,3,650078
282,4,3,4,1426952
215,3,3,3,1096341
183,3,2,3,942818
73,1,1,0,344697
232,5,4,4,1225414
134,1,1,0,597749
167,2,2,1,821759
160,3,3,3,849001
261,5,4,4,1347632
221,5,5,4,1204012
194,5,5,4,1072143
279,4,3,4,1414647
136,2,1,1,634998
186,2,1,2,859063
149,2,2,2,756521
112,3,3,3,643488
55,1,1,0,245444
163,3,3,3,871575
212,5,5,4,1155328
112,2,1,2,553262
292,5,5,4,1481121
225,4,4,3,1172542
127,2,1,1,641406
123,2,1,1,572296
207,4,4,4,1095626
139,3,2,3,732334
120,2,2,1,609972
199,3,2,3,994529
119,3,3,2,629081
214,4,4,4,1150224
120,3,3,2,680948
290,4,3,3,1407190
57,2,1,2,330822
92,2,1,1,477635
158,3,2,2,780078
273,4,4,3,1365743
207,3,3,3,1023095
263,5,5,4,1350398
190,3,3,3,971201
89,2,2,2,512470
271,5,4,4,1412949
257,5,4,4,1320017
200,5,5,4,1123710
237,3,2,3,1163264
184,4,3,4,1003346
115,2,1,2,569970
296,4,4,4,1477581
282,5,4,4,1421494
179,3,3,2,923648
192,4,3,4,1049827
170,2,1,2,814312
79,1,1,1,416707
177,4,3,4,960988
53,1,1,0,245177
208,5,4,4,1111302
72,1,1,1,372097
227,3,3,3,1132108
84,2,1,1,445040
130,2,2,2,649790
230,3,3,2,1095845
115,2,2,2,596000
219,4,3,3,1098928
158,3,2,3,819778
84,1,1,0,397225
223,4,4,3,1177145
271,5,4,4,1367084
105,2,1,1,539091
161,3,2,2,795733
85,3,2,2,469232
292,6,5,4,1503465
61,1,1,0,328741
174,2,1,2,842550
50,1,1,0,261509
147,3,3,2,752349
119,2,2,2,596322
168,2,1,1,793257
156,3,3,2,843291
47,1,1,1,249416
139,4,3,3,807505
226,5,5,4,1227901
161,4,3,4,868301
283,4,3,4,1422556
229,4,3,3,1152303
297,4,4,4,1479346
204,5,4,4,1102844
264,5,4,4,1380307
233,4,3,4,1206646
98,3,3,2,548413
118,3,3,2,673190
131,1,1,0,585392
147,4,3,3,841326
262,6,5,4,1419965
249,5,5,4,1322554
187,3,3,2,922407
173,4,4,3,954780
113,1,1,0,542015
79,2,1,1,409876
212,4,4,3,1127218
84,3,3,2,501038
299,6,5,4,1578850
54,1,1,0,264941
275,5,5,4,1430124
63,1,1,1,350579
129,3,3,2,691277
244,5,4,4,1295058
285,6,5,4,1492649
179,4,4,4,1004031
190,3,2,2,947696
68,1,1,1,366654
58,1,1,0,284659
221,4,4,4,1133899
170,3,2,3,878832
88,1,1,0,404724
131,1,1,0,593406
261,6,5,4,1411810
285,4,4,4,1436378
244,4,3,4,1215357
150,3,3,3,784920
198,4,4,3,1051168
83,2,2,2,437715
197,5,4,4,1101435
93,2,2,1,498721
288,6,5,4,1531743
84,2,2,2,482280
205,4,4,4,1079466
277,5,4,4,1428204
300,5,5,4,1546807
267,4,3,4,1335709
120,2,1,2,627320
267,6,5,4,1432945
149,4,4,4,870139
127,2,1,2,617029
103,2,1,1,501694
203,5,5,4,1125257
63,1,1,1,301541
59,1,1,0,303024
66,2,1,1,386533
87,2,2,1,495420
253,5,4,4,1344637
116,2,1,1,574407
173,4,3,3,934909
107,2,2,2,588211
165,4,3,3,869000
134,2,2,2,675563
175,2,2,2,866850
102,2,2,2,559143
171,3,2,3,875344
233,4,3,3,1202746
72,1,1,1,350668
230,3,2,3,1117458
49,2,2,2,297714
165,3,2,2,832760
207,5,4,4,1153183
86,3,3,3,560326
215,5,4,4,1175775
178,2,2,2,873060
212,5,4,4,1159433
139,4,3,3,779057
147,3,3,2,753663
125,2,1,2,644946
208,5,5,4,1135683
133,2,2,1,635131
257,5,4,4,1363835
238,4,3,3,1205203
162,2,2,1,768556
131,1,1,1,617547
178,3,2,3,884749
105,1,1,1,523215
298,4,3,3,1433087
181,3,3,3,912732
265,5,4,4,1387625
141,4,3,4,828134
119,1,1,1,543232
275,5,5,4,1405618
50,2,1,2,323417
248,5,5,4,1334841
176,2,1,1,795615
215,4,4,4,1144739
68,1,1,1,333425
247,4,3,3,1244442
136,2,1,2,661428
284,5,4,4,1466347
266,5,5,4,1382730
67,1,1,1,358409
229,5,5,4,1246969
180,3,3,2,905679
296,5,5,4,1500581
121,1,1,0,523550
285,5,4,4,1452601
104,3,2,3,586164
293,6,5,4,1556032
120,1,1,0,530351
190,3,2,3,960912
153,2,1,2,715635
171,4,3,4,903901
190,2,2,2,922688
99,2,1,1,474112
280,6,5,4,1484941
47,1,1,1,246693
111,2,1,2,555379
73,1,1,0,345739
175,3,2,3,866845
55,1,1,1,310084
251,5,4,4,1300765
296,6,5,4,1536730
94,2,1,2,491992
243,5,5,4,1271512
261,5,4,4,1364532
263,4,3,4,1318977
159,3,3,2,815851
284,6,5,4,1482486
121,2,2,1,613481
263,5,4,4,1334555
100,3,3,2,579451
174,3,3,2,910174
53,1,1,0,287122
138,4,3,3,775879
197,4,4,4,1070282
180,3,2,2,879129
85,2,1,2,460020
54,1,1,0,240671
132,3,3,3,755336
294,5,5,4,1532532
199,3,2,2,947709
142,2,1,1,705696
58,1,1,0,299181
168,4,3,3,894320
282,5,5,4,1430829
104,2,1,2,536588
286,4,4,3,1401394
195,5,4,4,1046516
97,3,3,3,599705
193,3,3,3,986457
294,5,4,4,1489456
206,3,3,3,1067470
287,4,4,4,1436781
268,4,3,4,1357192
143,4,4,4,817811
157,3,3,2,846279
195,5,5,4,1116164
286,5,4,4,1473465
89,3,2,2,497873
125,3,2,3,683356
200,4,3,3,1010188
228,4,4,3,1156050
61,1,1,1,291669
161,2,1,2,761096
219,4,3,4,1162541
122,1,1,1,592762
279,4,3,3,1394776
66,1,1,0,347273
150,3,2,3,802410
271,6,5,4,1450607
231,4,3,3,1194813
148,4,4,3,824677
287,5,5,4,1455985
181,3,3,3,945451
170,3,3,2,852043
264,6,5,4,1434662
230,3,3,2,1145472
50,1,1,1,258631
250,5,5,4,1320773
63,1,1,1,320079
250,5,5,4,1295517
188,3,3,3,975797
150,4,4,4,882816
146,3,2,2,759421
216,5,4,4,1148207
92,2,2,1,458934
59,1,1,1,323412
261,4,3,4,1297223
226,3,2,2,1089608
197,3,3,3,986872
164,3,3,3,876507
116,3,2,2,619685
143,3,3,2,739204
262,6,5,4,1374475
262,5,5,4,1374639
84,2,2,2,495948
180,4,4,4,1003155
295,6,5,4,1542147
110,3,3,2,637171
105,2,2,2,529136
125,2,1,2,600230
106,2,2,1,550460
123,1,1,1,569140
200,4,4,3,1078852
118,2,2,1,625205
201,4,3,3,1066882
295,4,3,4,1427427
67,2,2,2,404477
276,5,5,4,1458887
112,2,2,2,600126
274,5,5,4,1448216
254,6,5,4,1359016
68,2,2,1,413351
129,1,1,0,596999
88,2,1,1,471788
288,4,3,3,1379843
185,3,2,3,908547
209,5,4,4,1161290
56,1,1,0,275393
57,1,1,1,273365
103,1,1,1,470039
138,3,2,2,710706
253,5,4,4,1301492
58,1,1,1,278071
208,4,4,4,1092503
237,3,2,2,1122103
166,4,4,3,901848
76,1,1,1,351489
292,4,4,3,1473282
54,1,1,0,289802
109,2,2,2,549299
149,3,3,2,806050
170,4,4,3,901065
282,5,4,4,1415343
291,5,5,4,1490230
153,3,2,2,802043
80,1,1,1,409772
107,2,2,2,549218
207,4,4,4,1089292
170,3,3,2,873133
213,3,2,2,1045497
288,4,3,3,1405677
295,6,5,4,1544300
60,2,1,2,373266
237,4,4,3,1237394
49,1,1,1,246447
272,4,3,3,1361103
188,3,2,2,954095
200,4,3,4,1047789
63,1,1,0,278067
145,4,3,4,830296
297,5,4,4,1478683
110,1,1,1,527349
161,3,2,2,832615
174,4,3,4,956806
71,1,1,1,344159
107,3,3,3,627298
67,1,1,1,336929
274,5,4,4,1390553
216,3,2,2,1063390
261,4,3,3,1275979
213,4,3,3,1065426
290,6,5,4,1543083
173,3,2,3,868221
219,3,3,2,1053578
269,4,4,3,1322405
76,1,1,1,405532
78,1,1,1,359190
199,5,4,4,1107204
73,1,1,1,360924
94,3,2,2,535514
241,5,5,4,1279457
58,2,2,1,321678
97,1,1,0,479668
109,2,2,2,575348
272,5,4,4,1421633
67,1,1,1,347707
268,5,5,4,1380260
285,5,5,4,1466171
49,1,1,0,252033
72,2,2,1,386531
148,2,2,1,736368
288,6,5,4,1519976
198,5,5,4,1083471
277,4,4,3,1350642
159,3,3,2,812464
291,5,5,4,1493434
139,2,2,1,659632
228,3,2,2,1087643
270,5,5,4,1380945
146,3,3,2,756548
179,3,3,2,892500
145,2,1,2,736680
96,1,1,1,474117
101,2,1,2,522097
167,3,3,2,864932
267,4,3,3,1348250
111,2,1,2,579705
236,4,4,3,1181227
141,3,2,3,734398
72,1,1,1,344112
86,3,2,2,505532
243,4,4,4,1234330
209,4,4,4,1110848
182,4,3,3,947786
148,4,3,4,819925
201,5,5,4,1144409
236,4,3,3,1209458
88,2,2,2,470684
66,2,2,2,392766
284,6,5,4,1515524
299,5,5,4,1502419
136,3,2,3,739493
83,2,1,2,471820
85,2,1,1,417771
81,1,1,0,375073
145,3,3,3,801838
185,3,2,3,903559
198,4,4,4,1060191
51,2,1,2,297114
161,3,3,2,839005
284,6,5,4,1483317
141,4,4,3,807949
275,4,4,3,1379847
110,2,1,2,583110
226,4,3,4,1161099
251,5,5,4,1336396
61,1,1,1,321436
245,5,4,4,1260175
242,4,4,3,1224950
276,5,4,4,1393036
135,1,1,0,592235
146,2,2,2,712693
164,3,2,3,818565
233,3,2,3,1160941
255,6,5,4,1349463
259,6,5,4,1417017
150,3,2,3,784324
288,5,5,4,1487530
279,5,4,4,1408151
273,4,4,3,1368062
213,5,5,4,1177357
65,1,1,1,323726
197,5,4,4,1070727
136,3,3,3,774892
138,2,2,1,666308
125,2,2,1,641747
156,4,4,3,866365
84,1,1,1,410352
129,2,1,1,625088
58,1,1,1,294121
249,5,5,4,1291503
173,2,1,2,838528
282,6,5,4,1459809
169,4,3,4,947567
187,3,2,2,936179
96,2,2,1,509239
245,4,3,3,1242392
184,3,3,3,928461
155,2,1,2,764661
69,1,1,1,346897
71,1,1,1,376473
148,3,3,2,763706
91,1,1,0,396154
217,4,3,3,1138221
94,2,1,1,475042
100,2,2,1,531938
151,4,4,3,836431
154,2,2,2,744178
52,2,2,1,314905
153,4,3,3,854720
187,3,2,2,954429
156,4,4,4,863872
132,2,1,2,663744
243,4,4,3,1249238
207,5,4,4,1097556
274,6,5,4,1436044
55,1,1,0,292359
264,5,4,4,1344814
236,5,5,4,1246139
237,4,3,3,1211933
272,5,4,4,1390210
65,2,2,1,359008
214,4,3,3,1103144
72,1,1,1,364575
209,4,4,3,1069034
296,4,3,3,1453773
117,2,1,1,555782
149,3,2,3,799312
284,5,4,4,1435851
262,5,4,4,1346100
274,5,5,4,1401043
229,5,5,4,1237648
270,6,5,4,1457713
291,4,4,4,1480170
87,2,1,1,435261
239,5,5,4,1267361
237,5,4,4,1231355
285,5,4,4,1424273
51,1,1,1,269451
247,4,4,4,1259572
81,2,1,1,418419
128,2,2,2,674145
223,5,5,4,1224257
242,5,4,4,1274708
62,1,1,0,290526
278,5,5,4,1452062
127,1,1,0,588631
241,5,4,4,1296609
261,5,5,4,1386540
199,5,5,4,1130113
90,1,1,0,408630
152,4,4,3,836436
296,4,3,3,1462908
258,6,5,4,1364782
135,2,1,1,632977
294,5,4,4,1498964
153,3,2,2,802746
138,3,3,3,752483
100,2,1,2,493616
238,3,3,2,1151023
60,1,1,1,324092
96,1,1,1,480469
48,1,1,0,248831
48,2,2,2,318613
217,5,5,4,1201086
220,4,3,4,1151586
249,6,5,4,1373018
214,3,2,3,1081851
250,5,4,4,1333951
188,3,3,3,974124
288,6,5,4,1521416
209,3,3,2,1059724
211,5,4,4,1139425
86,2,2,2,490344
96,3,3,2,578857
118,1,1,1,575820
89,2,2,1,503547
273,4,4,3,1349548
153,3,2,2,782101
59,1,1,1,326020
188,3,3,3,992419
108,2,2,1,576736
215,4,3,4,1111707
240,5,4,4,1251979
104,2,1,1,495641
219,4,3,4,1112150
205,5,4,4,1092055
142,4,4,4,848946
231,4,3,3,1165107
49,2,2,1,330287
196,4,4,4,1034861
190,3,2,3,944243
108,2,2,1,557041
194,5,4,4,1051807
152,3,2,2,805549
294,6,5,4,1506213
245,4,4,4,1253826
245,5,4,4,1274505
144,4,3,3,794995
72,1,1,0,353224
115,3,3,3,685800
119,2,1,1,600989
49,1,1,0,243477
263,5,4,4,1354903
287,5,4,4,1466179
218,5,4,4,1158656
62,1,1,1,320422
199,4,4,3,1073769
282,6,5,4,1478472
50,1,1,0,230998
295,5,4,4,1483938
93,2,2,2,518844
267,5,4,4,1369714
77,1,1,0,362207
295,4,3,3,1451160
105,2,1,1,530354
273,5,4,4,1382042
150,3,2,3,811800
62,1,1,1,312226
132,3,2,2,685100
68,1,1,0,336418
296,5,5,4,1533284
95,1,1,0,424325
117,2,1,1,583862
155,3,3,2,827782
261,4,4,4,1323220
128,3,3,2,683257
262,5,4,4,1368659
182,3,3,2,920904
123,2,2,2,604298
171,2,2,1,824030
101,3,2,3,592154
90,2,2,2,473589
160,3,2,2,807717
158,4,3,3,844116
201,5,4,4,1117105
189,3,2,2,915990
207,5,4,4,1149227
251,6,5,4,1324822
124,2,1,2,625995
181,2,2,1,875647
259,6,5,4,1380999
284,5,5,4,1471917
162,3,2,3,833041
205,3,2,2,1019838
167,2,1,1,759943
191,4,3,4,1030570
114,3,3,2,634372
52,1,1,1,292445
221,4,3,4,1123244
160,3,2,3,853011
113,2,1,2,575073
239,4,4,3,1212948
172,2,2,2,840062
195,4,3,3,1036367
246,4,4,3,1250546
294,4,4,3,1462139
280,5,5,4,1428023
47,1,1,1,248634
49,1,1,1,246746
88,2,2,1,500441
294,4,3,4,1433617
285,6,5,4,1490887
264,5,5,4,1382542
269,5,4,4,1405761
267,4,4,3,1315652
142,3,2,2,733256
260,5,4,4,1362660
146,4,4,3,827796
295,6,5,4,1558223
249,6,5,4,1322869
55,1,1,1,291768
51,1,1,1,270358
49,2,2,2,310295
293,4,4,3,1458075
123,2,1,2,634848
103,2,1,2,513603
287,4,3,3,1430424
121,2,1,1,587498
64,1,1,0,309738
54,1,1,0,264726
253,5,4,4,1311631
263,6,5,4,1416796
71,1,1,1,350027
188,3,3,2,939561
69,1,1,0,306216
209,4,4,4,1098160
96,3,2,3,561396
231,4,4,3,1163549
51,1,1,1,290781
230,4,3,4,1163764
241,3,2,2,1164458
106,1,1,0,504380
273,4,3,4,1350357
287,5,4,4,1440777
143,4,4,4,861249
232,5,4,4,1205837
292,6,5,4,1535666
185,3,3,2,943104
76,1,1,1,392072
83,2,2,2,471463
244,5,5,4,1281862
46,1,1,0,263816
278,5,5,4,1432022
182,2,1,1,820389
166,3,2,2,866107
187,3,3,2,956501
172,3,2,2,875909
222,4,4,3,1165633
180,3,3,3,921275
74,1,1,0,371672
188,3,3,2,953818
99,3,3,2,598332
271,5,5,4,1396564
247,4,4,3,1272228
267,5,4,4,1354540
298,5,5,4,1550051
135,2,2,1,680438
189,2,2,1,922815
135,3,2,2,687405
81,2,1,2,467780
251,4,3,3,1262737
96,3,3,2,539411
51,1,1,0,277670
87,2,1,1,470330
49,1,1,0,232059
116,3,3,2,636344
214,5,4,4,1129461
181,2,1,1,819938
196,3,3,2,952279
159,2,1,2,761056
120,2,2,1,632605
241,3,3,2,1148417
159,2,2,2,758799
215,3,3,2,1090693
67,1,1,1,344165
216,4,4,3,1152731
199,4,4,3,1040566
300,5,5,4,1556698
46,1,1,1,230884
244,5,5,4,1277216
263,5,4,4,1352771
110,2,2,2,568926
298,6,5,4,1561035
215,4,3,4,1114437
299,6,5,4,1531279
260,5,4,4,1342704
46,1,1,1,257793
287,5,4,4,1492127
223,4,3,4,1150772
118,3,2,2,660852
159,2,1,1,766398
118,3,2,3,645958
72,1,1,1,385282
125,1,1,1,562258
85,2,1,1,447301
258,5,4,4,1359329
116,2,2,2,620553
217,5,4,4,1145691
124,1,1,0,566783
127,1,1,1,605958
277,5,5,4,1436165
125,2,1,2,601200
153,4,3,3,837309
139,2,2,2,690325
252,6,5,4,1381047
235,5,4,4,1221104
98,1,1,1,441438
167,3,2,2,816680
153,2,2,1,749755
148,2,1,2,695173
67,2,1,1,355016
92,2,1,2,503662
189,4,3,4,1027072
245,4,3,3,1219713
253,4,3,3,1270081
240,5,4,4,1245565
122,3,2,2,670485
163,3,2,2,828474
219,5,4,4,1165860
229,5,4,4,1204470
151,2,1,2,708583
52,1,1,0,264096
93,3,3,2,538972
127,1,1,1,584558
90,1,1,1,422904
287,5,5,4,1458524
294,4,4,4,1463075
254,5,5,4,1345385
205,4,3,4,1078157
275,5,4,4,1430564
170,2,1,1,786048
237,4,4,3,1197017
243,5,4,4,1278131
284,6,5,4,1474614
100,3,3,2,575314
213,3,3,3,1078207
293,5,5,4,1493843
277,4,3,4,1356936
154,3,2,3,776889
230,5,5,4,1214544
153,2,2,2,745119
135,1,1,0,597950
252,4,4,4,1317500
259,5,5,4,1387230
72,1,1,1,379760
197,4,3,4,1038866
291,6,5,4,1515445
244,3,2,2,1183164
119,2,2,1,580663
279,5,5,4,1424245
253,5,4,4,1344159
109,3,2,2,583127
141,4,3,4,790364
223,4,3,3,1129865
231,3,3,3,1147104
108,3,3,3,624495
225,4,4,4,1154430
135,3,3,3,722593
128,3,3,3,736983
268,5,4,4,1405418
98,1,1,1,446394
299,4,4,3,1486559
193,5,4,4,1088513
277,6,5,4,1489521
285,4,4,4,1426062
247,3,3,2,1199663
190,3,3,3,996950
257,5,4,4,1308541
52,1,1,1,301500
207,4,3,4,1069248
245,4,4,3,1268516
264,5,5,4,1380218
207,4,4,3,1062925
109,1,1,1,540675
126,2,1,1,588312
58,2,1,1,298423
85,3,2,2,497734
228,4,3,3,1146059
144,3,3,3,792005
71,1,1,0,352319
56,1,1,1,302252
107,1,1,1,494570
137,1,1,1,658753
230,4,4,3,1185180
56,2,1,2,344204
84,2,2,2,497108
205,5,4,4,1107579
50,1,1,0,245466
222,5,4,4,1193593
175,2,1,1,823124
56,1,1,1,270722
156,2,2,1,740602
87,2,2,2,482960
147,2,2,2,734008
298,6,5,4,1537990
133,2,2,2,651343
204,4,3,4,1069207
273,6,5,4,1457423
100,3,3,2,586168
225,4,3,4,1139960
62,1,1,1,327976
225,5,4,4,1183790
210,5,4,4,1125077
82,1,1,1,381905
205,3,2,3,1032107
50,1,1,1,275189
209,4,3,4,1080386
153,3,2,3,815541
83,3,3,3,545906
208,4,3,3,1095207
297,6,5,4,1545006
106,1,1,0,497615
212,5,4,4,1136080
54,1,1,1,263389
251,4,3,4,1280456
53,1,1,0,289985
257,5,5,4,1373793
222,5,4,4,1191762
69,2,2,2,408131
107,2,1,1,517081
69,1,1,0,323958
268,5,4,4,1365127
233,3,2,3,1162489
67,1,1,1,314317
180,3,3,3,945787
132,2,2,1,633676
208,4,4,4,1119393
107,2,2,2,553785
209,5,4,4,1122089
196,3,3,2,995419
150,2,1,2,701949
153,2,1,2,764241
242,4,4,3,1225711
151,3,3,3,821145
123,1,1,0,553431
242,5,4,4,1255717
80,1,1,0,393975
202,3,2,3,1031822
99,1,1,0,487395
280,5,5,4,1452210
276,5,5,4,1440264
88,2,2,1,450471
248,6,5,4,1340523
184,3,2,2,926308
240,5,4,4,1247415
251,5,5,4,1333188
266,4,3,3,1293479
157,2,1,1,750098
181,3,2,2,889252
160,4,4,4,880639
157,3,3,2,799608
149,3,3,3,817895
46,1,1,1,269637
201,4,3,4,1072859
80,1,1,1,422973
278,5,4,4,1422644
216,3,2,3,1090954
84,2,1,2,451852
45,2,1,2,264168
68,1,1,0,333024
130,2,1,1,618962
216,5,5,4,1187963
176,4,4,4,971264
51,1,1,1,300616
292,4,4,3,1423092
255,5,4,4,1330625
60,1,1,1,293520
90,2,2,1,466951
275,5,5,4,1458195
214,5,5,4,1164071
142,2,2,1,695807
277,5,5,4,1408946
300,5,5,4,1539287
193,4,4,4,1031491
78,1,1,1,358283
156,3,2,2,798205
201,3,3,3,1031470
45,1,1,0,224951
190,3,2,3,933348
145,4,3,4,807343
61,2,2,1,380396
242,5,5,4,1319925
178,3,3,2,913556
268,5,4,4,1368985
114,3,2,3,624788
88,2,2,1,465239
268,4,3,4,1355090
205,4,4,4,1091027
283,6,5,4,1460413
58,2,1,1,336918
199,4,4,3,1063490
195,3,3,2,974407
48,2,2,1,278148
73,1,1,1,373550
94,2,2,2,537443
76,1,1,0,366033
118,3,2,2,665258
124,2,2,1,644596
293,5,4,4,1457602
123,1,1,0,542988
98,3,2,3,563205
73,1,1,1,366301
139,3,3,3,784115
108,3,2,2,576711
117,2,1,1,575605
290,5,5,4,1501585
297,5,5,4,1517685
99,3,3,3,569510
59,1,1,0,297776
244,3,3,2,1196077
272,4,4,3,1360064
279,5,4,4,1422245
152,3,3,2,778835
122,2,2,2,645270
116,2,2,2,577670
292,6,5,4,1534151
177,3,3,3,925705
251,4,3,3,1279038
126,2,1,1,614930
288,5,4,4,1443509
134,3,3,2,695858
173,2,1,1,808536
236,3,2,3,1124255
275,6,5,4,1437826
174,4,4,4,947578
148,3,3,2,756237
57,1,1,0,305484
116,1,1,1,552443
81,1,1,1,380660
151,4,4,4,876732
115,1,1,1,551990
237,3,2,2,1157674
197,3,2,3,968510
71,1,1,0,365026
193,4,4,4,1017053
125,2,1,1,633915
204,5,4,4,1121992
286,5,4,4,1450354
260,5,4,4,1377197
75,1,1,1,392633
76,1,1,0,384999
63,1,1,1,331800
86,3,2,3,534604
66,1,1,1,338466
160,3,3,3,835884
161,2,1,1,779899
145,4,3,4,796417
243,5,4,4,1293562
263,5,4,4,1339332
233,4,3,4,1191208
74,1,1,0,362375
50,1,1,0,275544
52,1,1,0,235112
109,3,2,3,586665
205,4,3,4,1053501
248,6,5,4,1316605
173,3,3,3,929427
157,4,4,4,912531
194,4,4,4,1062529
98,1,1,1,485835
293,5,4,4,1517372
115,2,2,1,562044
235,4,3,3,1201766
270,6,5,4,1436696
62,1,1,1,308087
88,1,1,1,430063
54,2,2,2,315710
159,3,3,2,840048
265,4,4,3,1335490
223,3,3,3,1133700
155,2,2,2,793737
263,4,3,4,1335870
192,4,4,4,1019052
240,5,4,4,1294487
52,1,1,0,247779
196,4,4,3,1050540
185,3,3,3,972277
51,1,1,1,296988
180,3,3,3,901131
270,4,4,3,1344509
290,5,5,4,1500982
85,2,2,1,456864
137,2,2,2,718354
298,5,4,4,1488227
70,1,1,0,319075
270,5,4,4,1364985
177,3,2,3,904818
67,1,1,0,299477
272,4,3,3,1324772
211,4,4,3,1115266
263,5,4,4,1353000
229,4,4,4,1194646
195,3,2,3,947923
193,4,3,3,1019513
153,3,3,2,796427
61,1,1,0,274266
159,4,3,3,876587
286,6,5,4,1483981
195,4,4,3,1058363
230,4,4,4,1217033
104,2,2,2,546516
85,2,1,2,467816
292,5,5,4,1486457
109,2,2,1,568485
178,3,3,3,899330
86,3,3,2,527949
298,5,4,4,1479616
130,1,1,1,624168
285,4,3,3,1420647
265,4,3,3,1290675
243,5,5,4,1291966
168,3,2,3,890413
217,3,2,2,1070814
226,5,5,4,1242742
268,5,5,4,1418666
138,2,1,1,671499
234,5,5,4,1256543
135,2,1,1,639487
297,5,4,4,1493094
210,5,5,4,1136384
66,1,1,1,342892
205,3,3,3,1015852
105,2,2,2,555764
159,3,3,3,851525
99,2,2,1,493089
150,3,2,2,799369
144,2,2,1,700018
149,3,3,3,803937
109,3,3,2,633740
106,3,3,3,606439
89,2,2,1,467981
85,2,1,2,435271
216,4,4,3,1140521
206,3,3,2,1040409
207,4,3,3,1054516
115,3,2,2,611385
285,5,5,4,1490074
299,5,4,4,1524400
90,2,1,2,450408
296,5,4,4,1497604
179,4,3,4,967534
137,2,1,2,687176
293,6,5,4,1536213
291,5,4,4,1456564
192,4,4,4,1024613
262,4,3,4,1305299
103,2,2,1,554304
292,6,5,4,1498298
193,4,3,4,998584
210,4,4,4,1109649
271,6,5,4,1467992
72,1,1,0,337671
68,1,1,1,328103
130,2,1,2,622468
55,1,1,0,295146
215,4,3,3,1105990
152,3,2,2,804328
247,4,4,3,1284080
236,4,4,3,1214438
172,2,1,1,824887
97,3,3,2,546685
189,3,2,2,946189
171,2,2,1,842480
238,5,4,4,1283090
88,1,1,1,398920
52,1,1,1,259132
204,4,4,3,1063601
185,4,3,3,963319
286,6,5,4,1477298
158,4,4,4,884239
170,4,3,4,945681
246,4,3,4,1231884
57,2,1,2,331636
289,4,4,4,1425222
87,1,1,0,435077
295,5,4,4,1492423
287,5,4,4,1448916
255,5,5,4,1318392
209,5,4,4,1150045
152,4,4,4,883130
165,3,3,3,870713
86,1,1,0,398820
110,1,1,0,485891
146,4,3,3,840232
262,6,5,4,1379566
259,6,5,4,1365505
267,5,5,4,1406711
235,4,3,4,1205291
149,3,3,3,800135
152,3,2,2,783765
287,4,4,4,1419145
121,3,2,2,639636
141,3,2,3,739894
93,1,1,0,407975
224,4,4,3,1140424
185,3,3,3,945069
251,5,4,4,1320039
123,1,1,1,556286
179,2,1,2,841437
186,4,3,3,950375
163,3,2,2,804993
129,3,2,3,672897
71,1,1,1,369771
286,5,5,4,1461979
246,5,5,4,1301464
204,4,3,3,1036686
187,3,3,3,961518
173,2,2,2,824266
57,1,1,1,315142
262,5,4,4,1351923
136,1,1,1,622857
144,2,2,2,696967
233,4,3,4,1164797
185,4,4,3,1009580
174,3,2,2,898369
286,6,5,4,1502227
98,1,1,0,464768
123,2,1,1,597097
106,1,1,0,478793
94,2,1,1,469601
207,4,4,3,1099948
251,6,5,4,1336844
120,2,1,1,586058
67,1,1,1,320735
46,1,1,1,228914
219,5,4,4,1152577
104,1,1,0,461967
207,3,2,2,994655
236,5,4,4,1238370
142,3,3,2,750258
191,3,3,2,968230
206,5,4,4,1110078
147,3,3,3,807115
270,5,4,4,1384275
231,4,4,3,1159607
242,4,3,4,1223135
192,3,3,3,956347
152,3,2,3,781494
61,1,1,1,293362
284,5,5,4,1480942
62,1,1,1,345372
49,1,1,1,255735
217,3,2,3,1057472
128,3,2,2,677370
278,6,5,4,1492263
169,3,3,3,885424
250,5,4,4,1327015
100,3,3,3,601846
250,4,3,3,1238698
146,3,2,3,790879
72,1,1,0,367926
222,5,5,4,1207585
45,1,1,0,221744
202,3,2,2,1015614
149,4,3,3,804901
236,3,3,2,1142791
96,3,3,2,592023
286,6,5,4,1521207
94,3,2,3,570806
113,3,3,3,672325
262,6,5,4,1402401
58,1,1,0,280791
230,4,3,4,1209938
84,2,1,2,433118
67,1,1,1,315485
218,5,4,4,1152479
190,3,3,3,944282
178,4,3,3,942697
99,3,2,3,586761
96,3,2,2,535107
110,3,3,2,622859
250,6,5,4,1347851
177,2,2,2,880583
287,5,5,4,1501878
136,3,3,2,710055
48,1,1,0,248344
277,6,5,4,1451862
65,1,1,1,325058
70,1,1,1,344115
196,3,3,2,971417
227,5,4,4,1201675
197,3,2,3,1001366
63,2,1,1,323108
93,2,1,2,486852
185,3,3,2,960104
279,4,3,4,1380231
64,1,1,1,330395
85,2,2,2,469262
56,1,1,0,303044
266,4,3,4,1321070
169,2,2,2,809903
268,5,4,4,1385470
68,2,1,2,371470
47,2,1,1,301652
257,5,5,4,1354706
207,3,2,2,981584
211,4,3,4,1117920
280,6,5,4,1477169
51,1,1,1,264899
272,5,5,4,1401204
132,3,3,3,700514
85,3,3,2,499602
234,4,4,4,1214389
284,4,3,3,1402711
225,5,5,4,1239242
190,4,3,4,1017231
112,3,2,2,607335
156,3,2,3,792906
126,3,3,3,722435
156,4,4,4,907695
230,3,3,3,1124752
251,6,5,4,1378341
275,5,4,4,1400901
46,1,1,0,250984
95,3,3,3,569889
141,2,1,1,685157
86,3,2,3,527164
172,3,3,2,875667
56,2,1,1,318200
233,4,3,4,1209313
147,3,2,3,747647
60,1,1,1,296059
272,5,4,4,1402182
101,2,1,1,507491
80,1,1,1,420823
285,6,5,4,1484041
106,1,1,1,527447
75,1,1,0,351814
249,6,5,4,1322591
119,2,1,1,576816
256,5,4,4,1354337
292,5,5,4,1493028
82,2,2,1,465009
178,3,3,3,913270
275,5,5,4,1449894
116,2,2,1,572684
234,4,4,4,1231713
126,2,2,2,659323
195,4,3,3,1027809
194,5,5,4,1061635
153,3,2,2,770601
231,5,5,4,1237758
124,2,2,2,663515
293,5,5,4,1507319
239,3,2,3,1144534
203,4,3,3,1039839
106,2,2,2,561302
51,1,1,1,285731
61,2,1,2,357454
79,1,1,0,374070
171,3,3,2,892400
170,3,3,2,845636
181,3,2,2,919259
77,1,1,0,350013
161,3,3,3,826640
71,1,1,0,342545
104,3,2,3,575736
96,2,2,2,526511
49,2,1,2,324747
144,4,3,4,838250
253,5,5,4,1329137
292,5,5,4,1528236
172,3,3,3,907420
270,4,3,4,1318427
208,5,5,4,1130317
78,2,2,1,455093
271,5,4,4,1416238
100,2,1,2,520884
201,4,4,3,1076075
198,4,3,4,1025849
143,4,3,3,809585
125,2,2,2,662102
182,3,3,3,964514
200,4,3,4,1045870
226,4,4,4,1179072
246,5,4,4,1263824
254,5,4,4,1344069
185,2,1,1,873388
176,3,3,2,889292
263,6,5,4,1426863
155,4,4,3,842877
169,3,3,3,901068
285,4,4,4,1415373
188,4,3,3,962277
220,4,4,4,1144627
101,3,2,2,556469
256,5,4,4,1339823
147,2,2,1,709885
178,3,2,2,909200
79,1,1,1,408773
154,3,3,3,805721
280,5,5,4,1465411
177,3,2,2,862211
255,6,5,4,1393304
69,1,1,0,339874
268,4,4,4,1346123
215,3,2,2,1050588
102,2,1,2,536379
142,2,2,2,712921
276,5,5,4,1416106
218,5,5,4,1186910
195,3,3,2,948559
160,3,3,2,817964
159,3,3,2,847257
226,4,3,3,1131709
202,4,3,3,1052358
65,1,1,0,307460
206,4,3,3,1054052
128,3,3,2,680836
226,3,2,3,1083268
237,3,3,2,1149330
70,2,2,2,393017
150,4,3,3,810475
107,2,1,1,534454
228,4,4,3,1158384
91,2,2,2,501540
102,3,2,2,564305
260,6,5,4,1385618
203,3,3,3,1011631
88,3,3,2,516603
210,3,2,2,1004623
49,1,1,0,264352
285,4,3,3,1422776
195,4,4,3,1033475
133,2,1,1,635525
101,2,1,2,505574
201,5,5,4,1129957
209,3,2,3,1005667
285,4,3,4,1384047
238,4,3,3,1169579
223,4,3,4,1124946
102,3,3,3,628508
270,5,4,4,1392211
285,5,4,4,1467016
232,3,3,3,1167468
145,3,2,2,772785
118,2,1,1,595606
251,5,4,4,1296025
173,3,3,3,917160
281,5,4,4,1434857
236,4,3,4,1216610
69,1,1,0,312168
62,1,1,1,309537
50,2,2,2,308304
252,6,5,4,1369118
179,4,3,4,978756
217,4,3,4,1117746
294,6,5,4,1554821
179,2,2,2,879893
58,1,1,0,286578
101,1,1,0,494433
222,4,4,4,1170660
87,2,2,1,445687
158,2,1,2,766044
122,1,1,0,570861
130,2,1,1,643590
129,2,1,2,666049
148,3,2,3,767031
244,5,5,4,1290897
114,2,1,1,548271
204,4,3,3,1075290
255,5,4,4,1351899
127,2,2,1,646741
259,6,5,4,1412478
224,3,2,3,1076003
250,4,3,3,1248057
117,2,2,1,604130
105,2,1,2,524216
269,5,4,4,1366871
81,1,1,0,378202
175,2,2,2,859337
131,3,3,2,713464
97,1,1,0,477374
298,6,5,4,1563415
98,2,2,2,539560
213,5,5,4,1145045
51,1,1,0,265589
298,5,5,4,1503413
294,6,5,4,1544230
100,1,1,0,483071
167,3,3,3,892473
65,1,1,1,338574
64,2,2,1,353958
137,1,1,0,607554
256,4,4,4,1300700
221,4,3,4,1141429
69,1,1,1,368171
127,2,2,2,668769
223,4,4,3,1145473
225,4,4,4,1153638
91,3,3,3,568108
140,4,3,4,828097
293,5,5,4,1534305
230,4,3,4,1151043
102,2,2,2,563995
136,3,2,2,688318
91,3,3,2,558116
219,4,4,3,1132047
98,2,1,2,494334
271,4,3,3,1350946
185,2,2,1,902607
157,3,2,3,827860
155,3,2,3,792969
55,2,2,2,353459
143,4,3,4,825707
243,4,4,4,1250866
234,4,3,4,1202213
227,3,2,3,1135757
171,3,2,3,879285
205,3,2,3,1034026
159,4,4,3,884962
269,6,5,4,1411029
56,2,1,2,334436
120,1,1,0,564111
186,3,2,3,935434
113,3,2,3,620904
200,4,3,4,1033452
206,3,2,3,1029698
106,1,1,1,521066
127,2,1,1,641171
137,1,1,0,610144
90,1,1,1,458750
253,6,5,4,1388126
220,4,3,4,1131275
135,3,3,3,716946
139,3,3,2,727653
224,3,3,3,1134070
93,2,1,1,480111
75,1,1,0,328113
51,1,1,1,262271
59,1,1,0,273152
300,5,4,4,1493354
124,2,1,2,635092
135,2,2,1,678768
64,1,1,1,303863
223,4,3,3,1138214
143,3,3,3,787754
244,5,4,4,1273973
171,3,2,2,882781
296,5,5,4,1511682
75,2,1,1,411483
209,5,4,4,1125792
114,3,2,3,645847
263,6,5,4,1379999
296,4,4,3,1451270
292,6,5,4,1547934
192,2,1,1,865244
202,4,4,3,1070415
59,1,1,1,288136
225,3,3,2,1107341
234,3,2,2,1123765
140,3,3,2,763794
149,4,3,3,797764
240,4,3,4,1192310
168,3,2,3,885770
161,3,3,2,815418
117,2,2,2,621990
203,4,4,4,1099838
50,2,2,2,314224
142,4,4,3,824460
247,3,3,2,1209847
159,2,1,1,731215
295,4,3,4,1433968
176,4,4,4,959858
178,2,1,2,869528
148,2,2,1,700930
63,2,2,1,342901
162,2,2,1,756879
79,1,1,1,388511
118,3,2,2,656967
152,3,2,2,759408
219,4,3,4,1134079
147,2,2,2,713433
194,3,2,2,966905
144,3,3,2,790903
270,4,3,4,1354493
127,2,2,1,611698
78,2,1,1,428053
209,4,3,3,1105881
98,2,1,2,479824
74,2,1,1,413749
63,1,1,1,330053
242,4,4,4,1278053
166,4,4,4,940926
277,6,5,4,1468557
229,4,3,4,1187552
134,3,3,2,715922
55,2,2,1,304788
280,6,5,4,1454193
225,4,4,4,1204909
258,6,5,4,1379056
282,5,5,4,1473005
249,5,4,4,1287018
142,3,3,3,776327
254,5,5,4,1337544
117,3,2,3,637081
256,4,3,3,1266330
125,3,3,2,683031
57,1,1,0,270312
124,3,2,2,658754
207,5,4,4,1146379
294,5,4,4,1513374
78,1,1,0,397108
72,1,1,1,389500
227,4,3,3,1142556
78,1,1,1,386735
218,4,4,4,1124251
126,2,1,2,604962
254,5,5,4,1357017
172,2,1,2,796761
65,1,1,1,325862
289,5,4,4,1469697
138,4,3,4,807624
221,4,3,4,1116714
135,2,2,2,662796
101,2,2,2,556822
87,2,2,1,477154
258,5,5,4,1341184
188,2,2,2,934963
130,1,1,1,591243
274,6,5,4,1438680
279,4,4,3,1367362
50,1,1,1,251083
285,6,5,4,1512566
183,4,4,4,1023234
262,6,5,4,1393091
178,3,3,3,909076
87,3,2,3,547857
103,1,1,0,461522
83,2,2,1,429692
166,2,1,1,797589
51,1,1,0,265391
280,5,4,4,1406680
116,2,1,1,546209
91,1,1,0,408976
70,1,1,1,362989
143,4,3,4,824279
140,4,4,3,804000
139,2,1,1,649757
179,3,2,2,908863
83,2,1,2,466163
161,3,3,3,859623
256,5,4,4,1318646
221,4,3,4,1130645
127,1,1,0,578769
221,3,3,2,1101373
273,4,3,4,1369144
230,3,3,3,1139542
228,5,5,4,1222276
295,5,4,4,1504484
132,1,1,1,612870
281,5,5,4,1482129
282,6,5,4,1502756
242,5,4,4,1295059
207,5,4,4,1120367
52,2,1,1,310258
139,3,2,2,720443
286,5,5,4,1459160
56,2,2,1,326091
187,3,2,3,951168
300,6,5,4,1561938
75,1,1,0,349186
289,5,4,4,1474797
298,5,5,4,1497449
202,4,4,4,1095230
264,4,3,4,1315154
236,4,4,4,1197336
54,2,2,2,328929
152,3,2,3,805941
288,5,5,4,1500365
144,3,3,2,780206
166,3,3,3,899563
54,1,1,1,303964
120,2,1,2,602322
181,2,2,2,897149
143,3,2,3,782159
75,2,1,1,409488
46,1,1,1,258023
119,2,2,2,606389
147,3,2,3,791465
76,1,1,0,384019
237,5,4,4,1239504
149,3,3,2,756688
260,4,4,4,1344842
120,3,3,2,671918
272,5,4,4,1399280
186,3,3,3,935875
110,2,1,1,518435
212,5,5,4,1156061
237,3,3,3,1165321
136,2,1,2,660434
65,1,1,1,305186
79,1,1,0,379060
128,2,1,2,629001
218,3,3,3,1108807
80,2,2,1,441385
258,6,5,4,1406970
151,4,3,3,853188
178,3,2,2,900854
57,1,1,1,270178
66,1,1,0,347247
115,2,2,2,618542
247,3,3,3,1182940
257,4,3,3,1287044
63,1,1,1,293068
223,3,3,2,1091629
153,3,2,3,786009
236,5,4,4,1267625
176,3,2,3,924046
178,4,3,4,961199
59,2,2,1,330913
102,1,1,0,490081
150,3,3,2,817107
200,4,4,3,1069456
162,3,2,2,811709
51,1,1,1,255723
300,6,5,4,1555608
129,3,3,3,737901
172,2,1,1,831281
60,1,1,1,280000
200,5,5,4,1091372
72,1,1,0,343132
235,3,3,3,1173836
56,1,1,0,267995
117,2,2,1,570285
60,2,1,1,312378
89,2,2,2,477499
56,2,1,1,302321
78,2,2,1,401035
299,6,5,4,1537270
51,1,1,1,288724
189,4,3,4,979399
184,3,2,3,951907
45,1,1,1,268902
163,2,2,2,776394
233,5,5,4,1248062
235,4,4,4,1215673
134,3,3,3,729569
194,4,4,4,1040414
266,4,4,3,1326010
228,5,5,4,1260910
66,1,1,1,340603
126,2,1,2,602557
259,4,3,3,1294513
47,1,1,0,255227
216,5,4,4,1182162
236,5,5,4,1274015
224,5,4,4,1209773
277,5,4,4,1448935
100,3,2,2,576543
201,4,4,4,1100282
152,2,1,1,692462
60,1,1,0,277170
81,1,1,1,375995
261,5,5,4,1386932
198,4,4,4,1047260
200,5,5,4,1129506
296,4,4,4,1468235
60,1,1,1,329343
95,3,3,3,544790
239,3,3,2,1163921
174,2,1,1,831266
93,3,3,3,550418
285,4,4,4,1435216
276,5,5,4,1404874
110,1,1,0,507903
137,3,3,3,771914
69,1,1,1,329197
276,5,4,4,1405224
214,5,4,4,1180678
84,2,2,2,455121
47,2,1,2,268275
199,4,3,4,1076525
297,5,5,4,1499054
129,2,1,1,623511
299,5,5,4,1547226
233,3,3,3,1124797
187,4,4,3,976671
89,2,2,2,486101
169,3,2,2,831416
89,2,1,2,485044
236,4,4,3,1229973
139,4,3,3,768020
148,3,3,2,799531
245,3,3,2,1191436
51,1,1,0,247079
115,2,1,2,603509
154,3,3,3,822174
154,2,1,2,751043
81,1,1,0,409638
79,2,1,1,400991
256,5,4,4,1328833
75,2,1,2,434159
247,3,2,3,1189009
275,5,4,4,1422297
253,5,4,4,1322180
83,3,2,3,478947
88,2,1,2,455778
246,4,4,4,1255089
212,4,4,4,1117703
115,3,3,2,657313
295,5,4,4,1507230
182,3,3,2,913916
210,4,3,4,1086076
143,3,3,3,761895
262,5,4,4,1339849
230,4,3,4,1188125
133,1,1,0,585082
217,4,4,4,1129497
245,5,5,4,1309219
219,4,4,3,1123350
108,3,3,2,586961
141,3,3,3,772287
186,4,3,4,968541
263,6,5,4,1403250
243,4,3,3,1201468
107,2,1,1,557920
80,1,1,1,372350
94,3,2,2,564212
75,1,1,1,383918
186,3,3,2,925305
157,3,3,2,798342
56,1,1,0,301003
241,4,3,3,1187175
183,4,3,3,953734
253,5,4,4,1329551
129,2,1,2,616837
46,1,1,1,259187
242,5,4,4,1249977
86,3,3,3,515055
241,5,4,4,1252643
296,6,5,4,1514557
300,6,5,4,1554442
118,1,1,0,560246
251,5,4,4,1304351
252,5,4,4,1344280
163,4,4,3,916589
169,2,2,1,806284
221,4,4,3,1147375
268,6,5,4,1424262
175,3,2,3,885025
178,4,3,3,930961
145,2,2,2,698144
162,2,1,1,773734
70,1,1,1,351694
121,2,1,2,594452
140,3,3,3,742920
79,1,1,0,382326
135,2,2,2,711649
130,2,1,1,638494
84,1,1,1,434361
136,1,1,1,646596
136,2,1,1,675770
49,1,1,1,267436
55,1,1,0,254944
69,2,1,1,358654
233,4,4,3,1195415
134,1,1,0,617751
66,1,1,0,290237
192,4,4,4,1044465
251,6,5,4,1373458
173,4,3,4,918873
63,1,1,1,347777
197,3,3,3,996037
198,4,3,4,1047530
146,2,1,2,731995
120,3,2,3,655975
170,3,2,2,884222
269,5,5,4,1405362
283,5,4,4,1424146
257,4,3,3,1307188
96,2,2,1,497173
283,6,5,4,1497806
195,4,4,3,1062926
290,4,4,4,1432679
203,4,3,3,1031164
183,2,1,1,862931
235,3,3,3,1152891
280,5,5,4,1445115
71,1,1,1,354603
63,1,1,1,314236
270,5,4,4,1410945
145,2,2,2,720847
157,2,1,2,728193
113,2,2,1,572967
122,3,3,2,641437
78,1,1,1,403260
292,4,3,4,1470374
129,3,2,2,696670
280,5,5,4,1437913
214,4,3,4,1135634
170,3,2,3,871679
184,3,3,3,964266
252,4,4,4,1267379
120,2,1,1,587431
123,1,1,1,593262
249,6,5,4,1321116
169,3,3,2,889588
205,3,3,3,1058415
266,5,5,4,1364205
215,4,3,4,1102445
294,6,5,4,1531362
265,5,5,4,1398014
129,2,1,2,648692
237,3,2,2,1111794
49,1,1,1,292558
92,2,1,1,470281
135,1,1,1,650284
232,4,3,3,1154227
203,4,3,3,1059798
87,1,1,0,430143
132,3,3,2,700919
194,3,3,2,948056
281,5,4,4,1439733
159,3,2,3,849646
218,4,4,4,1141111
201,4,4,4,1099085
165,3,3,2,837773
281,5,4,4,1412407
75,1,1,0,357420
109,2,1,2,576286
215,4,3,4,1115530
254,4,4,3,1312493
287,4,4,3,1418011
143,3,2,2,713656
174,4,3,4,945176
248,5,5,4,1340063
212,5,5,4,1135887
129,2,2,1,644709
216,4,3,3,1091930
298,5,4,4,1505985
64,1,1,1,349242
235,4,3,3,1187640
148,3,2,3,792187
185,4,3,4,1011443
65,2,2,2,361917
190,3,2,3,962621
77,2,2,2,469306
163,3,2,3,827947
198,3,2,3,983474
180,2,1,1,823535
275,5,5,4,1428181
69,1,1,1,318871
201,3,3,2,1008202
192,2,1,2,911149
213,4,3,3,1108497
264,4,4,3,1327248
55,1,1,1,270077
194,4,4,3,1061172
263,5,4,4,1337996
192,3,2,2,927595
107,1,1,0,513430
183,3,2,3,916720
107,3,2,3,619177
187,2,2,1,879549
135,3,2,3,740534
54,1,1,0,249355
220,4,3,4,1157631
224,3,3,3,1136748
266,4,4,3,1315178
142,4,3,3,820090
298,6,5,4,1563708
233,4,3,3,1177281
141,2,2,1,706753
235,4,4,3,1194654
282,4,3,3,1392370
104,2,2,2,559079
219,3,2,3,1061924
204,5,5,4,1158072
99,1,1,0,474406
177,4,3,4,949678
255,4,4,3,1290655
202,4,4,3,1037113
190,3,2,2,965983
115,1,1,0,502236
180,3,3,2,896968
153,2,1,1,713721
204,3,3,3,1007382
251,4,4,4,1262292
215,4,3,3,1076505
93,1,1,1,421386
285,5,5,4,1459320
126,2,1,2,608234
139,2,1,2,666114
109,2,1,2,526146
184,3,3,2,905690
265,5,5,4,1412068
194,4,3,4,1037516
255,5,5,4,1356395
108,3,3,3,597695
103,3,2,3,603905
110,2,1,1,523680
65,1,1,0,333923
81,2,1,1,411323
102,1,1,0,495792
52,2,1,2,299922
273,5,4,4,1430537
233,4,4,4,1223822
185,4,3,3,959551
244,4,3,3,1225906
295,5,5,4,1500522
46,2,2,1,268224
75,2,2,1,413092
101,2,1,2,510506
135,3,2,3,744491
78,2,2,2,455821
159,4,3,4,906815
289,6,5,4,1515280
157,4,3,3,879584
165,4,4,3,916159
119,1,1,1,562011
175,2,2,2,869916
251,4,3,3,1239008
189,3,2,2,945925
299,4,3,3,1446254
259,5,4,4,1327475
140,2,2,2,690460
184,3,3,3,923097
239,5,4,4,1252080
68,1,1,1,363337
168,3,3,2,862834
53,1,1,0,250758
255,4,3,4,1282024
82,1,1,0,371865
154,3,3,2,778199
176,2,2,1,828577
275,5,4,4,1397512
105,1,1,0,456894
288,5,4,4,1491784
295,5,5,4,1490559
90,2,2,1,476990
223,4,4,3,1125362
94,1,1,0,419076
125,2,1,1,590835
152,3,2,3,794602
76,2,1,1,374263
105,2,2,2,581705
266,5,4,4,1375246
238,3,2,3,1127902
134,3,2,2,723896
125,2,1,1,605200
100,3,2,2,548441
213,5,4,4,1151029
262,5,5,4,1366091
178,3,2,2,885195
196,5,5,4,1125525
104,2,1,1,538100
102,3,3,2,560862
137,2,1,1,687906
70,1,1,0,329224
92,2,2,2,508373
114,2,1,2,578945
150,3,2,2,774944
120,3,2,3,677246
86,2,2,1,476852
186,3,2,2,942366
50,1,1,0,228481
210,4,3,3,1096085
142,4,3,4,831757
235,3,2,2,1121156
205,5,4,4,1137317
194,4,3,3,1019567
120,3,3,3,682224
84,2,1,2,453660
66,1,1,1,307846
267,6,5,4,1430669
70,1,1,0,331765
221,4,3,4,1159641
185,3,3,3,957896
107,2,2,1,572678
182,3,3,3,951740
70,1,1,0,358454
237,3,2,3,1124875
253,5,4,4,1329059
280,5,4,4,1411242
78,1,1,0,348622
245,4,3,3,1215144
177,3,3,3,945101
172,3,3,2,886024
77,2,2,1,404548
78,1,1,1,403178
132,2,2,2,650793
55,1,1,0,268134
265,5,4,4,1391006
173,2,2,1,851473
244,4,4,3,1235044
236,4,3,3,1186629
162,3,3,2,828656
143,2,1,2,693324
202,5,5,4,1127018
56,1,1,1,279023
136,2,2,1,672718
76,1,1,1,392211
74,1,1,0,337964
151,3,2,3,798677
206,3,3,2,1047068
117,1,1,0,551016
277,6,5,4,1473144
146,3,2,2,756481
155,3,3,3,809792
65,2,1,1,331496
299,5,5,4,1531058
253,4,3,3,1245277
58,1,1,1,322628
257,4,3,3,1264416
238,4,4,4,1218894
190,2,2,1,926821
154,4,4,4,857576
74,1,1,0,376786
108,2,1,2,536400
163,4,4,4,941523
58,1,1,0,267780
125,2,1,1,593737
276,5,5,4,1431611
84,1,1,0,411374
195,4,4,3,1060367
232,3,3,2,1135668
247,5,5,4,1316435
94,1,1,1,473938
54,1,1,0,273895
149,3,3,3,827769
90,1,1,0,435886
278,4,4,3,1361150
134,2,2,2,672117
71,2,1,2,403689
100,3,3,3,614007
118,2,2,2,630729
65,1,1,1,359743
47,2,1,2,284958
166,4,3,4,884222
153,3,3,2,775099
97,2,2,1,518093
69,1,1,1,336527
138,2,2,2,703800
129,3,3,3,742788
196,5,4,4,1059714
232,5,4,4,1223050
97,2,1,2,512721
144,3,2,2,727921
159,3,2,3,820290
73,2,1,2,384758
248,4,4,4,1302032
60,2,1,1,325283
161,3,3,3,862810
169,3,2,3,890064
46,1,1,0,215536
267,5,4,4,1375022
228,4,4,4,1165727
240,5,5,4,1294310
82,1,1,1,425401
263,4,3,3,1326502
205,4,3,4,1100267
143,3,3,2,745368
204,4,3,3,1080360
129,3,2,2,653226
267,6,5,4,1395014
104,3,2,2,553122
143,3,2,2,715939
237,3,3,2,1143604
82,1,1,1,399124
135,2,2,2,694089
118,1,1,0,550379
188,3,2,3,944478
271,5,5,4,1387013
274,5,5,4,1439800
111,2,2,1,573602
92,3,3,3,533525
127,1,1,0,572436
179,2,1,1,818081
277,5,4,4,1410991
228,4,3,4,1167900
100,3,2,3,546697
149,3,2,2,776313
128,1,1,0,564943
261,5,5,4,1371853
298,5,5,4,1509077
156,4,3,4,859325
180,2,1,2,827131
117,3,3,2,673973
93,3,3,3,538066
166,4,3,4,935725
97,3,3,2,545691
282,6,5,4,1459326
52,1,1,1,305006
138,2,1,2,681641
259,5,5,4,1384206
269,5,5,4,1432126
169,2,1,2,804566
59,1,1,1,324217
56,2,2,2,365813
105,3,3,2,596388
299,5,5,4,1557167
52,1,1,1,281830
118,1,1,0,523274
223,4,3,3,1131379
232,3,3,3,1125274
180,4,3,3,959264
134,1,1,1,628015
248,6,5,4,1327015
265,5,4,4,1348314
64,1,1,0,325205
266,5,5,4,1381738
217,3,2,3,1060126
276,6,5,4,1435207
227,4,3,4,1166732
244,5,4,4,1253518
276,5,5,4,1444440
77,2,2,2,434596
121,3,3,2,692056
111,2,1,2,583336
64,1,1,1,338975
140,3,3,2,762580
182,2,2,2,875365
214,5,4,4,1169906
108,2,2,1,575611
220,4,4,4,1137963
246,5,5,4,1287398
225,4,3,3,1155546
113,2,2,1,602373
144,2,2,2,701575
178,2,2,1,853533
217,5,4,4,1163898
130,2,2,1,673907
158,3,3,2,807250
99,3,3,3,561481
295,5,5,4,1485024
209,5,5,4,1137493
48,1,1,0,272124
83,1,1,1,387401
69,1,1,0,320437
64,1,1,0,307655
202,3,3,3,1022132
100,2,2,1,498026
155,3,3,2,833578
259,6,5,4,1410150
263,6,5,4,1375652
181,3,2,3,936646
89,1,1,0,416725
241,3,3,2,1180853
112,3,2,3,620057
111,2,2,2,562868
115,2,2,2,572825
211,5,5,4,1149519
197,4,3,4,1057675
217,4,4,4,1161430
261,5,5,4,1352850
110,2,1,1,568242
264,5,4,4,1391571
48,1,1,0,267135
202,4,3,3,1022167
166,3,2,3,880117
207,3,2,2,1001632
219,5,4,4,1188311
262,5,4,4,1347274
190,4,4,4,1009441
300,5,5,4,1563908
270,5,5,4,1427948
48,1,1,0,238771
192,3,2,2,970181
133,1,1,0,626410
77,1,1,0,393984
48,1,1,0,239317
49,1,1,1,250996
295,5,4,4,1488610
57,1,1,1,301392
89,3,2,2,543772
224,5,5,4,1202861
230,4,4,3,1177832
124,1,1,0,574341
91,3,3,2,559012
97,3,2,2,565473
270,4,4,3,1325149
279,5,4,4,1450390
156,3,2,3,793113
133,2,1,2,684373
132,1,1,1,625473
83,2,1,1,417096
130,2,2,1,668730
149,3,3,3,797185
107,3,3,3,607743
127,3,3,2,663681
215,4,4,4,1145056
104,2,2,2,522976
140,3,3,2,727622
73,1,1,1,384390
299,4,3,4,1486194
212,4,3,3,1069180
59,1,1,1,301826
72,1,1,0,373292
67,1,1,1,343388
269,5,4,4,1400535
227,4,3,4,1141389
65,1,1,1,320798
165,4,3,4,884174
280,4,4,3,1376765
92,1,1,0,450466
223,3,2,3,1075631
289,5,4,4,1480913
145,2,2,2,700416
152,4,3,3,816914
248,4,3,3,1218173
151,3,2,3,787077
283,5,4,4,1455304
90,1,1,1,432391
98,2,1,1,472527
61,2,1,2,367566
269,5,4,4,1359226
195,4,4,4,1043106
151,2,1,2,744839
199,3,2,3,973343
96,1,1,0,467962
247,4,4,3,1262176
212,4,3,4,1099013
110,1,1,1,512935
239,3,2,2,1161702
221,4,4,3,1166079
94,2,2,1,475098
186,3,3,3,961224
212,4,4,4,1142375
111,2,1,2,539111
124,1,1,1,552326
261,4,4,3,1314612
163,4,4,3,882502
76,2,1,2,415131
56,2,1,1,296489
189,2,2,2,896908
126,1,1,1,559322
172,2,1,1,815779
230,5,5,4,1235154
261,5,4,4,1352220
223,4,4,4,1193879
133,2,2,2,699753
99,2,2,2,530254
46,1,1,0,256607
105,1,1,0,455746
256,5,4,4,1328325
186,2,2,1,879974
66,1,1,1,334544
99,2,1,1,491260
76,2,1,1,405516
66,2,2,1,364354
72,2,1,2,375623
69,1,1,1,350045
198,4,4,3,1026084
145,2,1,2,688909
223,4,4,4,1184698
264,5,5,4,1367206
106,1,1,0,502177
147,4,3,4,818060
268,6,5,4,1400772
225,3,2,2,1101840
288,4,3,3,1396032
251,6,5,4,1344555
214,3,2,2,1013114
273,6,5,4,1476495
174,2,1,2,837175
165,2,2,1,784646
172,2,2,1,796171
175,2,2,2,880806
247,5,4,4,1277419
282,6,5,4,1479449
194,3,3,3,965325
121,2,2,2,597418
293,6,5,4,1515889
134,2,2,1,647623
193,3,3,2,943990
180,3,3,2,886724
154,4,3,4,884527
132,1,1,1,585999
126,1,1,0,597880
87,2,2,2,510436
120,1,1,1,533468
193,3,2,3,995199
178,3,2,2,908265
106,3,3,2,611626
270,5,5,4,1414330
133,1,1,1,621995
68,2,2,2,402616
92,2,1,2,491324
88,2,2,1,490709
88,2,2,2,507469
129,3,2,3,715392
245,5,4,4,1258826
226,4,3,4,1192491
90,3,2,3,531993
67,2,1,1,366349
190,3,3,3,965202
99,3,3,2,563992
68,2,2,2,396748
172,3,3,2,868809
276,5,4,4,1415294
50,1,1,0,248292
117,2,2,1,616501
253,5,4,4,1322533
158,3,3,2,832844
66,2,1,2,371099
290,5,5,4,1490847
56,1,1,1,268040
154,2,1,2,758131
128,2,2,1,623846
154,4,4,3,856195
140,3,2,3,735051
93,3,3,2,579238
129,2,2,2,660279
119,2,1,1,580909
207,3,2,3,1013330
59,2,2,1,349604
292,4,3,4,1449364
66,1,1,1,359812
119,1,1,0,541822
183,4,3,3,992632
212,4,4,4,1109768
261,5,5,4,1361622
240,4,3,4,1214300
178,3,2,2,866734
114,2,1,2,570479
171,4,3,4,909631
81,2,1,2,452945
76,1,1,0,359806
205,4,4,3,1054554
178,3,3,2,901437
293,4,3,3,1438536
199,4,4,4,1049526
69,1,1,1,362522
185,4,4,4,1005899
70,1,1,1,332605
52,1,1,1,303100
231,5,5,4,1250426
59,2,2,2,348265
143,2,2,1,687493
234,4,4,4,1236132
111,2,2,2,598114
193,3,2,3,978059
216,4,3,3,1076800
262,5,4,4,1338862
122,2,1,2,608461
289,6,5,4,1492603
206,3,3,2,1000993
85,2,2,1,434048
235,4,4,3,1174401
52,1,1,1,277935
298,5,4,4,1489930
228,5,4,4,1213836
114,3,3,2,649650
262,4,3,3,1280188
72,1,1,0,363596
290,5,4,4,1467657
242,3,3,3,1214074
131,2,2,1,641500
110,1,1,1,547583
174,3,3,2,861860
264,5,5,4,1372491
284,5,4,4,1475211
84,1,1,0,375903
274,5,5,4,1425340
269,6,5,4,1443348
195,4,4,3,1008012
143,4,3,3,828434
288,5,4,4,1489107
79,2,1,1,401507
213,4,3,4,1118503
162,3,2,3,847302
162,3,2,3,807174
63,1,1,1,321471
287,5,4,4,1455032
133,2,2,2,688510
229,4,4,4,1167305
152,3,2,3,803902
156,4,3,3,866260
209,4,3,3,1081968
278,5,5,4,1451025
124,1,1,1,580338
113,3,2,3,655633
275,5,5,4,1415240
63,1,1,1,304070
182,3,2,2,914223
275,5,4,4,1419225
97,2,1,2,477371
245,4,3,3,1231887
70,1,1,0,314938
67,1,1,0,309474
134,1,1,0,621128
242,5,5,4,1268911
68,1,1,1,321575
50,1,1,0,247423
241,3,3,2,1188681
165,3,3,2,864018
88,1,1,1,425199
115,2,2,2,595782
206,3,2,2,989212
53,2,2,1,293829
234,4,4,4,1213474
83,2,1,1,430167
266,6,5,4,1393231
82,1,1,1,392001
89,1,1,1,401903
273,5,4,4,1413846
182,4,3,3,957470
144,4,4,3,811080
117,3,3,2,645855
280,4,3,4,1396571
105,3,3,2,593860
60,1,1,0,288790
277,4,4,4,1366931
166,3,2,2,816896
265,5,5,4,1382912
52,1,1,0,281276
233,4,3,4,1186272
216,4,3,4,1123093
278,5,4,4,1426599
196,5,4,4,1056528
119,2,1,2,576828
268,5,4,4,1361834
289,5,4,4,1444299
180,3,3,2,891896
222,4,4,4,1189020
68,1,1,0,298789
117,2,2,2,631827
45,1,1,0,243426
249,5,5,4,1308829
72,2,1,1,409616
114,2,2,1,582771
128,2,2,1,612428
90,3,2,2,534144
179,4,3,3,929729
259,4,4,4,1290209
291,4,3,4,1443061
75,1,1,1,343067
136,3,2,2,702842
140,4,3,3,805750
230,4,4,3,1206792
114,2,1,1,562102
81,2,2,1,411501
292,5,4,4,1490216
212,4,3,3,1111661
284,6,5,4,1485384
112,2,2,2,606599
104,3,2,2,578872
148,3,2,2,791693
81,1,1,1,371175
123,2,2,1,632466
138,2,2,2,679581
229,5,5,4,1228911
122,3,2,3,694894
184,4,3,4,986147
144,3,3,3,784316
144,3,2,3,783242
161,4,4,4,938165
115,1,1,1,514478
273,6,5,4,1442386
229,5,5,4,1212046
231,5,4,4,1234199
138,2,1,2,706734
211,3,2,3,1053418
203,3,2,2,970135
87,1,1,1,399609
54,1,1,1,300947
272,6,5,4,1423422
57,2,2,1,331052
182,2,1,1,875921
87,2,1,2,492455
205,4,3,3,1040348
258,4,3,4,1274874
217,4,3,4,1147694
177,4,4,3,959108
189,2,2,1,914934
271,5,4,4,1404191
70,1,1,0,366864
163,2,1,1,763334
192,3,3,2,948721
105,1,1,1,477261
61,1,1,0,302392
190,2,1,2,907081
93,2,2,1,497346
228,4,3,4,1186559
219,4,3,4,1129222
81,1,1,1,400109
51,1,1,1,302100
75,1,1,1,374293
179,2,1,2,852630
181,3,2,2,908573
192,3,3,2,936744
46,2,2,2,303905
125,2,2,1,610284
127,2,1,1,618724
153,4,4,4,853120
245,4,4,3,1246105
175,3,2,2,889351
121,2,1,2,597894
93,1,1,0,441041
65,2,1,2,357009
47,2,2,1,269313
122,1,1,1,566128
272,5,4,4,1387854
216,5,5,4,1173386
140,2,1,2,676426
130,3,2,2,712257
168,4,3,3,932582
117,3,3,3,669522
140,2,2,2,704367
57,1,1,1,274906
91,2,1,1,481972
48,1,1,1,275502
131,1,1,0,586306
108,3,2,3,616663
93,3,2,2,534573
268,5,5,4,1406660
86,2,2,2,458175
93,3,2,2,550779
218,4,4,3,1107001
237,4,4,3,1235071
186,3,3,2,953280
94,2,1,2,473450
45,1,1,0,242307
195,4,3,3,1031416
124,1,1,0,551981
187,4,4,3,1020316
112,1,1,1,521986
145,2,1,1,670361
63,1,1,1,339418
121,2,1,1,608185
269,6,5,4,1445377
97,2,2,1,481115
111,1,1,1,552286
69,2,2,2,388713
46,1,1,0,260475
270,6,5,4,1430075
94,2,1,1,492612
56,1,1,1,307937
82,2,2,2,487101
65,1,1,0,337456
59,1,1,1,280183
243,5,4,4,1284790
86,2,1,2,461106
52,1,1,1,282915
233,5,5,4,1272957
65,2,1,2,351025
88,3,3,3,517561
200,4,4,4,1084993
63,2,2,2,363467
201,4,3,4,1050730
49,1,1,0,248528
142,3,2,3,731227
267,4,3,4,1315024
175,3,3,2,918312
220,4,4,3,1117646
65,2,1,2,350667
167,3,2,3,844679
157,3,3,2,846554
113,2,2,1,603859
232,3,3,2,1118139
170,3,2,2,878013
168,2,1,2,829196
300,6,5,4,1577105
181,3,3,3,949408
182,4,4,4,992704
182,3,2,3,906123
268,5,5,4,1396357
242,5,4,4,1257072
188,3,2,2,923095
191,3,2,2,950731
215,4,3,4,1099148
249,5,5,4,1328530
240,5,5,4,1264909
102,2,1,2,553423
186,3,2,3,958116
105,2,1,2,517030
191,2,2,1,889440
125,3,2,3,701905
207,4,3,3,1068075
256,5,5,4,1327032
54,1,1,1,289588
227,4,3,3,1127603
233,5,4,4,1226462
125,2,2,2,659439
135,3,3,3,728501
300,4,3,4,1456713
128,1,1,1,622964
120,2,2,2,619685
112,3,3,3,641055
141,3,3,2,728505
187,2,1,2,906830
123,3,2,2,651683
211,3,2,2,1007160
292,5,4,4,1473662
140,3,3,2,724858
262,4,4,3,1324995
108,2,2,1,556999
129,1,1,0,567783
238,4,4,3,1220554
245,4,3,3,1235723
293,5,5,4,1522729
236,4,3,3,1169922
131,2,2,1,667030
142,3,2,3,746228
287,5,5,4,1458867
161,4,4,3,896444
224,3,3,3,1090805
70,2,1,1,372499
299,4,3,3,1449777
64,1,1,1,304971
124,3,2,3,689058
158,3,2,3,833261
267,5,5,4,1397757
147,3,3,3,769986
119,2,1,1,562082
127,1,1,1,578030
123,2,1,1,581307
226,5,4,4,1188195
217,4,4,3,1157396
244,4,4,3,1216169
103,1,1,1,505405
296,5,4,4,1470613
293,5,4,4,1508204
107,2,1,1,560627
81,1,1,0,379499
74,1,1,0,361215
287,5,5,4,1470967
186,4,3,4,986068
173,2,1,1,803736
89,3,3,2,507878
220,4,4,4,1127108
91,3,2,3,537747
299,5,4,4,1514071
45,1,1,1,228057
267,5,4,4,1389212
299,4,3,3,1434608
202,3,2,2,1008676
265,6,5,4,1409606
63,2,1,1,328411
263,6,5,4,1379836
139,3,3,3,772033
59,2,2,2,376316
260,5,4,4,1360350
203,4,3,3,1062885
240,4,4,3,1197023
216,4,3,3,1085685
68,1,1,0,321666
57,1,1,1,285244
189,4,4,4,996251
70,1,1,1,358782
282,6,5,4,1490101
267,6,5,4,1428912
274,6,5,4,1448311
148,4,4,4,868860
62,1,1,0,274910
253,5,5,4,1353411
157,4,3,3,866991
242,4,4,3,1233835
270,4,3,4,1327001
239,4,4,3,1194047
234,5,4,4,1233917
224,3,2,2,1082121
256,5,5,4,1335585
85,2,2,2,483089
246,4,4,4,1278287
267,5,5,4,1415795
179,3,2,3,924267
176,2,2,1,836120
170,3,3,3,895900
275,5,4,4,1439479
254,5,4,4,1303375
159,2,2,2,762208
289,5,5,4,1475130
125,1,1,1,561459
76,1,1,1,397117
67,2,2,2,426332
223,4,4,4,1162883
217,5,4,4,1140843
170,2,1,2,800228
266,5,5,4,1371924
159,2,1,1,779601
227,3,2,2,1077771
281,5,5,4,1459853
245,4,4,4,1272156
286,4,4,3,1425795
156,2,2,2,777411
197,4,4,4,1055388
243,4,3,3,1204202
234,3,2,3,1167143
138,3,3,2,752558
114,1,1,0,512117
279,5,4,4,1425445
151,2,1,2,717403
275,6,5,4,1427141
205,4,4,4,1112365
70,1,1,1,350714
191,2,2,2,900541
64,1,1,1,300630
124,2,2,1,602506
127,2,2,2,641573
137,3,3,2,717439
147,3,2,2,729010
114,1,1,1,533097
100,2,1,1,488055
56,1,1,1,289957
284,6,5,4,1506730
264,6,5,4,1407474
263,5,5,4,1398811
206,4,3,3,1052418
234,4,3,3,1211012
133,2,2,2,655782
165,2,1,2,807972
112,1,1,1,528445
79,1,1,1,406835
128,2,1,2,609015
236,3,3,3,1189681
177,4,3,4,969486
298,5,5,4,1503538
138,3,2,3,729177
161,4,3,4,901417
120,2,1,1,567194
207,3,3,3,1039234
189,3,2,2,936615
172,3,3,2,903463
140,2,1,1,646632
69,1,1,0,318247
222,5,4,4,1189180
70,2,2,1,417293
160,3,3,2,839519
173,3,2,3,900783
101,3,2,2,546701
117,3,3,3,651769
157,4,3,3,829806
229,4,3,3,1138204
237,4,4,4,1242298
178,4,3,3,965099
45,1,1,1,236295
199,5,4,4,1095712
300,5,4,4,1517449
55,1,1,1,299229
238,4,3,4,1196016
274,6,5,4,1446834
263,5,4,4,1358739
164,3,2,3,847437
287,5,4,4,1492172
228,4,3,4,1146879
249,5,4,4,1325852
113,1,1,0,497489
191,2,1,2,926868
255,5,4,4,1336758
207,4,4,3,1084966
170,4,3,4,909295
196,4,3,4,1031905
83,2,2,1,461956
218,3,2,2,1074038
99,2,1,1,486665
159,3,2,2,790385
122,1,1,0,549786
196,3,3,2,1009198
267,6,5,4,1410926
49,1,1,1,250979
74,2,2,2,445957
113,1,1,1,514243
299,6,5,4,1580319
205,4,4,4,1081466
249,5,4,4,1320262
111,2,2,1,544526
117,3,2,2,607321
143,3,2,3,771831
77,1,1,0,376490
174,3,2,3,904820
293,4,3,4,1471137
273,5,5,4,1429307
94,2,1,1,495992
55,1,1,1,286672
254,4,3,3,1239888
47,1,1,0,245739
217,4,4,3,1155610
94,1,1,0,429206
136,2,1,1,660233
45,1,1,1,272210
132,1,1,1,608490
266,5,5,4,1378195
161,3,2,3,846317
149,3,3,3,828790
87,2,1,2,445002
248,6,5,4,1340046
201,3,2,2,967643
124,2,1,1,620782
123,1,1,1,603432
140,4,3,4,793323
55,2,2,2,342273
93,1,1,1,472701
130,1,1,1,590211
83,2,2,2,461453
104,3,2,3,601690
259,5,5,4,1376102
299,5,4,4,1528773
245,5,5,4,1308987
241,4,4,3,1208267
210,5,4,4,1149418
128,2,2,1,648075
184,4,3,4,1005176
197,4,3,4,1028971
288,5,5,4,1493283
200,3,3,3,1015747
56,1,1,1,308157
299,5,5,4,1527383
186,2,1,2,856575
255,6,5,4,1395977
279,5,4,4,1446842
99,3,3,2,562181
193,4,3,3,1023042
246,3,3,2,1169950
61,1,1,0,299260
65,2,2,2,395233
76,1,1,1,382238
174,3,2,2,841835
142,2,2,2,702396
166,4,4,3,920463
222,5,4,4,1169189
273,5,4,4,1373641
153,2,2,2,778392
251,4,4,3,1242332
228,5,5,4,1239166
178,3,3,3,919911
274,4,4,3,1380636
105,3,2,3,624552
62,1,1,0,301431
235,3,2,2,1115785
196,4,4,3,1049616
67,2,2,2,410998
220,5,5,4,1179802
199,3,3,2,1016402
109,1,1,1,525860
268,6,5,4,1423483
136,2,1,1,664110
49,1,1,0,260428
195,5,4,4,1078696
202,5,5,4,1128867
192,3,3,2,974772
268,5,4,4,1408181
163,3,3,2,845653
86,2,2,2,494953
223,4,3,3,1151574
73,1,1,1,342970
139,2,1,2,667320
118,3,3,2,652492
183,3,3,3,959285
209,4,3,3,1085102
201,4,4,3,1077914
205,3,3,2,1022922
212,5,5,4,1164801
79,1,1,0,379474
69,1,1,0,319729
274,6,5,4,1451707
162,3,2,3,857018
117,2,2,2,584748
281,4,4,4,1428227
280,5,5,4,1476535
149,2,2,1,728803
60,1,1,0,299724
156,4,3,3,869313
147,3,2,3,745853
287,5,4,4,1484462
134,3,3,2,692431
191,4,3,4,1031044
77,1,1,0,365574
201,5,5,4,1110658
160,4,3,3,874546
99,2,2,2,514120
194,4,4,4,1022542
290,6,5,4,1526829
248,4,4,3,1242356
247,4,4,4,1280629
265,5,5,4,1397950
59,1,1,0,295682
219,5,4,4,1181618
164,3,2,2,845955
88,3,3,3,524754
195,5,5,4,1104583
279,5,5,4,1453568
234,5,5,4,1277229
109,1,1,0,480201
81,2,2,1,464939
115,2,1,2,609898
86,3,2,3,536392
198,4,4,3,1070367
181,3,3,3,954043
126,3,2,2,652142
156,2,1,2,772482
267,4,3,3,1330360
296,4,4,4,1482977
50,1,1,0,252182
284,4,4,4,1404486
262,6,5,4,1424343
236,3,3,2,1169649
282,4,4,3,1379692
247,3,2,2,1186127
168,2,1,1,814806
109,3,3,2,629157
206,4,3,3,1081615
263,4,3,4,1342755
96,1,1,1,452678
76,1,1,0,379034
281,5,5,4,1484560
220,5,4,4,1200645
250,5,5,4,1309223
223,5,4,4,1186749
168,2,1,2,809287
209,5,4,4,1146275
194,5,4,4,1084441
216,5,5,4,1190524
294,5,5,4,1531563
104,1,1,1,480928
246,3,2,2,1175102
293,5,5,4,1531650
126,3,3,3,673507
220,4,4,3,1145159
87,3,3,3,513901
256,4,3,3,1285058
281,5,4,4,1442288
198,5,5,4,1101064
108,1,1,0,475471
296,5,4,4,1479552
294,6,5,4,1513602
97,2,2,2,523106
104,2,2,1,509216
255,4,4,4,1299354
178,2,1,1,833738
187,4,4,4,1036840
224,3,2,3,1102034
277,5,5,4,1438121
181,3,2,3,939024
106,1,1,1,524033
62,1,1,0,312108
78,2,1,2,424644
228,4,3,3,1153122
190,4,4,3,1039355
173,2,1,1,819252
51,1,1,0,260797
259,4,3,3,1282745
113,2,2,1,548189
179,2,1,1,863417
88,1,1,1,427866
113,1,1,1,506944
55,1,1,1,265534
155,3,3,3,846169
167,2,1,2,816231
203,3,2,2,1012794
186,4,3,4,975097
244,4,4,3,1223814
135,2,1,2,690180
197,4,3,4,1012316
180,3,2,3,888532
100,1,1,0,453019
240,5,4,4,1249097
70,2,1,1,382792
249,6,5,4,1325725
62,1,1,0,299019
257,5,4,4,1319283
254,4,3,4,1281264
288,5,4,4,1442877
298,5,4,4,1530893
51,1,1,0,267526
281,4,3,3,1392083
276,5,4,4,1393353
149,4,3,4,867773
83,3,3,2,489765
106,1,1,1,530225
188,4,3,4,980871
130,1,1,0,588804
176,3,2,3,868725
119,2,2,2,641953
112,2,2,1,547484
248,4,3,4,1237467
154,3,2,2,805809
53,1,1,1,302886
287,5,5,4,1464047
138,4,4,4,787784
160,3,3,3,821170
283,5,4,4,1433317
221,4,4,3,1140252
63,1,1,0,315281
101,2,1,1,529984
265,6,5,4,1399731
290,6,5,4,1502017
282,6,5,4,1487181
182,3,3,3,909948
163,4,3,3,891079
61,2,2,1,332819
268,5,4,4,1379054
148,4,3,3,842073
211,4,4,4,1121614
268,5,5,4,1403641
125,1,1,1,573877
185,4,3,3,992819
49,1,1,0,231861
296,5,4,4,1529356
213,3,2,2,1005729
76,1,1,1,363496
194,5,5,4,1098711
101,1,1,0,445150
174,2,2,1,803316
92,3,2,2,506500
298,5,5,4,1545097
67,2,1,2,369074
87,3,3,3,534861
170,2,1,1,806106
186,3,2,3,914981
94,2,2,1,472099
88,2,1,2,483101
177,3,2,3,879235
54,1,1,0,244283
230,4,4,3,1171201
256,6,5,4,1366279
237,4,4,4,1253972
252,6,5,4,1375331
72,1,1,0,332897
53,1,1,0,244629
158,4,4,3,860383
245,4,3,4,1245820
80,2,2,2,481299
114,3,2,3,646557
143,4,4,3,802166
221,5,4,4,1174510
89,2,1,1,462953
214,3,2,3,1029351
135,2,2,1,656799
248,4,3,3,1241051
133,2,1,2,654549
254,4,3,3,1244174
169,3,3,2,840741
90,2,1,1,468211
263,4,4,3,1299798
60,1,1,0,297621
264,6,5,4,1432205
177,3,3,2,929764
201,4,3,4,1055657
157,3,3,2,795417
90,2,1,1,454982
300,5,5,4,1560400
121,2,1,2,612790
260,4,4,4,1329045
131,2,2,1,670316
109,3,2,3,613491
46,2,2,2,302208
249,5,4,4,1277819
271,6,5,4,1459980
195,5,5,4,1107410
126,1,1,1,558185
63,2,1,2,365407
292,5,4,4,1468820
205,4,3,4,1048515
202,5,5,4,1100639
122,1,1,1,595678
174,3,2,3,873628
133,1,1,1,639096
189,2,1,1,890747
297,5,4,4,1504782
172,2,2,1,813501
160,3,3,2,848449
78,1,1,0,367152
252,5,4,4,1340892
95,1,1,0,417970
127,2,2,1,647425
187,2,1,1,894970
60,1,1,0,285378
262,4,3,4,1293724
96,3,2,2,527479
128,1,1,0,589572
273,4,3,3,1368526
186,2,1,1,853717
288,4,3,3,1427765
299,4,4,4,1460787
98,3,2,3,582409
71,1,1,1,381604
283,5,5,4,1474801
106,1,1,1,495529
159,3,2,2,780283
286,5,5,4,1477111
115,3,2,2,624667
102,3,2,3,556201
101,3,2,2,593773
148,4,4,4,855739
106,2,2,2,586086
161,2,2,2,798877
99,1,1,1,479650
52,1,1,1,303228
61,1,1,1,328052
195,4,3,3,1045431
247,4,3,3,1232005
64,2,2,2,410303
278,5,5,4,1413905
244,5,5,4,1298434
105,2,2,1,517861
209,3,2,3,1062431
197,4,4,3,1014689
290,4,3,3,1410853
68,1,1,1,369209
153,2,1,1,714510
194,3,2,2,926469
199,3,3,2,1018149
52,1,1,0,241057
96,2,1,2,502412
231,5,5,4,1261921
170,3,3,2,863306
91,1,1,1,411319
105,2,2,2,544011
124,3,3,2,670775
286,5,5,4,1494988
101,2,1,2,551680
297,5,4,4,1489749
235,5,4,4,1237742
177,3,3,2,922366
281,5,4,4,1408436
123,2,2,2,652301
234,4,4,4,1215507
117,1,1,0,533336
97,1,1,0,424407
282,4,4,4,1439189
179,4,3,4,979353
76,1,1,1,368043
202,4,3,3,1075639
271,5,4,4,1398181
211,5,4,4,1116464
127,2,2,2,669900
246,5,4,4,1272385
198,3,3,3,1003689
173,3,2,3,895375
238,4,3,4,1188030
150,3,2,3,787187
258,5,5,4,1342879
265,6,5,4,1441715
60,1,1,0,276558
74,1,1,0,340820
48,1,1,0,245681
147,4,3,4,840471
275,6,5,4,1445596
143,3,3,3,748386
287,6,5,4,1497961
175,3,3,2,902449
59,1,1,0,316183
137,3,2,3,750524
111,3,2,2,581108
135,2,1,2,641769
99,1,1,1,486480
295,6,5,4,1515986
261,5,4,4,1333529
235,3,3,3,1185863
251,5,4,4,1292716
98,3,2,2,560906
136,2,1,1,673147
256,4,3,4,1271283
248,5,5,4,1290568
261,4,3,4,1310644
54,1,1,1,267515
273,4,4,3,1335756
194,4,3,3,1010883
279,5,5,4,1441489
159,2,2,1,775709
187,4,4,3,1008786
47,1,1,1,274960
211,4,3,3,1112935
224,4,3,3,1158176
160,3,3,2,850683
297,5,4,4,1533042
105,3,2,3,609743
69,1,1,0,311020
265,6,5,4,1425328
214,4,4,3,1122039
200,4,3,4,1041352
236,3,3,2,1153339
267,5,4,4,1397432
298,5,5,4,1507717
67,1,1,0,333395
68,1,1,0,357852
235,4,3,3,1174316
177,2,1,1,855300
125,2,1,1,591519
133,1,1,0,595030
79,1,1,1,419166
214,4,3,3,1108313
160,3,3,3,868180
62,1,1,1,333956
151,3,2,2,802553
128,2,1,2,616296
263,5,4,4,1354329
163,2,1,2,801926
183,2,1,1,850719
215,5,5,4,1151698
105,2,1,2,535311
146,2,2,2,719449
235,4,3,3,1215402
52,2,1,2,328403
92,2,2,2,513172
95,2,1,2,496251
83,2,1,2,441004
163,4,3,4,924631
185,4,4,3,1007763
249,5,5,4,1349605
117,1,1,0,533797
162,2,1,1,776643
182,3,2,3,894403
142,3,2,2,730588
162,3,3,2,830227
93,2,1,1,450177
98,2,1,1,498509
271,6,5,4,1425300
283,5,5,4,1489958
112,2,1,1,569812
175,3,2,2,894231
48,1,1,1,232316
265,6,5,4,1396695
165,3,3,3,843243
228,3,2,3,1114223
193,5,5,4,1113495
215,4,3,3,1122779
209,5,5,4,1149311
133,1,1,1,618205
109,2,2,2,558002
208,4,3,4,1068660
126,2,1,2,597765
99,2,2,2,512810
198,5,4,4,1070966
173,3,2,2,893376
131,2,1,2,623914
192,3,2,2,957081
258,6,5,4,1356205
113,3,3,2,620788
220,3,3,3,1080727
139,2,2,2,712202
65,1,1,0,289270
88,2,1,2,487604
147,3,2,2,747921
282,4,3,3,1378455
47,1,1,0,245060
118,3,3,2,645595
249,5,5,4,1335697
259,4,4,4,1346836
111,3,3,2,641646
226,3,2,3,1090159
282,5,4,4,1439164
91,3,3,2,567389
159,2,1,1,772344
255,4,3,4,1273554
92,3,3,2,528510
95,3,3,3,601977
192,2,1,2,886109
282,6,5,4,1485635
260,4,4,3,1330776
173,3,2,2,891260
187,4,3,4,990882
219,3,3,2,1054471
298,5,4,4,1524300
138,2,1,2,684323
157,4,4,4,911960
181,2,2,1,845553
182,3,3,3,960575
145,4,4,4,848373
50,1,1,1,288640
234,4,4,3,1197195
66,1,1,0,303166
267,5,4,4,1348610
218,4,4,4,1149169
182,3,2,3,937986
187,3,3,2,969137
61,1,1,0,286360
263,4,4,4,1362071
255,4,4,3,1287858
179,3,2,3,881157
247,5,4,4,1319662
224,5,5,4,1241445
284,5,5,4,1464285
79,1,1,0,378843
235,3,2,2,1127675
288,5,4,4,1487526
202,4,3,4,1074986
242,3,3,2,1169211
255,6,5,4,1399944
63,1,1,1,310098
262,5,4,4,1353375
292,6,5,4,1549970
252,6,5,4,1340395
138,4,4,4,841318
188,2,1,2,890897
265,5,4,4,1384318
68,2,2,1,394128
257,5,5,4,1370037
291,6,5,4,1544551
210,3,3,2,1020109
105,3,2,3,609461
261,4,4,4,1300149
253,6,5,4,1387580
76,1,1,0,370071
52,2,1,1,321648
86,2,2,1,469021
123,3,3,2,696234
164,4,3,4,921135
48,2,2,2,298847
252,5,4,4,1298916
165,2,1,2,780823
54,1,1,1,305596
259,6,5,4,1397043
136,1,1,1,611642
46,1,1,0,223996
163,3,2,2,841303
120,1,1,0,544150
286,4,4,4,1445201
183,3,2,3,952470
71,1,1,1,384034
117,1,1,0,517488
274,4,3,4,1338365
124,3,3,2,679046
69,1,1,0,336720
78,2,1,2,405444
129,3,2,3,722386
198,4,3,3,1030592
120,2,1,2,613375
186,2,1,2,884578
46,2,1,2,317467
101,2,2,2,535884
112,1,1,0,538494
53,1,1,1,254323
134,3,2,3,707190
182,3,3,3,949701
139,3,3,3,786781
48,1,1,0,262820
196,4,4,3,1053298
236,4,4,3,1216575
91,2,1,2,474070
172,2,1,2,827747
276,6,5,4,1469179
237,5,4,4,1271828
195,4,4,4,1029713
202,3,3,3,1006969
262,5,4,4,1379158
233,4,3,3,1204859
249,5,4,4,1295886
276,6,5,4,1447317
249,6,5,4,1324134
163,4,3,4,895026
282,6,5,4,1462876
235,4,4,3,1182840
70,1,1,1,334092
129,3,2,2,677954
258,6,5,4,1390902
253,5,4,4,1314304
124,2,1,2,638050
289,6,5,4,1513352
140,3,3,2,736733
107,2,2,1,523601
173,3,2,3,865716
142,2,1,1,675775
50,1,1,0,241978
197,3,3,3,981020
79,1,1,0,401863
190,2,1,2,873746
53,1,1,1,260581
285,5,4,4,1466233
212,5,5,4,1184046
114,2,1,2,587503
122,1,1,0,547474
163,2,2,2,798656
97,2,2,1,538389
62,1,1,0,331028
47,1,1,1,241522
46,2,2,2,285786
265,5,5,4,1407656
193,3,3,2,991727
202,5,5,4,1139984
128,2,1,1,633634
144,4,4,4,813152
51,1,1,1,274697
145,3,2,3,757912
76,1,1,0,381848
136,1,1,1,653812
81,1,1,0,366960
280,4,3,4,1407956
139,3,3,3,783284
274,5,4,4,1410134
265,4,4,4,1371754
110,2,2,1,590989
47,2,2,2,288394
81,2,1,2,414086
292,5,4,4,1458541
182,3,3,2,910163
63,1,1,0,300164
222,3,2,3,1117067
276,5,5,4,1448048
232,4,3,4,1161473
296,6,5,4,1531881
50,1,1,1,258901
204,3,3,2,1035682
172,3,2,2,886108
57,1,1,1,317793
127,1,1,1,621387
249,5,4,4,1307807
51,1,1,1,252518
218,3,3,3,1104954
268,5,4,4,1375049
258,5,4,4,1323043
284,5,5,4,1470773
72,2,2,1,406534
292,4,3,3,1439931
105,1,1,0,459168
92,2,1,2,479210
96,1,1,1,467477
218,3,3,2,1097051
249,5,4,4,1280103
251,4,4,4,1308544
126,2,1,2,612003
285,4,4,4,1416867
231,4,4,4,1219805
74,1,1,0,352884
77,1,1,0,390327
218,4,4,4,1175035
293,6,5,4,1557798
253,5,4,4,1335679
237,3,3,2,1125291
115,3,2,3,610077
111,2,2,2,552589
155,4,4,3,859669
71,2,1,1,377167
247,4,4,3,1248711
67,1,1,1,326831
49,1,1,0,257246
67,1,1,0,347188
166,2,1,2,774064
56,1,1,0,293325
147,4,4,4,865020
232,4,3,3,1169117
66,1,1,0,298919
282,5,5,4,1472757
209,4,4,3,1067673
208,4,4,4,1097186
160,2,1,1,766328
106,3,3,3,623894
153,3,3,3,812692
252,5,4,4,1295191
108,3,3,2,603237
253,6,5,4,1385790
254,4,4,3,1274089
261,4,4,3,1302620
274,5,5,4,1396850
112,2,2,1,565384
231,3,2,3,1109244
47,1,1,0,254924
91,3,3,2,531911
261,4,4,4,1335691
76,1,1,0,348954
199,3,2,2,985514
212,4,4,4,1096110
237,4,4,3,1188761
208,5,4,4,1147961
280,4,3,4,1388490
198,5,4,4,1080233
243,3,2,2,1189344
210,5,5,4,1152951
48,1,1,0,265193
140,3,3,3,784513
90,2,1,1,483803
96,2,1,1,495749
229,5,5,4,1221022
142,3,3,2,776920
113,2,2,2,577578
65,1,1,1,316733
128,3,3,3,722056
140,3,2,3,745024
166,3,2,3,865910
117,1,1,0,549358
138,2,1,2,692737
45,1,1,0,216939
134,2,2,1,647721
197,5,4,4,1112691
49,2,2,2,348293
88,2,2,2,463912
244,3,3,3,1197401
80,1,1,0,350930
46,2,2,1,278188
124,2,2,1,651674
110,3,3,3,636596
156,3,2,3,839310
62,2,2,2,394248
289,4,4,3,1414387
230,3,2,3,1144269
62,1,1,0,314288
200,4,4,3,1074705
64,2,2,1,348468
298,5,4,4,1509614
232,4,4,4,1203941
115,2,1,2,605421
126,1,1,0,588506
252,5,5,4,1361270
179,4,3,4,973396
274,5,5,4,1438115
151,2,1,2,751257
187,2,2,2,873653
206,4,3,4,1088339
151,3,3,3,797637
155,3,2,2,800697
176,4,3,3,914808
125,1,1,1,593364
192,3,2,3,933467
47,1,1,1,254035
128,2,1,2,638217
198,4,3,4,1041663
281,6,5,4,1509771
110,2,2,2,551788
213,4,3,4,1112820
70,2,1,1,392738
175,3,3,3,909640
183,4,3,4,986371
264,6,5,4,1391435
168,2,2,1,789794
247,3,2,2,1186013
117,3,2,3,643665
112,1,1,1,519545
227,4,4,4,1173604
214,5,5,4,1165281
228,5,5,4,1213881
175,4,4,4,937374
48,1,1,1,251723
257,5,5,4,1347823
81,2,2,2,442934
211,3,2,2,1055643
176,3,3,2,918652
286,5,4,4,1480738
148,3,3,3,766713
164,3,3,2,865653
77,2,1,1,403152
144,2,2,2,700884
153,4,3,3,814563
215,3,2,2,1053892
187,2,1,2,897176
51,2,1,2,321284
293,6,5,4,1522661
123,2,1,1,593361
244,4,3,4,1229625
66,2,1,2,394582
238,5,5,4,1282154
209,5,4,4,1149156
54,1,1,0,282913
266,4,3,4,1318912
120,1,1,0,540184
116,2,2,1,588913
142,3,2,2,722300
94,3,3,3,557523
268,6,5,4,1403050
203,3,3,3,1056175
126,2,1,1,637191
208,5,5,4,1155991
260,5,4,4,1330030
264,4,4,4,1357752
188,3,3,3,988561
291,5,4,4,1504860
272,5,4,4,1395801
138,3,2,3,711647
91,3,2,3,559248
120,3,3,3,684905
204,5,4,4,1093811
165,3,3,2,836422
287,4,4,3,1402328
132,2,2,1,627753
264,5,5,4,1357445
188,4,4,4,1037689
177,2,2,2,861932
205,4,3,3,1083644
65,2,1,2,374697
78,1,1,1,387982
74,1,1,1,349786
252,5,5,4,1330336
150,2,1,1,727908
290,6,5,4,1503584
249,4,3,3,1256192
59,1,1,0,270937
243,3,2,2,1174123
295,4,4,4,1487875
63,1,1,1,331013
112,2,2,1,580032
118,3,2,2,624615
268,5,5,4,1386499
206,3,3,3,1030689
280,6,5,4,1468172
226,5,4,4,1205183
165,2,1,1,752563
210,4,4,3,1113652
207,5,4,4,1104721
92,3,2,3,558990
188,3,2,3,939693
152,2,1,2,710587
202,5,4,4,1124718
123,2,2,1,600605
250,6,5,4,1361142
246,3,2,3,1216762
275,6,5,4,1440212
199,4,4,4,1071379
194,4,4,4,1054450
195,3,2,3,992554
263,5,4,4,1359911
156,3,3,3,813528
300,5,4,4,1525161
300,5,5,4,1544414
120,3,2,2,648360
246,4,3,3,1239223
90,2,2,2,506109
128,2,1,1,610266
91,3,3,2,547244
222,4,3,4,1168638
244,3,3,2,1173453
194,5,5,4,1085278
135,1,1,1,630702
190,2,2,2,932544
103,3,2,3,558792
217,3,2,2,1027441
93,3,2,3,575008
95,2,2,2,528754
290,6,5,4,1541562
149,4,4,4,829492
110,2,2,2,591544
168,3,2,2,844436
223,3,3,2,1073239
141,4,4,4,824325
108,3,3,3,626141
84,1,1,1,429729
246,4,4,3,1273369
61,1,1,0,313767
157,3,2,2,829359
151,4,4,3,879599
260,6,5,4,1368146
287,6,5,4,1485212
200,4,4,3,1044979
195,3,2,2,946076
224,3,3,3,1140601
247,4,4,4,1248582
237,3,2,3,1137543
295,5,5,4,1488357
227,5,5,4,1236584
125,2,2,2,635617
179,2,2,1,824525
155,3,2,2,810690
216,4,3,3,1130709
183,3,3,3,944130
117,2,1,1,564106
285,5,4,4,1440560
229,4,4,3,1173296
291,5,4,4,1472635
92,1,1,1,448870
283,5,4,4,1424382
49,1,1,1,252504
169,4,4,4,939647
93,2,1,2,491502
71,1,1,1,342138
88,2,1,1,443871
92,1,1,0,427785
291,6,5,4,1544641
52,2,1,2,292777
68,2,2,2,391338
110,2,2,1,559643
46,1,1,0,222216
81,1,1,0,399516
145,2,2,1,683459
139,3,2,2,727712
266,5,5,4,1406455
212,4,3,4,1122955
93,1,1,0,405389
251,6,5,4,1330956
206,3,3,3,1057600
117,1,1,1,547214
172,3,2,2,842292
114,2,1,1,552739
163,3,2,2,798692
235,5,4,4,1220265
68,1,1,0,315378
202,4,3,3,1030011
161,3,3,2,839083
238,3,2,2,1126542
175,3,3,3,900840
109,2,2,1,561607
249,5,5,4,1318862
47,1,1,1,253541
143,3,2,2,759420
227,4,4,4,1197123
287,5,5,4,1462022
286,5,5,4,1500912
92,2,1,2,480895
234,4,3,4,1198776
244,4,4,3,1268969
76,2,2,2,412096
181,4,4,3,963532
252,5,4,4,1342950
271,5,5,4,1430364
207,4,4,3,1093178
253,5,5,4,1317698
193,4,4,4,1051422
122,2,1,2,611517
86,2,2,2,460078
159,3,3,2,840011
191,4,4,4,1020344
58,2,1,2,359489
120,2,2,1,615364
84,3,2,3,535190
159,2,1,2,794581
145,4,3,3,794046
56,2,1,2,311772
239,3,3,2,1183591
47,1,1,1,278780
291,4,3,4,1454166
185,3,2,2,896027
191,4,3,4,1037514
271,6,5,4,1450303
187,3,2,3,966610
196,4,4,3,1063673
142,2,2,1,716424
198,3,2,3,1011382
179,2,1,1,846876
256,6,5,4,1350995
254,6,5,4,1381490
159,3,3,2,836126
101,1,1,1,459240
131,2,1,1,629503
171,3,2,2,841959
160,3,3,3,830119
288,6,5,4,1524534
185,2,2,1,902101
180,2,1,1,865687
267,6,5,4,1396243
173,2,1,2,795283
189,2,1,1,902402
204,4,3,3,1060510
258,6,5,4,1389270
61,1,1,0,288335
118,1,1,1,556495
213,4,4,3,1085526
152,3,2,2,777283
76,2,1,2,442075
96,2,2,1,479432
210,5,4,4,1160820
298,4,3,3,1471894
95,2,1,1,471887
282,4,3,3,1372361
92,1,1,1,470176
198,4,3,4,1061291
83,2,2,2,490248
233,5,5,4,1279973
264,5,4,4,1372114
85,1,1,1,425282
101,3,2,3,561296
172,3,2,3,867009
69,1,1,0,324788
156,3,2,3,820312
266,5,5,4,1388841
174,3,3,2,880979
134,3,3,2,691932
116,2,2,2,620429
78,2,2,2,441513
244,4,3,3,1195807
234,3,3,3,1156384
223,5,4,4,1187459
196,4,3,4,1049021
89,3,2,3,526290
113,2,2,2,562296
177,4,3,4,928878
66,1,1,1,312489
158,2,2,2,806036
137,2,1,2,694388
97,1,1,1,462215
75,1,1,1,351885
117,1,1,1,530442
143,2,1,2,725628
127,2,1,1,622589
120,2,1,1,575606
51,1,1,1,298975
124,2,2,2,608893
45,1,1,0,249598
182,4,3,3,957846
97,1,1,1,479113
60,1,1,1,331102
271,5,4,4,1419309
48,2,2,1,314513
229,5,4,4,1223153
168,2,1,1,814403
82,1,1,0,398167
192,3,2,3,937459
215,4,3,4,1105868
285,6,5,4,1515022
110,1,1,0,517045
159,2,2,1,788345
221,5,4,4,1185651
104,2,1,1,543795
272,5,4,4,1408476
52,1,1,1,268975
297,5,5,4,1528099
187,3,2,3,950901
265,4,4,4,1373580
123,3,2,3,646969
69,2,2,2,405926
168,3,3,3,873930
272,4,3,4,1347263
118,3,3,2,639192
259,4,4,3,1283975
228,4,3,4,1154343
290,6,5,4,1507382
182,3,3,3,964740
137,2,1,2,687657
139,3,2,3,721210
153,3,2,2,771550
85,3,2,3,490248
214,4,3,4,1122144
100,2,2,2,536050
189,2,2,1,919463
300,6,5,4,1548189
129,2,2,1,628473
154,3,2,3,817079
194,4,3,3,1039395
87,2,1,2,448234
68,1,1,0,338255
267,6,5,4,1420407
125,1,1,1,563287
116,2,1,2,560902
253,6,5,4,1356139
168,3,3,3,889191
152,4,3,4,836902
109,2,1,1,518737
163,3,2,3,845441
228,3,2,2,1071554
259,4,3,3,1294578
167,3,2,3,867966
160,4,4,3,898564
76,1,1,0,344245
219,5,4,4,1156382
139,3,3,3,773676
297,4,4,4,1488702
203,3,3,2,996470
45,1,1,0,210959
164,2,2,2,805305
83,2,2,2,453580
270,5,4,4,1361842
105,2,2,1,556412
98,1,1,1,467643
260,6,5,4,1384583
135,3,3,2,704193
58,1,1,1,302846
73,2,1,1,369815
112,2,1,1,549010
289,6,5,4,1525035
289,6,5,4,1499926
114,2,1,2,554867
227,4,3,3,1147208
190,3,3,2,986743
299,4,3,4,1495230
122,2,1,1,568024
59,1,1,1,326453
170,3,2,2,838577
118,2,2,2,620884
239,5,4,4,1262175
177,2,2,1,866923
299,6,5,4,1583627
219,4,3,3,1094976
95,2,1,2,519679
225,4,4,4,1166191
139,4,4,3,827914
233,3,2,3,1116598
188,3,3,2,971539
172,4,4,4,944979
242,5,5,4,1296064
270,5,5,4,1389792
187,3,3,2,915820
202,5,4,4,1075780
256,5,5,4,1345305
215,3,2,2,1070778
260,5,5,4,1383593
297,5,4,4,1520416
56,2,1,2,348080
182,3,2,2,913117
101,2,2,2,569250
47,1,1,0,229582
297,6,5,4,1577084
221,5,5,4,1197682
104,2,1,2,506387
149,3,2,2,755976
276,5,4,4,1415344
124,1,1,1,552996
247,5,5,4,1283170
247,4,4,3,1268368
116,3,2,2,605594
79,1,1,0,398651
70,1,1,0,332408
174,3,2,2,869512
276,6,5,4,1474507
252,6,5,4,1353381
49,1,1,1,292169
267,5,4,4,1375879
188,2,1,1,852140
178,3,2,2,883123
70,1,1,0,365911
214,4,4,3,1116942
221,3,2,2,1073535
63,1,1,0,281614
189,2,2,1,868986
223,5,5,4,1186570
154,3,2,2,775785
156,4,4,4,878153
225,3,2,2,1096924
51,1,1,1,267197
189,4,3,4,1032902
275,5,4,4,1421858
64,1,1,0,308328
149,4,3,4,815921
99,2,2,2,554152
261,4,3,4,1334372
242,5,5,4,1304915
146,3,3,2,773427
66,1,1,1,340347
151,3,2,3,783566
79,1,1,1,388618
121,2,1,2,591890
171,3,3,2,872621
249,5,4,4,1332137
291,5,4,4,1493850
214,4,4,4,1136717
293,5,4,4,1458023
122,2,1,1,624444
281,5,5,4,1453380
158,3,3,2,834410
234,3,2,3,1117043
234,4,4,3,1185433
47,2,1,1,285472
286,5,4,4,1478369
159,3,3,3,842545
278,4,3,4,1360788
208,4,4,4,1088603
45,1,1,1,276467
87,2,1,1,472616
117,2,1,1,563746
193,5,4,4,1060458
292,6,5,4,1546036
263,4,4,3,1316254
231,5,5,4,1241587
278,6,5,4,1477397
238,4,3,4,1234651
181,2,1,2,838183
127,2,1,2,646105
231,4,4,3,1202718
138,3,2,2,740423
177,3,2,3,870792
230,4,4,3,1180612
70,1,1,1,373681
103,1,1,0,494438
94,1,1,1,469254
122,3,2,2,656424
61,1,1,1,320934
151,3,3,3,817382
278,5,4,4,1413541
150,3,3,2,798329
140,2,2,2,704932
91,2,2,1,511936
256,6,5,4,1398435
124,1,1,0,566230
116,3,3,3,640784
117,2,2,2,594692
130,3,2,3,672171
65,1,1,0,321789
245,3,2,3,1198682
238,3,3,2,1167215
57,1,1,0,306395
118,3,2,3,664309
148,2,1,1,695589
260,5,5,4,1390203
51,1,1,0,274542
64,1,1,0,318044
272,4,3,4,1382342
67,1,1,1,355210
187,2,2,1,897359
70,1,1,1,368286
157,4,4,4,867201
169,4,4,3,931782
57,1,1,0,296596
264,4,4,4,1361905
279,5,5,4,1473935
222,4,3,3,1103781
223,4,3,3,1162093
266,6,5,4,1427749
193,4,3,3,1028555
202,4,4,3,1066488
253,5,4,4,1316177
293,6,5,4,1533963
298,6,5,4,1564735
155,4,3,4,870700
228,3,2,3,1141212
127,3,3,2,701205
126,2,2,2,643706
272,4,3,4,1368577
248,4,4,4,1254676
140,2,2,2,712062
168,3,2,2,837798
219,5,5,4,1174780
267,5,5,4,1385823
57,1,1,0,273180
60,1,1,0,315672
270,4,4,4,1367643
141,2,1,2,717046
247,4,3,4,1226661
103,2,2,1,507275
229,3,2,2,1089963
183,3,3,3,935510
282,4,3,3,1404121
117,2,1,1,551063
121,2,1,1,603388
245,3,3,3,1184201
56,2,2,1,318072
127,2,1,2,641031
152,2,1,2,717419
66,1,1,0,291498
114,2,1,2,589477
261,5,5,4,1365021
167,4,4,3,934097
212,5,4,4,1137393
245,4,4,4,1247758
70,2,2,1,388716
200,4,4,3,1043671
214,3,3,3,1085746
264,6,5,4,1422463
182,3,3,2,936742
225,5,4,4,1226534
298,5,5,4,1550986
198,4,3,3,1002520
280,6,5,4,1446299
193,4,3,4,1045157
156,3,3,2,841299
265,5,4,4,1341558
201,4,3,4,1075433
61,1,1,1,314574
129,1,1,1,582715
188,3,2,2,946274
284,6,5,4,1522240
117,2,2,2,621109
47,1,1,0,238037
115,2,2,1,577222
64,1,1,1,319311
56,1,1,1,276944
220,4,3,3,1152562
282,5,4,4,1460591
296,5,4,4,1522464
96,1,1,0,459245
225,3,3,2,1100286
228,4,4,4,1169364
267,6,5,4,1398675
71,1,1,0,345837
143,3,3,3,767027
86,2,2,1,484509
86,2,2,1,437337
289,5,5,4,1479290
157,4,3,4,852294
287,5,4,4,1462260
147,3,3,3,786649
93,2,1,2,513024
288,5,5,4,1504476
262,5,4,4,1376765
262,4,4,3,1320899
271,6,5,4,1446810
75,2,1,1,407551
265,5,4,4,1380531
217,3,3,3,1059287
204,4,3,4,1088058
118,2,2,2,596513
96,2,1,2,522425
162,2,2,2,822119
91,2,1,1,444719
234,4,4,4,1208803
68,1,1,0,305616
171,3,2,3,867911
234,5,5,4,1239911
77,1,1,1,390097
57,1,1,0,311074
88,2,2,1,469165
235,4,3,3,1200936
125,3,3,2,698446
99,2,1,2,493438
103,3,2,3,617795
218,3,3,2,1100779
127,1,1,0,591312
87,1,1,0,432145
124,2,1,1,599822
83,2,2,1,464124
280,6,5,4,1496651
58,1,1,1,303537
45,2,2,2,330734
86,2,1,1,430865
185,3,2,2,941009
135,1,1,1,643654
169,4,3,3,927609
203,4,3,3,1060557
206,5,5,4,1113295
166,2,2,1,807822
150,3,3,3,818526
223,4,3,3,1121334
262,4,3,3,1327639
169,3,3,2,843497
69,1,1,0,318827
188,4,3,3,994349
203,4,3,3,1028057
165,3,3,2,833390
61,1,1,1,318473
107,3,2,3,630522
49,1,1,1,249891
239,3,3,3,1190268
293,6,5,4,1503625
66,1,1,0,295494
176,2,1,2,867055
49,2,1,2,289623
182,3,2,3,897228
137,2,2,1,681074
235,3,2,2,1138777
180,3,3,3,923813
260,6,5,4,1384552
218,5,4,4,1172321
264,6,5,4,1407582
273,4,4,3,1389073
262,5,5,4,1352382
113,3,3,3,654245
157,2,2,2,777802
151,4,3,3,838882
289,5,4,4,1488604
116,2,2,2,577711
199,4,4,4,1049328
298,6,5,4,1521655
196,3,2,3,976469
94,2,1,1,472349
140,3,2,2,738384
248,6,5,4,1328765
290,4,4,4,1440525
238,5,5,4,1258785
238,4,3,3,1186838
157,4,3,4,891171
161,2,2,1,796143
119,1,1,1,531578
241,4,3,4,1200421
67,1,1,1,358081
119,1,1,1,538963
110,2,2,2,556131
143,2,1,1,682851
250,4,4,4,1296377
274,5,5,4,1433918
274,4,4,3,1394701
114,1,1,0,499033
187,4,4,4,1010727
93,1,1,1,423644
297,5,5,4,1548863
169,2,2,1,835135
93,2,2,2,531178
225,5,4,4,1178773
259,5,5,4,1364781
81,1,1,0,378887
130,1,1,0,601139
51,2,1,2,314558
223,4,3,3,1131094
158,3,3,2,845181
168,2,2,2,809147
63,1,1,0,293503
288,5,5,4,1478951
215,4,4,4,1164231
165,2,1,2,816745
187,3,2,2,956088
209,4,3,4,1114800
184,2,1,2,877346
79,1,1,1,418653
136,1,1,0,610795
64,1,1,0,319250
178,3,3,2,930655
151,3,3,2,769348
205,5,4,4,1127525
169,2,2,2,829964
217,3,3,3,1079147
282,5,5,4,1466257
135,1,1,1,636684
141,3,2,3,744444
77,1,1,0,377143
285,5,5,4,1443886
289,5,4,4,1483848
160,3,2,2,803029
112,2,1,2,544564
162,2,2,1,763512
165,4,4,4,954099
52,1,1,1,265417
182,3,3,3,918577
60,1,1,0,317986
233,3,3,3,1149558
224,3,2,3,1109881
78,1,1,1,356128
190,2,2,2,907039
143,2,1,2,671151
208,4,3,4,1112569
211,3,2,2,1022466
83,1,1,0,382460
241,4,4,3,1248309
134,1,1,0,607275
240,5,5,4,1292318
133,2,2,1,644785
241,3,3,2,1195907
78,1,1,0,391943
201,4,4,3,1050471
46,2,2,1,297779
141,3,3,2,734410
198,4,3,4,1029276
286,5,4,4,1456785
175,2,2,2,874210
192,3,3,2,983074
135,3,2,3,715513
55,2,2,1,324283
56,1,1,1,303096
184,4,3,3,979110
263,6,5,4,1388331
210,3,3,3,1047504
67,1,1,0,346997
148,2,1,2,707554
114,3,2,3,623464
250,6,5,4,1349489
177,4,3,4,973327
99,3,2,3,580088
71,1,1,1,385718
87,1,1,0,430725
178,4,3,4,957302
290,5,5,4,1510703
211,3,3,2,1050774
261,4,3,4,1312404
194,4,3,3,1002417
151,3,3,3,779422
187,3,2,3,962618
254,6,5,4,1359289
204,3,2,3,1041863
136,3,2,3,751689
130,2,2,1,636704
62,1,1,0,329905
168,3,3,3,898396
133,3,3,2,728834
255,5,5,4,1365724
253,4,4,3,1270773
224,4,3,3,1111224
85,2,2,2,482392
215,3,2,2,1063747
195,4,3,4,1033124
224,5,5,4,1244227
155,4,4,4,862612
71,1,1,0,327828
200,4,3,4,1050408
238,4,3,3,1203807
81,1,1,0,377499
270,6,5,4,1450796
69,2,1,1,400858
273,5,5,4,1421811
281,6,5,4,1508539
114,3,2,3,633930
205,3,3,3,1022364
298,5,5,4,1539202
167,3,3,2,868898
226,4,4,4,1202790
174,2,1,2,824312
283,6,5,4,1460239
180,3,2,3,909607
284,5,4,4,1458910
272,5,4,4,1375184
83,2,2,1,462312
151,2,1,1,729362
68,1,1,1,338018
248,5,4,4,1317415
193,4,4,3,1032028
215,5,5,4,1170410
137,2,1,2,671569
61,1,1,1,314766
59,1,1,0,309009
170,3,3,3,863098
85,3,3,2,491686
97,2,1,2,527013
186,4,4,3,988644
201,5,5,4,1095295
254,6,5,4,1384021
281,6,5,4,1486084
120,1,1,0,541173
251,5,5,4,1333721
79,1,1,0,390128
163,2,1,1,770130
261,5,4,4,1341434
291,5,5,4,1527140
124,1,1,0,557036
79,1,1,1,384447
61,1,1,1,313761
169,3,2,3,865539
218,4,4,4,1137210
199,4,3,3,1026250
179,3,2,2,921598
130,2,2,1,671939
227,3,3,3,1117722
299,6,5,4,1539155
91,2,2,1,486327
141,2,1,2,693893
236,4,4,4,1243823
207,3,3,2,1039163
231,4,3,4,1190269
212,4,3,4,1120660
83,2,2,2,458258
101,3,3,3,617869
136,2,1,1,662708
157,3,2,2,818394
73,1,1,1,391363
242,4,4,3,1249509
133,2,1,1,656763
234,5,4,4,1264877
97,2,1,2,485540
286,5,5,4,1451911
196,5,4,4,1066548
87,2,2,2,464230
72,1,1,0,317955
142,2,2,2,683072
275,6,5,4,1483569
69,2,2,2,419292
205,4,4,4,1111589
266,5,5,4,1420287
200,3,2,2,960264
253,5,5,4,1311209
258,5,4,4,1312101
259,4,4,4,1335021
92,1,1,0,409888
173,3,2,3,887697
117,3,2,2,647424
87,3,3,3,520573
240,5,4,4,1269673
144,3,3,2,782673
46,1,1,0,215319
225,5,4,4,1208127
278,4,3,3,1346153
60,1,1,1,316625
218,5,4,4,1195360
142,4,3,3,805380
224,3,3,3,1097007
67,1,1,0,354268
249,4,4,3,1251676
59,1,1,1,276638
259,5,5,4,1350068
275,6,5,4,1472055
56,1,1,1,291750
245,4,3,3,1204145
244,4,4,4,1279573
113,2,2,2,608310
240,4,4,3,1199854
150,4,3,4,856411
110,2,1,1,521402
144,4,3,4,820387
186,4,3,3,964245
53,1,1,0,285402
176,3,2,2,897271
193,4,3,3,996614
280,4,4,3,1383160
270,5,4,4,1418848
92,3,3,2,557317
73,1,1,0,362690
246,5,4,4,1316857
251,6,5,4,1369339
121,2,2,1,636389
126,2,1,1,616733
156,3,2,3,794940
66,2,2,2,398273
197,5,5,4,1114286
298,4,4,4,1474830
157,4,4,4,899052
211,5,5,4,1136400
163,3,2,2,826898
210,4,4,3,1101961
295,5,5,4,1489700
77,1,1,0,364484
272,5,4,4,1421167
297,6,5,4,1532081
182,4,4,4,971114
228,5,5,4,1242667
251,6,5,4,1371557
49,1,1,1,282060
139,2,1,2,703198
143,2,1,2,706322
288,5,4,4,1446075
109,2,1,2,576413
130,3,3,3,726260
69,1,1,0,308227
62,1,1,0,286280
198,3,2,3,1014646
157,4,3,4,895472
249,6,5,4,1338470
212,4,4,4,1150120
53,1,1,0,294090
246,3,3,3,1233285
181,4,3,4,953115
69,1,1,1,363463
198,3,2,2,989169
223,5,5,4,1234226
231,3,2,2,1138837
227,4,3,3,1178819
55,2,2,2,374327
208,4,3,3,1067915
138,4,4,3,806402
234,5,5,4,1246711
247,3,3,2,1220872
291,5,4,4,1488990
78,2,2,2,437869
80,1,1,1,370289
202,4,4,3,1079452
96,3,3,2,566279
170,3,3,3,886834
272,6,5,4,1463526
208,3,3,2,1026300
211,4,4,3,1115054
201,4,4,4,1089273
297,4,4,4,1501874
134,2,1,2,681110
72,2,2,1,392959
102,2,1,2,535311
282,6,5,4,1497915
69,1,1,1,359969
174,4,4,3,968033
192,3,2,2,971050
179,4,3,3,943894
232,5,5,4,1236082
98,2,2,2,540077
294,5,4,4,1496794
213,4,4,3,1122204
205,4,3,3,1065153
232,4,4,3,1216056
221,5,5,4,1196932
95,3,3,2,538183
179,2,1,2,830786
167,3,3,3,845523
198,3,3,2,977090
250,6,5,4,1367810
297,6,5,4,1525558
223,4,4,3,1157560
155,4,4,4,899785
251,4,3,4,1239864
142,4,3,3,770500
280,5,4,4,1452674
98,3,2,3,567747
183,2,2,2,900522
136,2,2,1,668274
124,1,1,0,577354
262,6,5,4,1393530
146,4,4,3,824318
227,5,4,4,1184187
277,5,4,4,1408100
88,2,1,2,491357
99,2,1,1,486632
142,2,2,2,693211
297,5,4,4,1500954
160,3,3,3,844942
77,1,1,0,382510
50,1,1,0,275729
231,5,5,4,1240748
57,1,1,0,296269
257,5,5,4,1370769
79,1,1,1,398025
98,1,1,0,437453
130,1,1,0,580120
126,3,2,2,678576
295,5,5,4,1509841
208,5,5,4,1143342
235,4,3,4,1215986
207,4,4,3,1063568
94,2,1,1,472837
275,5,4,4,1391462
74,1,1,0,352934
264,5,4,4,1392289
299,4,4,4,1501758
113,2,1,1,544707
169,3,2,3,853295
75,1,1,0,357026
131,2,2,1,634018
45,2,2,2,305717
292,4,3,4,1453745
292,6,5,4,1547221
283,6,5,4,1458769
292,6,5,4,1538114
258,5,4,4,1320252
66,1,1,0,333242
198,3,3,2,963530
160,3,3,3,858882
213,5,5,4,1170222
197,3,2,3,955825
210,4,3,4,1117421
173,2,2,1,812638
197,4,4,3,1060613
275,4,3,3,1372325
236,3,2,3,1152905
117,3,3,2,650701
186,3,2,3,923361
79,1,1,0,395980
219,4,4,3,1116014
134,1,1,0,611871
278,5,5,4,1421877
163,3,3,2,863145
197,4,3,3,1023155
230,5,4,4,1248789
88,3,3,3,530227
238,4,4,3,1188303
128,1,1,0,610063
90,2,1,1,436687
214,4,4,3,1100253
218,5,4,4,1174905
86,3,2,2,474340
221,5,5,4,1231740
200,3,2,3,1025642
240,3,3,2,1162700
174,3,3,2,875467
274,6,5,4,1470348
277,6,5,4,1490132
268,4,3,4,1327937
159,3,3,3,856123
164,2,2,1,762723
161,3,2,3,840220
260,6,5,4,1420729
180,3,2,2,886804
188,2,2,2,923137
156,2,1,2,748563
55,1,1,0,275696
71,2,2,2,436808
289,6,5,4,1490845
71,2,2,2,404298
275,5,5,4,1427415
219,5,4,4,1156741
130,3,2,3,705220
217,4,3,3,1118408
50,1,1,1,286604
258,4,4,4,1333019
138,4,3,3,782639
112,3,3,2,640346
271,6,5,4,1447268
236,5,4,4,1255522
253,5,5,4,1340171
284,5,5,4,1481714
88,1,1,0,406035
108,2,2,1,536883
61,2,1,2,337419
128,2,1,1,594000
118,2,1,2,581945
239,3,3,2,1187491
238,4,3,3,1194737
221,4,3,4,1140881
245,4,3,4,1218920
114,2,1,2,593684
69,1,1,1,334433
217,4,4,4,1129483
99,1,1,1,454726
230,4,4,3,1187695
48,1,1,1,256482
199,4,4,4,1090275
60,2,2,2,373674
248,4,3,3,1225587
111,2,1,1,577377
83,3,2,2,500326
211,5,5,4,1169988
112,3,3,2,657435
299,5,4,4,1535323
125,2,2,2,622382
102,3,3,3,592088
103,3,2,2,556359
138,2,2,1,651870
210,3,2,2,1027542
294,5,5,4,1489634
55,1,1,0,249391
295,5,5,4,1501798
79,2,2,2,458400
115,1,1,1,537593
257,5,5,4,1367013
54,1,1,0,266391
274,5,5,4,1449882
71,1,1,0,342741
219,4,3,3,1089677
235,5,4,4,1259140
155,4,3,4,838209
90,2,2,2,502955
123,2,1,2,616412
83,2,2,1,460295
280,4,3,4,1362902
99,3,3,3,603663
112,1,1,1,503224
111,1,1,0,515225
225,4,3,3,1160204
121,3,2,3,671906
146,4,4,3,839088
97,2,2,2,546520
108,1,1,0,519164
272,4,4,3,1330671
283,5,5,4,1479212
101,2,1,2,528984
284,5,5,4,1463062
111,2,1,1,564623
80,1,1,1,411685
275,5,5,4,1431458
132,2,2,1,667038
201,4,4,4,1087005
281,6,5,4,1473917
288,4,4,4,1460927
202,4,3,3,1057598
69,1,1,0,344789
196,4,4,4,1063288
259,4,3,3,1293999
191,2,1,2,916009
226,5,4,4,1203410
110,2,1,2,555031
115,2,2,2,607921
123,1,1,1,595841
163,2,1,2,807006
75,1,1,0,358589
168,2,1,2,785681
138,4,4,3,783549
296,5,5,4,1545793
50,1,1,0,263001
159,3,3,3,841184
201,4,3,3,1067861
210,5,5,4,1178610
289,4,4,3,1457360
55,1,1,1,309406
128,2,2,1,634990
211,3,2,2,1006588
53,1,1,1,270301
277,6,5,4,1453133
119,3,3,2,683983
211,4,4,3,1120018
190,3,2,2,935250
297,5,4,4,1503424
231,4,3,3,1159239
163,4,3,4,889536
153,3,3,2,805245
285,5,5,4,1454984
172,2,1,1,776690
291,5,5,4,1483489
151,2,1,1,714928
203,3,2,2,982809
288,5,4,4,1449109
279,5,4,4,1413883
222,3,3,2,1087598
69,1,1,0,324207
94,1,1,0,431762
227,4,4,3,1193089
181,2,2,1,841181
198,4,4,4,1038266
85,2,2,2,499089
89,2,2,1,478268
63,2,1,1,372943
172,3,2,3,895290
159,3,3,2,837201
285,4,4,4,1455250
205,4,4,3,1106598
245,5,4,4,1289746
112,2,2,1,542543
265,4,4,3,1355402
83,2,2,1,440305
112,1,1,1,526961
82,1,1,1,382482
73,1,1,1,378354
260,6,5,4,1382058
142,3,3,2,785228
66,1,1,0,295354
190,4,3,3,1015016
155,3,3,2,815254
151,2,2,2,763220
103,3,2,2,570314
287,5,4,4,1459955
68,1,1,1,335493
249,5,5,4,1302340
62,1,1,0,320227
294,5,4,4,1505920
193,5,4,4,1067622
152,3,3,3,783562
283,5,4,4,1418858
249,6,5,4,1357844
175,3,3,2,890978
281,4,4,4,1413710
179,2,2,2,872327
258,6,5,4,1410511
217,5,4,4,1166251
200,4,4,3,1050009
232,5,4,4,1217714
90,1,1,0,429572
120,1,1,0,539904
222,5,5,4,1193143
285,6,5,4,1468207
147,2,2,2,748456
291,4,3,4,1413260
235,4,4,3,1174826
97,2,2,1,487476
236,4,4,4,1194758
74,1,1,0,357045
63,1,1,1,333959
279,5,5,4,1437106
238,3,3,2,1129464
148,3,2,2,783223
75,1,1,0,347074
159,3,2,3,834331
160,2,2,2,764970
269,6,5,4,1426886
243,4,4,3,1231142
96,3,2,2,536274
124,3,3,3,668449
47,1,1,0,212848
111,2,2,1,561597
240,5,5,4,1265088
229,3,3,2,1144937
179,2,1,1,826873
80,2,2,2,424847
103,2,1,1,517568
195,4,4,3,1044253
240,4,4,3,1216389
116,3,3,3,685537
189,3,3,2,923770
119,2,2,1,587253
246,4,3,3,1259105
281,5,5,4,1444874
232,3,2,2,1140292
101,1,1,1,496701
239,3,3,2,1172402
172,4,3,4,911988
57,1,1,0,309636
108,1,1,1,537108
238,4,4,4,1228417
153,3,2,2,768047
179,2,2,1,835776
80,1,1,0,369450
49,1,1,0,229061
206,3,3,2,1014497
204,5,4,4,1110936
45,1,1,1,246703
96,2,2,1,478735
56,1,1,1,316239
226,5,5,4,1225251
109,2,2,2,587145
286,5,4,4,1475755
182,2,1,1,873620
275,5,5,4,1400243
162,3,2,2,817167
192,2,1,2,894090
81,1,1,0,367889
130,3,3,3,705318
78,1,1,1,381590
168,2,1,1,760353
252,5,5,4,1354964
93,2,2,1,487563
64,2,2,1,343826
188,4,4,4,1022000
198,5,5,4,1110466
80,2,1,1,415560
99,1,1,1,496093
284,4,3,4,1408669
158,4,4,4,904627
146,3,2,3,773790
97,1,1,1,442387
261,4,3,4,1320575
57,1,1,1,286183
195,3,3,3,1018653
261,6,5,4,1381428
164,3,3,3,857312
127,2,1,2,652266
58,1,1,1,287577
45,1,1,0,227213
251,5,4,4,1328230
102,3,3,2,564200
277,5,5,4,1453912
124,2,2,1,604650
223,5,5,4,1236361
123,3,3,3,704101
92,2,1,1,457322
147,2,2,2,732256
62,2,1,2,352244
96,3,2,3,559510
109,1,1,1,494729
218,3,3,2,1102069
234,4,4,4,1211056
151,4,3,3,822596
212,4,4,3,1132906
163,3,3,2,844758
95,3,3,2,551731
209,4,3,4,1063363
133,3,2,2,672739
86,1,1,0,427806
212,5,4,4,1122014
280,5,5,4,1471548
86,2,1,1,414279
69,1,1,1,361447
237,3,3,3,1147779
145,3,2,2,737281
179,2,2,2,878962
170,4,4,4,963489
259,4,3,3,1261506
114,2,1,2,560780
86,3,3,2,521702
241,3,2,2,1133393
142,4,4,3,828638
268,5,5,4,1391366
78,2,2,2,431551
52,1,1,0,282619
79,1,1,1,368969
121,3,3,2,648656
239,4,4,4,1245450
209,4,3,4,1073924
257,5,5,4,1369213
187,3,3,3,962646
102,1,1,1,507724
158,3,2,3,806475
57,1,1,1,298785
88,2,2,2,494517
73,2,1,2,409376
290,4,3,4,1439822
95,2,1,2,492570
165,4,3,3,889030
136,3,3,2,714379
119,2,2,2,590548
48,1,1,1,272715
295,6,5,4,1561209
145,3,3,3,803045
222,3,2,3,1105573
276,5,4,4,1390419
290,5,5,4,1463776
156,4,3,4,864952
282,6,5,4,1464906
231,4,3,3,1152831
60,1,1,1,306078
172,2,1,1,816574
174,3,3,2,919379
132,1,1,1,627157
148,2,1,2,704642
263,5,5,4,1359387
139,2,2,1,655231
77,2,1,2,400426
285,5,4,4,1468687
127,3,3,2,703637
247,4,3,3,1247340
212,4,4,3,1122254
54,1,1,0,241920
103,2,2,1,512042
264,5,4,4,1336643
152,4,3,4,831223
111,2,2,1,547262
163,2,1,2,797348
117,2,1,2,581085
149,2,2,1,752467
60,1,1,1,294490
108,3,3,3,652397
286,5,4,4,1441722
45,1,1,1,276630
174,2,1,2,805326
268,6,5,4,1395880
60,1,1,1,316196
59,1,1,0,292899
253,5,4,4,1344003
132,1,1,1,588684
105,2,1,2,562616
54,2,2,1,345694
144,2,2,1,722222
214,4,3,3,1113433
128,2,1,2,638578
143,4,4,4,818001
224,4,3,4,1157367
252,5,5,4,1342447
231,3,2,2,1088789
213,4,4,4,1129796
267,5,5,4,1412545
135,3,2,2,683403
272,5,4,4,1370702
175,3,2,3,868715
266,4,4,3,1315871
157,3,3,3,846702
231,4,3,4,1202464
225,5,5,4,1219158
298,4,3,3,1472062
274,5,4,4,1427515
214,5,5,4,1172776
173,3,2,2,863097
45,1,1,0,254297
100,2,1,1,480620
150,3,3,3,777983
48,1,1,1,257952
81,1,1,0,398213
298,5,5,4,1545127
104,2,2,1,538375
98,2,2,1,542392
157,3,3,3,861236
119,2,2,1,606589
177,3,3,3,933057
169,2,1,1,793619
166,4,4,4,950438
186,3,3,3,982186
203,4,3,3,1051215
251,5,5,4,1324470
220,4,3,4,1158370
276,5,4,4,1388231
177,3,3,2,912457
213,3,3,3,1062446
205,5,4,4,1109618
258,4,4,4,1320088
203,4,4,3,1071634
152,2,2,1,762246
283,6,5,4,1516282
143,3,2,2,743839
156,4,3,3,836700
146,3,3,2,757685
141,4,4,3,815528
215,3,2,2,1019701
115,3,3,2,622395
279,5,5,4,1469809
105,2,2,1,529202
72,1,1,0,331500
182,4,4,3,970537
262,5,4,4,1373954
227,4,4,4,1200938
276,4,3,3,1330883
255,4,4,4,1277826
144,4,4,4,858767
229,4,4,4,1171084
126,1,1,0,583806
120,3,2,3,651294
60,2,2,1,382383
123,2,1,1,612605
58,1,1,1,290165
259,5,4,4,1331621
234,4,4,4,1222852
215,3,2,3,1042909
215,5,4,4,1162664
294,5,4,4,1504147
115,3,3,2,649785
76,1,1,0,334115
136,2,2,2,704443
117,3,2,2,647334
139,3,2,3,734344
217,3,3,2,1070409
64,2,2,1,387071
79,1,1,0,347334
73,1,1,1,354872
61,2,2,2,400792
128,1,1,0,598317
82,1,1,0,395946
82,1,1,0,364771
46,1,1,0,237682
88,2,1,2,440360
73,1,1,0,362353
282,6,5,4,1484155
72,1,1,1,362577
272,5,4,4,1395629
144,3,2,2,720987
130,3,2,3,688953
257,6,5,4,1358401
183,4,4,3,1010954
258,4,4,4,1314433
124,2,2,1,615510
281,5,5,4,1470739
173,4,4,4,929523
271,4,4,4,1361045
290,6,5,4,1516441
89,2,2,1,480566
201,4,4,3,1083338
114,2,2,1,596163
238,4,3,4,1185359
45,1,1,1,221884
262,4,4,4,1350151
248,4,3,3,1255818
250,6,5,4,1377012
233,3,2,3,1142783
142,2,1,2,673151
229,4,4,4,1169252
249,4,3,3,1255222
178,2,2,1,864635
105,3,2,3,598843
97,2,1,1,491827
284,4,3,4,1430998
191,2,2,1,887941
262,5,5,4,1375088
122,2,2,1,627288
72,1,1,0,317692
45,1,1,0,255427
99,3,3,2,592412
135,1,1,0,589738
223,4,4,3,1168562
162,3,2,2,792183
133,3,3,3,720231
280,5,4,4,1424056
276,5,5,4,1426911
122,3,3,2,645080
189,2,2,2,887205
223,4,4,4,1141178
232,3,2,2,1115453
162,4,4,4,930998
274,6,5,4,1471074
47,1,1,1,275654
90,3,3,2,559424
230,4,4,3,1171024
184,2,1,1,879505
217,5,4,4,1186534
68,1,1,1,331001
214,3,3,2,1039770
177,3,2,3,878926
270,4,3,3,1308932
74,1,1,1,365693
262,5,4,4,1332405
169,3,3,2,871573
152,2,2,1,752053
185,2,1,1,839686
259,5,4,4,1355183
298,5,4,4,1534407
214,4,3,4,1134683
97,2,1,2,506233
175,3,3,3,904335
47,1,1,0,240262
98,3,3,3,607661
137,1,1,1,608546
279,5,5,4,1451883
69,1,1,0,343530
137,3,3,3,760010
277,6,5,4,1452614
187,3,3,3,979108
195,3,2,3,945279
104,2,1,2,563161
46,1,1,0,251772
277,5,4,4,1406860
237,4,3,3,1174439
187,3,3,3,968986
169,4,4,4,919587
80,1,1,1,372919
112,2,1,2,540249
259,5,5,4,1389579
206,4,3,4,1051501
112,2,2,2,572212
172,2,1,2,834649
135,3,2,3,734663
127,2,2,2,676560
225,5,4,4,1224415
98,2,1,1,500225
52,2,1,2,321762
69,2,2,1,381702
197,4,4,4,1054087
163,3,3,3,875042
196,3,2,2,975387
135,2,1,1,631229
240,5,4,4,1289668
184,4,4,3,994983
125,2,2,1,617517
123,1,1,0,573499
157,3,3,2,840348
130,2,1,1,612630
266,6,5,4,1395508
271,6,5,4,1436215
218,4,4,3,1137280
281,6,5,4,1460000
48,2,2,1,327071
182,4,3,3,960053
138,3,2,3,747394
222,4,4,3,1141821
262,5,4,4,1383680
276,6,5,4,1445891
214,4,4,4,1147049
285,5,4,4,1474852
281,5,4,4,1443294
221,5,4,4,1201677
128,2,1,1,612296
220,4,4,4,1160157
159,4,4,3,874013
98,1,1,1,476163
80,1,1,1,390196
280,5,5,4,1445911
50,1,1,1,286898
265,6,5,4,1395282
136,1,1,1,634875
214,4,4,4,1102701
50,2,1,1,307393
179,3,3,2,908439
185,2,2,2,864574
210,4,3,3,1059439
69,1,1,0,348269
105,2,2,1,568829
237,4,3,3,1187721
262,4,4,3,1289902
53,1,1,0,249146
279,5,4,4,1425256
279,4,3,4,1387978
129,3,2,3,692767
232,5,5,4,1265067
196,4,4,4,1062447
220,4,4,3,1169394
220,4,3,4,1116782
87,3,2,3,525081
231,4,3,3,1180111
221,4,4,3,1163635
232,4,3,4,1217003
128,1,1,1,571909
79,1,1,1,414341
236,5,5,4,1257149
121,1,1,0,572940
114,3,3,3,653158
148,2,1,2,693314
141,3,2,2,750614
91,2,2,2,468829
133,2,2,1,648576
56,1,1,0,300446
90,1,1,0,414172
289,5,4,4,1459301
289,5,4,4,1493260
166,3,3,3,867849
49,1,1,0,232165
199,4,4,4,1068797
80,1,1,1,409344
135,3,3,3,716713
140,4,3,4,825699
110,1,1,0,476698
129,1,1,0,569466
65,1,1,1,337731
62,1,1,0,311305
239,5,5,4,1259140
141,2,1,1,678828
123,1,1,0,550632
245,4,3,4,1222935
164,4,4,4,894328
198,3,3,2,961343
156,2,1,2,742242
63,1,1,0,293274
150,3,2,2,758854
179,3,3,2,913115
84,2,2,2,461406
74,2,2,2,446026
123,2,2,1,602417
83,3,2,2,485445
58,1,1,0,262683
73,1,1,0,331918
239,4,3,4,1213944
281,4,3,4,1403115
188,4,4,4,1036585
170,3,2,2,870221
281,4,3,4,1371284
207,3,2,3,1052196
78,1,1,1,368569
172,3,2,3,862522
60,2,2,2,357212
191,3,2,2,943878
216,3,3,2,1045515
211,4,4,4,1136873
185,3,3,2,919865
103,3,2,2,563969
129,2,2,2,663363
150,4,3,4,871542
143,3,2,2,713732
177,3,3,3,916168
231,4,4,4,1231089
185,4,4,4,985439
246,4,4,3,1228737
64,2,1,1,351774
215,4,3,4,1118508
249,4,3,4,1253284
199,3,2,2,995905
182,3,2,3,919197
136,1,1,0,630274
239,3,2,3,1165124
240,3,2,3,1159343
60,1,1,0,270854
130,3,2,3,694393
218,4,4,4,1177222
177,3,3,2,897288
175,3,3,3,884865
181,2,1,2,885693
184,3,3,3,972348
226,5,5,4,1194781
163,2,1,1,776985
256,5,4,4,1353018
121,2,2,2,653647
181,3,2,3,934942
151,4,3,4,861330
73,1,1,0,371373
144,3,2,2,742433
229,3,2,2,1085184
255,5,4,4,1316028
173,3,2,3,905877
282,4,3,4,1379719
294,5,5,4,1499780
137,2,2,2,701577
243,5,5,4,1274656
88,3,3,3,522147
288,5,4,4,1437385
102,3,2,3,567814
183,3,3,3,958286
208,4,3,4,1101781
105,3,2,2,605956
128,3,3,3,728683
91,1,1,0,424360
51,2,1,1,311966
190,3,3,3,946908
167,2,2,2,824063
189,2,2,1,905793
170,3,3,2,894588
148,3,3,2,794804
286,5,5,4,1483803
108,2,1,1,533768
211,5,5,4,1177794
286,4,3,4,1419124
111,1,1,0,523445
187,2,1,2,901091
106,1,1,0,463185
198,5,5,4,1101623
86,1,1,0,423892
279,5,5,4,1464736
199,5,4,4,1109359
139,3,3,3,746962
298,6,5,4,1552320
106,2,2,1,527510
216,3,2,2,1067415
60,1,1,1,311658
75,2,2,2,448711
54,1,1,1,314474
149,3,3,3,773940
254,5,5,4,1318905
45,1,1,1,217630
55,2,1,1,315943
76,2,2,1,400962
63,2,1,1,335488
183,3,3,3,959952
200,5,5,4,1125349
254,5,4,4,1346126
191,3,3,3,966952
271,5,5,4,1409097
229,4,3,3,1163708
97,3,3,3,582636
224,3,2,2,1071941
215,4,3,3,1084183
268,5,5,4,1374423
155,3,3,3,817630
132,2,2,1,641228
50,1,1,1,288827
65,2,1,2,346671
266,5,4,4,1362010
283,6,5,4,1466606
109,2,1,2,575611
57,1,1,0,278577
253,5,4,4,1321880
267,5,4,4,1356888
121,2,2,1,629880
163,4,3,3,886190
135,2,2,1,644685
63,1,1,1,346637
72,1,1,0,358324
151,3,2,2,793897
273,4,4,3,1346123
164,3,2,2,834755
188,3,3,2,926980
229,5,4,4,1219257
157,4,3,4,892731
103,3,3,3,612012
53,2,2,2,363922
227,4,4,3,1146682
233,5,4,4,1246279
125,3,3,2,675181
150,3,3,2,801447
264,5,4,4,1383367
112,2,1,1,562933
278,6,5,4,1442862
235,3,2,2,1104199
236,5,5,4,1287277
86,1,1,1,389965
247,5,5,4,1324205
63,2,2,1,355107
298,6,5,4,1578670
197,5,4,4,1091068
228,3,2,2,1103185
216,4,4,3,1150332
285,6,5,4,1473760
211,4,4,3,1132676
271,5,4,4,1380132
176,3,3,2,881376
223,4,4,4,1162343
267,5,4,4,1379197
74,2,1,1,367311
121,1,1,0,569454
284,5,5,4,1452312
130,2,2,2,645427
140,3,2,3,747095
276,5,4,4,1414123
245,3,2,2,1142187
50,1,1,1,285185
56,2,1,1,315289
203,4,4,3,1083146
285,5,5,4,1447987
292,6,5,4,1535686
146,4,3,4,816378
232,3,2,3,1123342
296,5,5,4,1516729
198,4,4,3,1063732
164,4,3,4,881370
60,1,1,1,302594
89,2,2,2,508306
275,6,5,4,1454167
185,3,3,3,923844
251,5,4,4,1307091
125,2,1,1,593711
68,2,2,2,424173
129,2,1,2,660559
163,3,3,3,867585
213,4,3,3,1117355
97,2,2,1,532306
165,4,3,3,896151
68,1,1,1,341099
193,5,5,4,1114891
198,3,2,3,983969
177,4,4,4,973600
107,1,1,0,474606
135,1,1,0,629450
166,4,4,4,935326
254,4,3,3,1287431
199,3,3,2,978880
155,3,2,3,823835
250,4,3,3,1252791
205,4,3,3,1040967
218,5,4,4,1149542
60,1,1,1,333126
226,5,4,4,1235917
236,3,3,2,1159373
196,3,2,3,990190
236,3,3,3,1143117
93,2,2,2,481940
266,6,5,4,1387710
50,1,1,0,269342
128,2,1,2,665354
96,3,2,2,552931
157,3,2,2,820365
144,3,3,2,742632
66,1,1,0,344388
154,4,3,4,863307
230,4,4,3,1199946
274,5,4,4,1403976
99,1,1,1,495507
112,1,1,0,508849
234,3,3,3,1158937
92,2,1,1,475731
265,4,3,3,1340931
107,2,1,1,515223
75,1,1,1,381254
298,5,4,4,1530244
122,2,1,2,633876
219,5,4,4,1204568
243,3,3,2,1168487
228,3,3,2,1092436
78,1,1,0,392544
261,4,3,4,1331712
185,2,1,2,861718
253,4,3,4,1306043
97,2,1,1,478302
262,5,5,4,1382495
225,3,3,2,1112707
215,3,3,2,1077371
278,5,5,4,1440924
157,3,2,3,802301
117,2,1,2,568776
53,1,1,1,306921
271,6,5,4,1463772
142,3,3,3,789732
244,3,3,2,1156742
94,3,3,3,547908
250,4,4,4,1296059
237,4,3,3,1215669
243,4,4,4,1228157
106,3,3,2,624579
249,6,5,4,1336014
110,2,2,2,579661
68,1,1,1,338403
125,3,3,3,671936
125,1,1,1,561659
150,2,1,2,707696
185,3,2,3,912920
219,5,4,4,1180944
209,4,4,3,1094462
137,1,1,0,610648
121,1,1,0,542856
146,2,1,1,699953
184,3,3,2,923386
162,3,2,2,801192
109,1,1,0,528680
120,2,2,1,622548
100,2,1,2,544499
60,2,1,2,365525
145,4,4,3,841165
200,3,2,2,958520
263,5,4,4,1345822
296,4,3,3,1414994
241,4,4,3,1225964
221,5,5,4,1217717
215,4,4,4,1123496
222,4,4,3,1169682
198,4,3,4,1069599
121,2,2,2,643211
140,3,3,2,738426
104,1,1,0,486076
57,1,1,0,268899
217,4,3,3,1113874
286,5,4,4,1457126
248,6,5,4,1371570
238,3,2,3,1145210
209,5,4,4,1108444
286,5,4,4,1473027
155,4,4,3,844732
235,4,4,3,1180244
62,2,2,1,348237
179,3,2,2,863797
243,3,3,3,1187896
117,3,3,3,681788
281,5,5,4,1439194
80,2,1,1,433795
230,4,3,3,1193141
186,4,3,4,1020381
284,4,3,3,1410952
68,1,1,0,317899
199,5,5,4,1134128
256,4,3,4,1292737
251,4,3,3,1247209
123,3,3,2,675506
268,5,4,4,1411780
192,2,1,1,867102
127,2,1,1,643478
209,4,3,4,1062703
193,5,4,4,1058060
156,4,4,4,887335
286,6,5,4,1501283
54,1,1,1,281743
225,5,4,4,1216053
275,6,5,4,1481020
124,1,1,0,541724
153,4,3,4,863011
178,4,3,4,948732
155,3,2,2,821395
198,4,4,3,1062001
63,2,2,2,352727
184,3,2,2,895708
148,3,3,2,772885
186,2,1,2,905574
266,5,4,4,1361330
137,1,1,1,652510
165,4,3,4,926620
54,1,1,1,271342
93,1,1,1,456570
224,4,4,4,1153739
82,1,1,0,364242
151,4,3,4,840249
299,5,5,4,1531026
263,6,5,4,1398593
152,3,3,2,781072
203,3,3,3,1035634
82,1,1,0,393295
197,4,4,4,1085431
111,2,1,1,563736
295,6,5,4,1565746
59,1,1,0,266173
159,2,2,2,788251
45,1,1,0,251111
146,4,4,4,855732
125,1,1,0,543703
46,2,1,2,312143
173,4,3,4,965600
90,2,2,1,483754
58,2,2,2,359863
163,4,4,3,873996
246,3,2,2,1194117
144,4,3,4,808824
159,3,2,3,827152
243,5,4,4,1307314
230,5,4,4,1216718
272,5,4,4,1399999
48,1,1,1,249801
94,3,3,2,564782
138,4,3,4,796890
219,5,5,4,1167089
220,5,4,4,1183830
238,5,5,4,1290269
144,4,4,4,864714
299,4,3,4,1452957
121,3,3,3,695313
262,5,5,4,1393592
216,5,5,4,1192768
177,3,3,2,895263
226,4,4,4,1210649
174,3,2,2,858392
57,1,1,1,299850
131,1,1,1,598832
161,3,3,2,820733
270,5,5,4,1429649
291,4,4,3,1444071
155,3,3,3,833033
141,3,2,2,729878
239,4,3,4,1240977
59,2,1,2,329499
73,1,1,1,334685
242,4,3,4,1255347
60,1,1,0,317570
117,3,3,2,677373
276,6,5,4,1487582
194,5,5,4,1102248
263,5,5,4,1398461
64,1,1,0,341007
293,5,5,4,1482904
216,4,3,4,1144819
80,1,1,0,360733
295,6,5,4,1561703
101,2,1,2,511797
179,4,4,4,967050
145,3,2,3,740714
179,3,2,3,907106
235,4,4,3,1230034
219,3,3,2,1075662
61,1,1,0,316792
251,6,5,4,1373759
285,4,4,3,1425714
106,2,1,1,556071
249,4,3,3,1223147
141,4,4,4,818049
197,3,2,2,971051
255,6,5,4,1386444
50,2,1,1,304154
252,5,4,4,1339052
263,5,4,4,1333947
277,5,5,4,1443193
182,3,2,2,892066
224,5,4,4,1224558
213,4,3,4,1136117
179,3,3,2,914490
74,1,1,0,380611
276,5,5,4,1420302
87,3,3,3,558297
181,3,3,2,925298
206,4,3,3,1046402
62,2,2,2,346732
220,4,4,3,1119139
230,4,3,3,1193912
111,3,3,2,609548
55,1,1,1,314685
249,5,5,4,1306844
60,2,1,2,338034
75,1,1,0,338705
58,1,1,1,285690
92,2,1,1,458550
110,2,1,1,560860
64,2,1,1,341523
108,1,1,0,526207
222,4,4,4,1148655
228,5,5,4,1260597
149,3,3,3,811617
212,4,3,4,1130631
88,2,2,1,496932
141,3,3,3,792033
112,2,1,2,550502
230,4,4,4,1218725
85,2,2,1,443969
72,1,1,1,385775
200,4,4,4,1048770
218,3,3,3,1097951
103,2,1,1,528487
175,3,3,3,881691
166,3,2,3,878949
256,5,5,4,1359609
152,3,3,2,823682
76,1,1,1,375946
213,4,4,4,1137729
299,6,5,4,1563445
137,2,2,1,654670
156,4,3,4,887477
172,4,4,3,910515
297,4,4,4,1507904
231,4,4,4,1202467
180,2,2,2,850688
146,3,3,3,764894
123,2,2,1,610112
60,1,1,1,309278
179,2,2,2,845921
124,2,2,1,636334
292,6,5,4,1549174
77,1,1,0,381844
148,3,2,3,807001
70,1,1,1,345890
217,4,4,4,1136707
217,4,4,3,1106462
262,5,4,4,1379457
292,6,5,4,1533132
227,3,3,2,1084364
258,4,4,3,1275807
287,4,4,4,1451996
286,5,4,4,1469208
278,5,4,4,1431037
241,3,2,2,1166993
260,4,4,3,1284766
62,1,1,0,312539
85,1,1,1,440130
149,3,2,2,763400
190,2,1,1,895955
166,3,3,2,858953
66,1,1,0,325808
274,5,4,4,1412416
197,4,4,3,1063728
256,6,5,4,1361483
184,3,2,2,903393
92,2,2,1,506083
252,6,5,4,1346625
121,3,3,3,707789
60,1,1,0,315233
130,3,3,3,705703
271,5,4,4,1394273
199,4,3,4,1045239
273,4,4,4,1373767
156,3,2,2,819308
212,4,4,4,1112778
118,2,2,1,576600
238,3,3,3,1193779
243,5,5,4,1324410
107,2,1,1,518324
114,2,2,2,573802
140,2,1,2,669617
162,4,4,3,892749
77,1,1,1,371113
212,5,4,4,1134799
213,4,4,4,1140887
275,6,5,4,1457926
242,3,2,3,1164506
79,1,1,1,402507
262,5,5,4,1359479
257,5,4,4,1308786
233,5,4,4,1234068
226,4,4,4,1162837
66,1,1,0,295952
265,6,5,4,1429881
96,2,1,1,472555
211,3,2,3,1056153
56,1,1,1,304313
96,2,1,2,528814
208,3,2,3,1011890
140,3,3,3,758919
149,3,3,2,805879
187,3,2,2,932311
94,1,1,0,456557
84,3,2,2,487630
122,2,1,2,603309
280,5,5,4,1461510
55,1,1,1,260241
137,2,2,1,653809
193,4,4,3,1000532
204,3,3,3,1048744
232,3,2,2,1113456
84,1,1,0,372926
250,6,5,4,1372663
147,4,3,4,830695
167,3,2,3,843510
87,2,2,2,467712
89,2,2,2,486750
224,5,4,4,1182326
148,4,3,4,828917
218,3,3,2,1061019
277,5,5,4,1418216
260,6,5,4,1406200
168,4,4,3,902035
277,5,4,4,1390904
227,5,5,4,1226335
46,1,1,0,256833
81,1,1,0,408865
241,5,4,4,1254989
231,4,3,3,1140294
234,4,4,4,1190167
259,5,5,4,1391545
271,5,4,4,1421605
100,2,1,1,490787
135,3,3,3,760143
216,4,3,3,1085550
62,1,1,0,294567
201,3,3,2,976470
158,3,3,3,858370
231,4,3,4,1167509
166,2,2,2,829643
233,4,3,4,1208511
72,1,1,0,341982
179,3,3,3,897963
120,1,1,0,571293
183,4,3,3,991268
139,3,2,2,751331
153,4,3,4,868670
236,5,4,4,1243011
272,5,4,4,1409003
93,3,2,2,503600
80,1,1,1,422489
87,3,2,2,523420
82,2,1,2,431243
300,4,4,4,1464828
242,4,4,4,1272666
121,2,1,2,606810
55,2,2,2,317439
178,4,3,3,947334
209,5,4,4,1134302
101,2,2,1,545013
110,3,2,2,609773
268,4,3,3,1334338
157,4,3,3,867037
187,2,1,2,856608
70,1,1,1,367239
252,5,4,4,1340712
281,6,5,4,1501638
70,1,1,1,330790
242,4,3,3,1222307
216,5,5,4,1180643
59,2,2,1,360463
207,4,4,3,1095252
130,2,1,2,670709
106,2,2,2,546939
280,5,4,4,1405941
69,2,2,1,388614
284,5,5,4,1450195
230,3,2,2,1109116
299,5,5,4,1533510
275,5,5,4,1442900
202,4,3,4,1057738
285,4,3,4,1390476
63,1,1,0,323280
239,4,4,3,1200545
240,5,4,4,1272263
260,5,4,4,1334661
64,1,1,0,331912
289,5,4,4,1482834
246,4,4,4,1250413
165,3,3,2,849756
132,1,1,1,633226
296,5,5,4,1495653
140,3,3,2,736030
233,3,3,2,1144993
129,2,1,1,600220
270,6,5,4,1463353
49,1,1,1,258279
73,1,1,1,379998
298,6,5,4,1541303
149,2,1,2,707672
199,4,3,4,1036029
84,1,1,1,403850
61,1,1,0,272487
184,2,1,2,879566
236,5,5,4,1248419
176,3,2,2,876869
238,5,4,4,1247867
53,2,2,1,344325
184,3,2,2,935301
79,1,1,0,401036
294,6,5,4,1527659
187,3,2,2,903399
81,2,1,1,403398
170,3,3,3,871771
202,3,2,2,980695
300,4,3,4,1474019
234,5,4,4,1266858
255,5,4,4,1310279
199,4,4,4,1065077
128,1,1,0,605029
163,3,3,3,869427
131,2,1,2,618459
295,4,4,3,1469673
196,4,4,4,1050301
76,1,1,1,392103
70,1,1,0,359173
172,2,1,2,828285
228,3,3,2,1108705
113,1,1,0,536110
135,1,1,0,599075
99,3,3,3,564215
241,3,3,3,1172786
88,2,2,1,453166
156,3,3,3,822770
51,1,1,0,248744
265,5,4,4,1382388
95,2,2,1,507081
75,1,1,1,381839
136,2,1,1,666347
97,2,1,2,508415
102,2,1,2,496848
88,2,2,2,514666
142,2,2,1,694413
209,4,3,3,1101119
128,1,1,1,585389
66,1,1,1,351195
202,5,5,4,1117254
197,3,2,3,965630
108,2,2,2,597724
212,3,3,3,1052298
108,2,1,1,553741
103,1,1,0,458096
76,1,1,0,338907
228,5,4,4,1203593
138,3,2,2,700269
173,4,3,4,941835
86,2,1,1,423338
205,4,4,3,1063842
262,6,5,4,1401469
242,3,3,2,1185971
146,4,4,4,874834
285,5,4,4,1455902
113,1,1,1,545217
218,4,4,3,1103941
168,3,2,3,887598
82,1,1,0,375989
281,5,5,4,1437183
266,5,5,4,1390830
151,3,3,3,827512
164,3,2,2,836208
97,2,1,2,517874
143,3,3,3,778414
55,2,1,2,310838
163,3,3,2,818782
233,4,3,3,1195144
263,5,4,4,1352489
172,3,3,2,874087
48,2,1,2,301023
236,3,3,3,1178363
249,5,5,4,1315565
258,6,5,4,1369176
50,1,1,0,263035
176,3,3,3,932237
132,2,2,2,662462
96,2,1,1,504860
212,3,3,3,1040708
256,5,5,4,1369198
95,1,1,1,447225
220,3,2,3,1065032
250,5,4,4,1325101
60,1,1,1,295555
299,5,4,4,1499892
113,3,3,3,675509
65,1,1,0,327504
102,2,1,2,500537
162,3,3,3,873009
208,4,3,3,1101789
127,3,3,3,693401
299,5,4,4,1502841
150,3,2,2,776064
251,5,4,4,1334704
266,5,5,4,1363953
165,2,1,1,792201
258,5,5,4,1373001
64,1,1,0,314620
123,2,1,2,586155
89,3,2,2,518734
179,4,3,4,977376
285,6,5,4,1516773
77,1,1,0,350137
110,1,1,0,517220
204,5,5,4,1149263
149,3,3,2,761646
67,2,2,1,409468
68,1,1,1,313727
78,1,1,0,353659
107,2,2,2,557286
278,5,4,4,1441835
286,5,4,4,1467311
227,5,5,4,1241452
88,3,3,2,545181
299,6,5,4,1557003
269,5,4,4,1389574
290,6,5,4,1539762
154,2,1,2,756954
127,1,1,1,576134
64,1,1,0,320264
174,3,3,3,908210
88,3,2,3,503036
60,2,2,2,385704
65,1,1,1,358433
293,5,5,4,1535052
99,2,1,2,531005
116,1,1,1,569413
201,4,3,3,1042563
86,2,2,1,459107
161,3,3,3,820752
116,1,1,0,550513
226,4,4,4,1163383
73,1,1,1,381719
217,4,4,4,1131908
63,2,2,2,381269
129,2,1,1,643314
64,2,1,1,339968
56,1,1,0,256378
133,2,2,1,674694
272,5,5,4,1445891
188,2,1,2,893772
263,6,5,4,1408797
259,5,5,4,1361203
109,2,2,2,547685
177,4,4,3,937935
53,1,1,1,301625
52,1,1,0,252784
282,4,4,4,1401088
59,2,1,1,320982
237,5,5,4,1279768
75,1,1,1,395303
161,2,2,2,803115
118,2,2,1,585187
284,4,4,3,1386699
143,2,1,2,718918
192,3,2,2,922887
180,3,3,3,906350
108,2,2,2,578572
86,3,2,2,488304
183,3,3,3,925563
124,2,2,2,626199
59,1,1,1,284848
206,3,2,2,984291
82,1,1,0,399145
79,1,1,0,346619
239,3,3,2,1149042
250,5,4,4,1300624
110,2,1,2,547352
128,3,3,2,715638
232,4,4,3,1182106
262,4,3,4,1291521
205,4,4,3,1075072
88,2,2,2,469339
269,5,4,4,1391531
110,2,1,1,532675
204,3,2,2,976553
144,3,3,2,787898
223,3,2,3,1120002
132,1,1,0,620213
298,5,4,4,1525528
90,3,2,3,520990
195,4,4,3,1024382
287,6,5,4,1491987
191,3,3,3,998256
170,2,2,2,818501
72,1,1,0,340731
114,3,3,3,631051
279,5,5,4,1449360
281,5,5,4,1468009
239,3,2,2,1122748
56,1,1,1,273499
229,4,4,3,1188321
267,4,3,4,1309361
158,3,3,3,809636
270,5,5,4,1402630
98,3,3,2,548751
246,3,2,2,1168561
75,1,1,0,372170
177,3,2,3,905891
228,4,3,4,1147551
300,5,5,4,1527028
201,4,4,4,1094240
104,2,2,1,555356
100,3,3,2,577799
99,2,1,1,513546
188,2,1,1,881902
151,4,3,4,843592
97,3,3,3,597962
60,1,1,1,327736
244,4,4,3,1217093
128,3,2,2,656645
53,1,1,0,281956
112,2,1,2,589186
194,4,4,3,1053779
114,3,3,3,654356
184,3,2,2,904663
180,3,2,3,894682
113,3,2,3,651045
140,2,2,1,661691
51,1,1,0,259294
270,5,4,4,1373694
173,4,4,4,942793
299,4,4,4,1489021
172,2,1,2,802295
47,1,1,1,239947
60,1,1,1,320809
152,3,3,3,838105
161,2,1,2,756833
185,2,2,2,866386
126,3,3,2,692638
121,3,2,2,659012
75,2,1,1,369803
289,4,3,3,1417039
187,3,2,2,935473
210,5,4,4,1124373
152,2,2,2,747388
103,3,3,3,628344
60,1,1,0,265901
74,2,1,2,383193
283,5,4,4,1467720
188,2,1,1,845685
272,6,5,4,1446195
293,5,5,4,1475920
218,3,3,3,1062424
196,5,4,4,1075813
256,5,5,4,1349384
136,3,3,2,735601
108,2,1,1,526815
160,3,3,2,845694
177,4,3,3,944315
242,4,3,4,1240034
148,3,2,3,798987
238,5,5,4,1273541
259,5,5,4,1350542
83,1,1,1,418911
268,6,5,4,1414585
91,3,2,3,543456
207,4,4,4,1074833
82,1,1,0,414993
101,3,3,3,612488
120,2,1,2,607820
52,1,1,0,250584
65,2,1,2,363581
79,2,2,2,469335
136,3,2,2,736836
157,3,3,2,810832
299,4,3,4,1465319
292,5,4,4,1509278
172,2,1,2,820404
223,3,3,2,1074897
201,4,4,4,1071146
55,1,1,1,291185
153,4,3,3,813620
148,3,2,2,786458
252,5,4,4,1323955
210,5,5,4,1183737
270,4,4,3,1348930
67,1,1,1,334128
95,2,1,1,509139
272,4,3,4,1374454
85,3,3,3,513908
243,5,4,4,1263221
279,6,5,4,1501211
228,5,5,4,1257155
48,1,1,1,284213
268,6,5,4,1414636
300,5,4,4,1498163
295,5,4,4,1482429
100,3,2,3,559581
177,3,2,2,863336
149,3,2,2,757381
57,1,1,0,266268
115,1,1,1,544518
177,3,3,3,939505
292,4,4,4,1435639
282,6,5,4,1473844
206,5,4,4,1150654
95,3,3,3,571847
250,6,5,4,1344408
287,6,5,4,1531847
173,4,4,3,950440
225,4,3,4,1184696
116,3,3,3,688902
209,4,3,4,1085639
76,1,1,0,371081
294,5,5,4,1499400
186,3,2,2,920454
84,2,1,2,479153
132,3,2,3,731853
186,2,1,2,901655
290,5,5,4,1519416
266,5,4,4,1354831
89,2,1,1,439512
90,2,1,1,484791
55,1,1,0,296492
179,2,2,2,854288
210,4,4,4,1108348
113,2,2,1,582923
246,3,3,2,1180319
143,4,4,4,825304
277,5,5,4,1438092
147,4,3,3,807907
223,5,5,4,1239059
171,3,3,3,905735
173,2,2,1,819031
243,3,2,2,1182384
266,5,5,4,1401702
201,5,5,4,1127991
145,4,4,3,824286
230,3,3,3,1122533
267,6,5,4,1444658
47,1,1,0,250161
74,1,1,0,336112
277,5,4,4,1398539
232,3,2,3,1159319
225,5,4,4,1225445
183,4,3,3,939936
93,3,3,3,561340
156,3,2,3,783590
124,2,1,1,598917
110,2,1,1,533121
52,1,1,1,266970
205,4,3,4,1103587
126,1,1,1,591882
197,4,4,3,1046372
188,3,2,2,948932
171,3,2,3,845801
116,2,2,1,578010
148,2,1,1,705274
292,4,3,3,1439812
213,4,3,4,1109710
157,4,4,4,883888
176,4,4,3,954876
110,3,3,3,620761
217,4,4,3,1117280
284,4,3,4,1403426
264,4,4,3,1333817
156,3,3,2,814521
71,1,1,1,330058
95,2,2,1,511719
172,2,2,1,824369
214,4,4,4,1131808
141,3,2,2,742719
67,1,1,0,339531
101,2,2,2,549485
169,3,3,3,897575
89,2,1,1,478558
90,3,2,2,491201
245,4,3,3,1198252
186,3,2,3,923661
155,4,4,4,869448
152,3,3,2,783972
120,2,1,1,587368
121,2,2,2,641241
167,3,2,3,860732
69,2,2,2,382774
73,1,1,1,348889
65,1,1,0,344950
75,2,1,1,390420
262,6,5,4,1388991
251,5,5,4,1330620
129,2,2,1,628615
193,4,4,3,1012032
139,3,3,3,770300
256,5,4,4,1321643
255,5,5,4,1346509
205,5,4,4,1137564
79,1,1,1,385744
242,4,4,4,1239843
255,4,3,3,1286225
157,4,4,3,858349
247,4,4,3,1230185
49,1,1,0,240169
92,2,2,2,503854
233,4,4,3,1180663
293,6,5,4,1518492
80,1,1,1,384112
154,2,1,2,717830
84,2,2,1,435526
118,1,1,0,532304
121,2,1,1,572091
234,3,2,3,1146009
246,4,4,3,1250403
266,5,4,4,1379967
284,5,5,4,1464202
279,4,3,4,1388946
124,2,2,2,635042
245,5,5,4,1302274
47,1,1,1,258532
126,2,1,2,619180
137,2,2,1,683812
289,5,5,4,1495864
119,2,1,2,597155
126,3,2,3,702244
256,5,5,4,1367887
183,4,3,3,988780
168,3,3,3,876875
248,4,3,4,1232162
197,5,4,4,1079200
247,4,4,4,1279775
131,2,2,2,694493
54,1,1,0,273887
263,5,5,4,1364643
198,4,3,3,1046173
165,2,1,1,753949
247,4,4,4,1266979
79,1,1,1,392163
171,2,1,1,781682
59,1,1,0,267078
232,4,3,3,1184503
123,2,1,2,594555
155,2,1,1,757325
247,4,3,4,1271733
47,1,1,0,242187
68,1,1,0,334596
263,6,5,4,1429240
102,2,2,1,558222
170,2,2,2,841654
208,5,4,4,1146419
47,1,1,1,250055
220,4,3,4,1163701
203,4,4,3,1090990
291,4,4,3,1429687
190,4,4,4,1040554
104,1,1,0,508645
276,4,3,4,1352416
140,2,2,1,662053
166,2,1,2,806297
103,2,1,1,493022
239,3,2,3,1186234
154,3,3,2,811607
164,3,3,2,864422
275,6,5,4,1434670
66,1,1,0,297520
95,3,3,3,590549
193,4,3,3,1037962
242,5,4,4,1292506
87,3,3,2,501801
266,6,5,4,1426377
48,1,1,0,236429
141,4,4,3,807531
271,5,4,4,1376414
65,1,1,1,345942
218,4,3,4,1143752
51,1,1,0,267067
188,2,1,2,859400
274,5,5,4,1430377
177,3,2,3,896457
295,6,5,4,1560227
299,5,5,4,1540775
296,4,3,3,1413752
275,6,5,4,1479445
65,1,1,1,322474
48,1,1,0,243558
130,3,3,2,722519
115,2,1,1,591492
165,3,2,3,826073
91,2,1,1,451952
59,2,1,2,350806
60,1,1,1,281931
136,2,1,2,659830
77,1,1,1,407489
288,4,3,4,1396812
246,4,4,4,1272341
268,6,5,4,1406316
175,2,2,1,826178
197,3,2,2,976250
76,1,1,1,401001
216,5,5,4,1182656
269,6,5,4,1408270
182,4,3,3,965115
64,1,1,1,324467
201,4,3,4,1085216
283,4,3,3,1401212
150,2,2,2,731073
201,5,4,4,1101375
114,2,1,1,535687
225,4,4,4,1198369
165,3,3,2,852053
132,2,1,2,668313
286,4,3,4,1387166
169,4,4,3,943584
202,5,5,4,1110869
114,3,2,2,610712
246,4,3,3,1241705
84,3,3,3,507680
124,3,2,3,703588
160,3,3,2,826587
125,1,1,1,580795
144,3,3,2,741447
179,3,2,3,903906
145,3,3,2,795256
257,5,5,4,1376809
259,5,4,4,1338683
280,4,4,4,1395455
231,4,3,4,1167529
183,3,2,2,884678
98,3,3,3,613888
180,3,3,3,942044
192,3,2,3,944172
198,5,4,4,1117532
232,3,2,2,1093462
253,5,5,4,1366718
173,4,4,3,952045
271,5,5,4,1430939
149,3,2,3,776353
105,2,1,1,498007
282,5,4,4,1435555
83,2,2,2,492497
135,2,1,2,665509
132,2,2,1,630395
58,1,1,1,298109
198,4,4,4,1044609
202,4,3,3,1035006
257,4,4,4,1329659
244,3,2,3,1203818
256,5,5,4,1359989
97,2,1,2,514572
63,2,2,1,363435
84,2,2,1,446737
49,1,1,0,239668
46,1,1,0,233418
67,1,1,0,306671
291,5,5,4,1509069
113,1,1,0,523919
245,3,3,3,1182241
235,3,3,3,1180994
239,5,5,4,1250924
76,1,1,0,350436
183,3,3,3,913507
288,5,5,4,1470767
261,4,4,4,1309318
209,4,4,4,1123033
285,6,5,4,1513027
132,2,1,2,643003
300,6,5,4,1555555
272,6,5,4,1432839
96,1,1,0,455865
184,2,2,1,894385
188,3,2,2,922947
267,4,3,4,1355698
254,6,5,4,1392806
259,5,5,4,1377135
284,6,5,4,1484207
86,2,1,1,420006
193,4,4,3,1041069
115,3,3,3,686957
98,1,1,1,462225
195,3,3,2,969079
252,5,4,4,1295720
186,3,3,3,975255
214,3,3,3,1087482
230,4,4,3,1184840
174,3,2,3,861783
132,2,2,2,667879
279,4,3,4,1408584
211,4,3,4,1108799
134,2,2,2,706299
127,2,2,2,636098
72,1,1,0,358966
218,4,3,4,1099660
75,1,1,1,380378
87,2,2,1,463587
208,5,5,4,1173463
219,3,2,3,1070383
171,3,2,3,871543
81,1,1,1,417210
130,1,1,0,592496
226,4,3,4,1185012
170,3,3,3,862995
80,2,2,1,436414
118,2,2,2,621133
141,3,2,3,724911
78,2,1,2,398763
170,3,2,2,858069
236,4,4,3,1212877
199,4,4,4,1041353
137,1,1,0,602982
286,4,3,3,1372258
168,4,4,4,940280
279,6,5,4,1497722
258,5,5,4,1348991
227,4,4,4,1195867
74,1,1,0,363998
214,4,3,4,1133362
101,1,1,0,462222
149,3,3,2,770203
70,1,1,0,319359
87,2,2,1,456803
206,4,3,4,1050696
118,3,3,2,652922
115,3,2,3,637836
189,2,2,1,913712
197,4,4,4,1039701
99,3,3,2,592953
175,3,3,3,895334
72,1,1,0,344024
212,5,4,4,1128392
62,1,1,1,321642
150,4,4,3,827538
236,4,4,3,1216980
198,4,3,4,1060079
215,3,3,3,1101801
246,4,4,4,1251677
209,4,3,3,1048777
177,2,2,1,834267
124,3,3,3,686442
175,4,3,3,936906
285,6,5,4,1475187
199,5,5,4,1129860
161,4,4,3,912926
220,3,2,2,1038754
203,3,3,3,1055602
61,2,1,2,370144
261,4,3,3,1292306
95,2,2,1,518924
294,5,4,4,1519815
182,3,3,3,963648
135,3,3,3,753440
136,2,1,2,671305
218,3,3,2,1072315
245,3,3,3,1221674
284,4,4,4,1449578
257,6,5,4,1376570
199,3,2,3,1010707
167,4,4,4,945292
52,1,1,1,254226
256,4,3,3,1257769
216,5,4,4,1142831
178,3,2,2,883057
247,5,4,4,1269742
119,3,3,3,680371
243,5,5,4,1303025
254,5,4,4,1308510
74,1,1,1,379889
71,1,1,1,363601
138,3,3,2,736253
173,3,2,2,845497
113,3,3,3,657030
50,1,1,1,251356
100,1,1,0,463585
53,1,1,0,288835
243,3,3,2,1160988
143,2,2,1,694426
258,6,5,4,1385734
277,5,5,4,1419292
203,3,2,3,1036263
49,1,1,0,249521
149,2,1,1,699020
134,3,3,3,720367
211,4,3,4,1125188
256,4,3,3,1245043
169,2,2,2,828933
256,5,4,4,1315298
77,1,1,0,369332
85,3,3,2,539053
152,4,4,4,866171
162,4,4,4,893881
82,1,1,1,428043
212,4,4,3,1090015
147,4,3,3,830167
187,2,1,2,877073
156,3,2,2,809463
147,3,3,3,769666
274,5,5,4,1450225
95,2,1,1,455572
234,5,5,4,1257689
79,1,1,1,369745
190,3,2,3,934484
166,3,2,2,829696
106,2,2,2,563748
256,5,4,4,1328411
88,3,3,3,540727
222,4,3,3,1147480
243,3,3,3,1211027
57,1,1,1,305437
196,4,4,4,1055216
290,6,5,4,1535305
166,4,4,4,900278
62,1,1,1,335603
249,6,5,4,1329450
231,4,4,3,1164869
190,2,1,2,868011
257,6,5,4,1393397
162,4,3,4,899455
66,2,1,1,374039
116,1,1,0,536282
96,1,1,0,465899
263,6,5,4,1389007
271,5,4,4,1407593
272,5,5,4,1420383
159,4,4,4,901454
45,2,1,1,264774
252,5,5,4,1358384
144,4,4,4,809026
207,4,4,4,1084587
169,2,2,2,843366
47,1,1,1,284006
298,5,4,4,1512513
264,4,3,3,1299460
153,2,1,1,723283
259,5,5,4,1365262
69,1,1,0,322844
52,1,1,1,254405
206,5,4,4,1093876
81,1,1,1,381938
208,4,4,4,1125294
163,3,3,3,844591
250,5,4,4,1283857
152,2,2,2,757024
79,1,1,0,357981
51,1,1,0,270473
174,3,3,2,866587
89,1,1,1,441197
198,3,3,2,1003973
189,2,1,2,898809
274,4,3,3,1335981
274,6,5,4,1476674
265,4,4,3,1355151
208,3,2,3,1000694
153,4,3,4,845393
193,4,3,3,1013058
145,4,3,3,823257
149,4,3,3,820020
240,4,3,3,1207927
107,2,2,1,556505
211,3,2,2,1051260
98,1,1,1,443301
219,5,5,4,1219995
276,6,5,4,1475359
114,1,1,0,502029
272,5,5,4,1389595
228,4,3,3,1140311
258,4,4,4,1317634
291,4,3,4,1455982
286,5,5,4,1468587
283,4,3,4,1391068
257,6,5,4,1355609
203,4,3,4,1059956
135,2,2,2,705871
197,4,4,3,1061605
259,4,3,4,1278630
97,1,1,1,466616
172,3,3,2,872356
280,6,5,4,1478403
63,1,1,1,341811
49,1,1,0,275126
159,3,3,3,857842
75,1,1,1,376367
264,4,3,4,1341726
221,5,4,4,1211174
150,3,2,3,796872
229,4,4,4,1193426
72,1,1,1,386995
217,5,4,4,1151007
48,1,1,1,273983
119,3,2,3,633015
244,4,4,4,1275023
173,4,4,3,972075
155,4,3,3,864861
221,4,4,4,1179489
139,4,3,3,760851
124,2,2,1,642386
134,2,1,1,672622
245,4,4,3,1260905
173,2,2,2,834995
233,4,3,3,1168459
167,2,2,1,775753
163,3,3,2,815434
148,3,2,3,778719
142,3,3,2,745608
273,6,5,4,1423170
263,6,5,4,1387359
120,2,1,2,583312
253,5,5,4,1348567
152,3,3,3,785712
134,2,1,1,671573
230,5,4,4,1218890
284,5,5,4,1442914
248,5,4,4,1324432
195,5,4,4,1076742
125,3,2,2,651441
151,4,4,3,854988
190,4,4,3,1026398
91,3,2,3,564117
158,2,1,1,720601
95,3,3,2,578371
237,5,4,4,1256751
185,3,3,3,925742
193,3,3,3,994925
238,4,3,4,1188577
98,1,1,1,444829
63,2,2,1,384081
75,1,1,0,347411
259,4,3,4,1288960
216,4,3,4,1149606
113,2,2,1,547166
258,6,5,4,1374535
285,5,4,4,1452218
223,3,2,3,1072618
153,3,3,3,835262
175,2,2,1,858445
79,1,1,0,385205
236,3,2,2,1145533
58,1,1,1,300024
272,4,4,4,1359734
158,3,2,3,839666
86,2,2,2,470585
175,2,1,1,807182
136,2,1,1,657469
81,1,1,0,386558
226,4,3,4,1190408
245,3,2,2,1167332
265,5,5,4,1413773
212,3,3,2,1066091
114,2,1,1,589956
196,4,3,3,1045830
131,2,1,1,635073
173,4,3,3,932375
162,3,3,2,859121
163,4,4,4,903435
152,3,2,3,812724
54,1,1,0,274058
255,5,4,4,1334478
255,5,4,4,1331773
208,3,3,2,1052010
184,4,3,4,995109
59,1,1,0,320523
153,4,4,3,836466
75,1,1,1,361935
176,4,3,3,953538
81,2,1,2,424677
50,1,1,1,261366
246,4,4,4,1279384
294,5,5,4,1530966
187,4,4,4,987721
271,5,4,4,1390001
74,1,1,1,345585
120,1,1,0,529645
268,5,4,4,1407662
112,2,1,2,552552
171,3,2,3,845393
115,3,3,3,655911
236,4,4,4,1229942
193,3,2,2,949607
145,4,4,3,826142
206,4,4,3,1068485
218,4,4,4,1175691
182,3,2,2,876148
152,3,2,3,773289
248,4,4,3,1240451
284,5,5,4,1443894
88,2,2,2,485438
213,4,4,3,1125637
275,6,5,4,1474863
65,2,2,1,383528
203,4,4,4,1092280
290,6,5,4,1494166
61,1,1,0,291686
285,5,5,4,1445354
55,1,1,1,316911
205,5,5,4,1108077
287,5,4,4,1475768
277,4,4,3,1375775
208,5,4,4,1127481
171,3,2,2,831300
180,3,3,3,929442
101,2,2,2,563232
289,5,4,4,1495916
105,2,2,2,586755
129,2,1,2,611492
194,3,3,3,1016187
233,4,4,3,1169644
187,3,3,3,942717
108,2,2,2,571976
56,2,1,2,352442
175,3,2,3,910134
201,3,2,2,1004112
184,2,2,2,885689
68,1,1,0,301936
261,5,4,4,1373579
293,5,5,4,1487164
214,4,3,4,1096309
181,3,3,2,947928
236,3,3,2,1173444
255,6,5,4,1370186
232,5,4,4,1261023
79,1,1,0,383267
118,2,1,2,609029
298,6,5,4,1534382
250,4,3,4,1252971
159,2,2,1,749141
224,5,4,4,1187035
106,2,1,2,557900
248,6,5,4,1321277
290,4,4,3,1415207
274,6,5,4,1448978
154,3,2,3,830035
196,4,4,3,1047520
57,1,1,0,284321
253,6,5,4,1389263
130,3,2,2,705381
223,4,3,3,1131569
163,2,2,2,798191
184,4,3,4,984229
72,1,1,1,388814
125,1,1,1,593655
55,2,1,2,345532
224,3,2,3,1126456
78,1,1,0,386578
286,5,4,4,1438340
73,2,2,2,421136
252,5,5,4,1324654
164,3,3,2,858904
103,3,3,2,583550
159,3,3,2,827363
51,1,1,0,261232
61,1,1,0,281441
104,2,2,2,578981
242,4,4,4,1272936
235,4,4,3,1194663
106,1,1,0,506373
223,4,4,3,1147466
125,2,1,2,627839
297,5,5,4,1500703
142,3,3,2,746238
248,5,5,4,1307154
265,4,3,4,1339477
140,3,3,2,740999
89,3,3,3,522751
147,4,4,4,833678
79,1,1,0,362305
173,3,2,2,878521
297,6,5,4,1530334
182,4,3,4,966568
237,3,3,2,1170269
265,5,4,4,1393241
117,2,2,2,579964
93,1,1,1,453204
100,2,2,1,531332
184,2,2,1,873123
199,3,2,3,995572
101,3,2,2,582898
52,1,1,0,253007
66,1,1,0,302821
155,3,2,3,779184
102,1,1,1,502943
158,3,3,2,834199
139,2,1,1,643170
255,6,5,4,1342444
115,1,1,1,570357
265,6,5,4,1392449
103,2,2,1,529587
126,1,1,1,597956
179,3,2,2,888279
47,1,1,0,225086
85,2,2,2,470345
226,5,4,4,1201807
226,5,4,4,1177687
191,3,2,3,943608
247,4,3,4,1239138
225,3,3,2,1131385
210,4,3,3,1106510
160,2,2,1,760774
295,6,5,4,1521212
256,4,3,4,1312595
230,5,5,4,1246657
248,4,3,4,1281649
147,3,3,2,780352
157,3,3,3,858476
117,3,3,2,659034
133,1,1,1,611037
240,4,3,4,1235535
257,5,5,4,1369511
128,2,1,2,640915
165,2,1,2,783312
163,3,2,2,835775
221,4,4,3,1125751
113,1,1,1,535180
86,1,1,0,411164
196,4,3,3,1041279
242,4,4,4,1233028
231,4,4,3,1214885
189,3,2,2,953492
156,3,2,2,820397
265,6,5,4,1441224
262,6,5,4,1401247
291,5,4,4,1454408
76,1,1,0,365577
173,3,3,2,881439
54,1,1,1,301433
288,5,4,4,1493385
189,3,2,3,933676
160,3,2,3,806398
229,5,5,4,1257260
137,3,3,3,743131
273,5,4,4,1380589
221,4,3,3,1115679
203,5,4,4,1126194
238,4,3,4,1230229
295,5,4,4,1515684
191,4,4,3,1013350
204,5,5,4,1159501
241,4,3,4,1212016
111,1,1,1,514548
253,4,4,4,1303400
193,5,5,4,1090028
79,2,1,2,448709
85,2,2,2,494135
212,4,3,3,1106084
216,5,4,4,1175655
215,3,2,3,1059187
154,4,4,4,857820
250,5,5,4,1314140
297,6,5,4,1553704
123,2,1,1,605654
108,1,1,0,515250
175,3,3,3,918069
74,2,1,2,384423
209,5,5,4,1129856
174,2,2,2,823232
52,1,1,1,287763
225,5,4,4,1182264
134,3,3,3,734557
223,4,4,3,1179533
67,1,1,1,317545
282,5,5,4,1441199
156,3,2,2,787666
163,4,4,4,930870
274,6,5,4,1434737
173,3,3,3,905467
291,5,4,4,1492821
80,1,1,1,403273
92,2,1,2,514199
289,4,3,3,1434474
256,4,3,4,1314405
180,4,4,4,997599
299,5,5,4,1552812
91,3,2,2,512194
162,3,3,3,857197
170,2,1,1,789823
145,4,4,3,853906
230,4,4,4,1200087
150,3,2,3,792715
92,1,1,0,433648
159,3,3,3,829365
257,4,3,4,1269178
178,3,3,2,883633
247,4,4,4,1265251
197,4,3,3,1034611
208,3,3,3,1075840
250,5,4,4,1319725
246,4,4,3,1266796
105,1,1,0,479483
177,2,2,2,886424
73,1,1,0,333000
231,4,4,3,1196806
257,5,4,4,1347596
128,2,2,2,653799
285,4,4,4,1418542
63,2,1,1,363042
241,3,3,3,1202324
138,4,3,3,791647
110,2,1,1,528903
110,3,2,3,641436
179,4,3,3,925016
172,4,4,3,932973
300,6,5,4,1578617
79,1,1,1,363936
225,5,4,4,1200556
231,4,3,3,1153625
233,4,3,4,1199062
296,4,4,3,1430576
122,2,1,1,617656
165,3,2,3,853547
299,4,4,3,1465786
254,5,5,4,1338705
203,5,5,4,1115752
229,4,3,4,1190656
122,2,1,1,573454
225,3,2,3,1091715
251,5,5,4,1348166
218,3,2,3,1076319
50,1,1,1,269882
296,5,5,4,1516724
85,2,2,2,467702
144,4,4,4,856790
214,4,3,3,1087483
272,6,5,4,1427399
146,4,3,3,834184
265,5,4,4,1362605
45,1,1,1,236016
150,4,3,4,834527
70,1,1,0,346340
193,3,3,2,956147
287,5,5,4,1491315
289,6,5,4,1501473
226,5,5,4,1221049
238,3,3,2,1168347
92,3,3,3,577631
163,4,4,4,900033
270,5,5,4,1412158
222,4,4,3,1135439
102,2,2,2,566346
244,3,3,2,1209129
208,4,4,4,1092047
289,6,5,4,1499332
269,5,4,4,1371366
185,4,4,4,1004132
82,1,1,1,396865
297,5,4,4,1527744
65,1,1,1,339613
51,1,1,1,290659
103,3,2,3,579708
231,4,3,4,1201999
79,1,1,1,371917
193,5,4,4,1044359
113,2,1,1,585490
73,2,2,1,390849
235,4,4,4,1209563
55,2,1,1,331856
106,3,2,3,607909
295,5,5,4,1535004
288,5,5,4,1470823
69,2,2,1,398879
171,4,4,4,921984
300,6,5,4,1530729
73,1,1,1,377969
68,2,1,2,363894
58,1,1,1,311718
163,3,2,3,833910
120,3,2,3,648982
242,4,3,4,1241107
200,3,3,3,1016759
106,1,1,1,494137
149,4,3,4,862330
206,3,3,2,1027362
200,3,3,3,1030651
206,4,3,4,1062031
245,4,4,3,1244664
156,3,2,3,829746
57,1,1,0,308240
68,2,2,2,383506
78,1,1,1,381036
169,4,3,3,910486
215,4,4,3,1097316
192,3,3,2,949994
287,4,4,3,1392565
263,5,4,4,1366379
155,2,2,2,781791
149,4,3,4,838835
127,2,2,2,641418
256,4,4,4,1308706
235,4,4,4,1240423
169,3,3,2,891942
46,1,1,1,280195
111,2,1,2,536762
136,2,1,1,665368
208,4,4,3,1074443
220,5,5,4,1220392
286,5,4,4,1438221
192,2,1,2,880012
234,3,3,3,1164801
170,2,2,2,800902
105,3,2,2,574496
232,5,5,4,1234536
190,2,2,2,927487
227,3,2,2,1121526
204,4,4,3,1085790
115,2,2,1,580616
64,2,2,2,395682
168,3,3,3,898037
65,1,1,0,322858
156,4,4,4,866381
129,2,2,2,678342
94,3,2,2,521247
223,3,3,2,1082680
184,4,4,3,1003787
63,1,1,1,315994
153,2,2,2,761093
129,2,1,2,610471
237,3,3,2,1161403
274,5,4,4,1431843
52,1,1,1,281350
97,2,1,1,516625
195,5,4,4,1082013
94,2,1,1,472770
174,3,3,3,900034
123,2,2,1,594920
124,2,1,2,595878
110,3,3,3,631864
133,2,2,2,696490
203,5,5,4,1100033
75,2,1,2,442227
163,3,2,3,861325
298,4,4,3,1497176
187,3,3,2,931770
174,4,3,4,936621
63,1,1,0,301846
139,4,4,4,808410
118,3,3,3,656439
89,1,1,1,438349
67,1,1,1,318249
55,1,1,1,275156
245,4,3,4,1271913
133,3,3,2,733805
293,5,4,4,1486210
178,3,2,2,887129
108,2,2,1,543108
124,2,2,2,632056
89,2,1,2,488977
123,1,1,1,552653
229,4,3,3,1168525
225,4,3,4,1179641
117,3,3,2,644503
250,4,4,3,1282686
51,2,1,2,286906
122,3,2,2,643509
61,1,1,1,318901
98,2,1,2,510392
126,3,2,2,650335
254,5,5,4,1359051
264,6,5,4,1436608
216,3,3,3,1086420
273,6,5,4,1454294
193,4,3,3,992789
258,6,5,4,1363888
251,6,5,4,1383826
214,4,4,4,1159622
269,5,4,4,1369342
83,3,2,2,516897
99,3,3,2,567183
169,3,2,2,857144
158,3,2,2,817472
208,3,2,2,1010684
251,5,4,4,1297553
261,5,4,4,1380301
158,3,2,2,781831
226,4,3,4,1168863
93,2,2,1,478645
89,2,1,1,470954
238,5,4,4,1282045
138,3,3,3,727506
193,5,4,4,1064495
134,2,2,2,684988
112,2,2,1,583233
119,3,2,2,632908
67,2,1,1,338354
193,3,2,3,993383
290,6,5,4,1496909
77,1,1,1,363454
261,6,5,4,1369451
154,4,3,4,867313
128,1,1,0,579601
160,4,3,3,875436
277,4,4,3,1388316
54,1,1,0,241514
71,1,1,0,337270
65,2,1,1,368727
190,4,4,4,1058511
274,5,4,4,1388825
281,5,4,4,1418610
123,2,1,1,607276
277,5,5,4,1410836
102,2,1,2,528466
233,4,3,3,1180752
250,5,5,4,1324787
71,1,1,0,359463
183,4,3,4,979541
168,4,4,4,949446
232,3,3,3,1154061
169,4,4,3,897692
300,6,5,4,1577955
141,2,2,1,669425
84,2,2,1,442330
143,3,2,2,764434
236,5,5,4,1237404
104,1,1,1,491388
60,1,1,0,286422
140,2,2,1,670413
241,3,2,2,1148610
186,3,3,3,980111
161,3,2,3,808392
194,3,2,2,932707
48,1,1,0,259891
274,4,4,4,1383281
173,2,2,1,837165
230,3,2,2,1077372
215,5,5,4,1189791
228,4,4,3,1168507
233,3,3,3,1138238
230,4,4,3,1168716
59,1,1,1,307187
95,1,1,1,448399
261,4,3,4,1318284
130,2,2,2,660855
272,5,4,4,1407409
67,1,1,0,327061
217,4,3,3,1127150
298,6,5,4,1547405
107,2,2,1,546682
172,2,2,1,814191
103,1,1,1,471248
179,2,1,2,865787
204,4,4,4,1087609
156,2,1,2,728072
285,5,4,4,1468721
254,6,5,4,1396090
207,3,3,3,1061914
47,1,1,0,268909
107,1,1,1,535263
90,3,2,3,510833
150,2,1,1,727046
109,3,2,2,624969
91,1,1,0,397140
170,3,3,3,881439
261,5,4,4,1327371
77,1,1,0,387593
249,4,4,3,1288623
193,3,2,3,993620
188,3,3,2,938454
80,1,1,1,384781
194,5,5,4,1077806
119,2,1,1,595019
262,5,4,4,1379605
85,3,3,3,504592
159,3,2,3,833998
121,2,2,2,619818
208,4,3,4,1076384
262,5,5,4,1395289
164,2,2,2,812842
206,3,3,2,1045260
210,4,3,3,1096287
154,4,3,3,857864
193,5,4,4,1087205
51,2,1,2,317296
264,5,5,4,1357307
102,2,1,2,503378
210,4,4,4,1104082
300,5,4,4,1533015
159,3,3,2,825112
289,4,3,4,1430696
229,4,4,3,1153813
292,5,4,4,1453668
154,4,3,3,875564
104,2,2,2,540407
54,1,1,0,261266
226,3,3,3,1130589
123,1,1,1,592436
123,3,3,2,671599
150,3,3,2,786919
93,1,1,1,420909
240,4,4,3,1228457
72,2,1,1,405347
107,2,1,2,555579
215,4,3,3,1085740
168,2,1,2,799170
293,6,5,4,1500751
154,3,3,2,803627
134,3,2,3,694824
142,3,2,3,765175
298,5,4,4,1499279
296,5,5,4,1499989
96,2,1,1,496124
174,3,2,3,895723
167,4,4,3,912623
278,4,4,3,1377038
70,1,1,1,336825
46,1,1,1,253599
159,4,4,3,886818
152,4,4,4,850162
158,2,2,1,742966
121,1,1,1,542994
97,1,1,0,423724
99,1,1,1,456102
235,3,2,3,1139542
187,3,2,2,910236
116,2,1,1,596305
132,1,1,0,601722
209,5,4,4,1118379
98,2,2,1,517123
225,5,4,4,1212499
131,1,1,0,591003
140,3,3,2,750807
48,1,1,0,239004
99,2,1,2,539010
199,4,3,3,1017733
272,5,5,4,1423033
108,1,1,0,495788
76,1,1,1,358278
201,4,4,4,1048242
270,6,5,4,1425028
164,3,3,2,873771
149,3,2,2,787856
59,1,1,1,279598
114,2,2,2,603568
129,2,2,2,642164
282,4,4,4,1436872
195,3,3,2,962179
62,2,1,2,355333
258,6,5,4,1367569
164,2,1,1,788896
265,4,3,4,1319082
157,2,1,2,740871
103,2,2,1,518697
294,6,5,4,1505351
155,4,3,3,847142
94,2,1,1,466595
234,4,3,4,1176229
94,3,2,3,550210
197,4,4,4,1066026
183,4,3,3,961205
209,3,3,3,1076488
113,1,1,0,512804
270,4,3,3,1356375
275,5,4,4,1413240
56,1,1,1,263932
95,3,3,3,564091
267,5,5,4,1420426
273,5,5,4,1393803
206,4,3,4,1108456
88,2,2,2,487342
188,2,1,1,850270
246,5,5,4,1280522
57,1,1,1,324029
85,2,1,2,473347
71,2,2,1,406615
81,1,1,1,391750
203,4,3,3,1022488
65,1,1,0,305194
256,5,5,4,1361046
281,6,5,4,1498159
270,5,4,4,1387626
54,1,1,1,280772
262,5,5,4,1373059
75,1,1,0,373657
285,5,4,4,1457236
102,2,1,2,519527
135,2,1,1,644126
213,3,3,2,1030733
218,3,3,2,1095448
299,5,4,4,1527611
185,4,4,4,1036546
141,2,1,1,696114
125,2,1,2,619345
286,4,3,4,1405338
237,3,3,3,1158570
187,4,4,4,1011351
137,2,2,1,689934
161,3,2,2,843310
168,4,3,4,938482
187,4,3,4,1018431
211,3,3,3,1064951
201,3,2,3,995397
218,4,4,3,1160400
124,2,2,1,634006
289,5,5,4,1502452
289,6,5,4,1497285
276,4,4,3,1364169
120,2,1,1,613033
277,4,4,3,1405888
273,5,5,4,1444469
279,6,5,4,1491184
74,1,1,0,382397
231,4,4,4,1180469
220,4,3,4,1136523
299,4,4,4,1507084
274,5,4,4,1418979
236,5,4,4,1249980
68,1,1,1,344891
291,4,4,3,1432493
275,6,5,4,1448933
54,1,1,1,273287
176,3,2,3,895234
210,4,4,4,1125283
155,4,4,4,901910
182,3,3,3,954899
287,6,5,4,1491261
218,4,3,3,1131037
215,3,3,2,1083140
50,2,1,2,326085
285,5,4,4,1449498
212,5,4,4,1172548
125,3,3,2,669384
254,6,5,4,1387778
282,6,5,4,1489852
133,2,1,2,629626
73,2,2,1,405934
226,4,4,4,1208260
284,5,4,4,1451976
99,3,3,2,583231
102,3,2,3,592538
215,3,3,2,1054485
135,2,1,1,645440
82,1,1,1,407144
76,2,1,1,375704
289,4,3,3,1395689
155,3,2,2,775664
290,5,4,4,1499473
266,5,5,4,1368600
46,1,1,1,280682
105,1,1,1,496559
179,2,1,1,811810
124,3,2,3,675284
227,4,3,3,1165229
119,1,1,0,549689
75,1,1,1,387562
266,5,4,4,1381814
193,4,3,4,1018012
191,3,3,3,962081
287,6,5,4,1516544
211,3,2,2,1050696
136,3,3,2,745012
85,3,2,2,494281
126,2,1,2,620301
146,3,3,3,797661
119,2,2,1,616083
283,5,5,4,1483557
294,5,5,4,1532316
132,3,3,2,716589
294,6,5,4,1556472
241,3,2,3,1139380
271,6,5,4,1464967
240,4,3,4,1198575
207,5,4,4,1140028
70,1,1,1,323323
180,2,1,2,876800
97,1,1,1,451741
172,4,3,3,919078
231,5,4,4,1237853
247,4,4,4,1241363
85,2,2,1,487155
77,1,1,0,383538
210,4,4,4,1113027
160,2,1,2,743770
68,1,1,1,350773
142,2,2,2,709587
59,2,1,1,312916
98,3,2,3,551564
165,4,3,3,917145
47,1,1,0,237514
125,1,1,0,585577
178,2,1,2,820668
151,4,4,4,891674
263,6,5,4,1417219
205,3,3,2,1012373
66,1,1,0,294403
60,1,1,1,283446
87,2,1,1,464781
102,2,2,1,553829
122,3,3,2,693752
185,4,4,4,1006337
70,1,1,1,346643
121,2,2,2,594739
184,3,2,3,925061
178,2,2,2,877045
257,4,4,4,1337284
177,2,1,2,862332
300,4,3,4,1480815
94,3,2,3,557260
55,1,1,1,282207
295,4,3,4,1455237
240,4,3,4,1209749
193,3,3,3,1003529
115,2,1,2,583354
54,1,1,0,244046
213,3,2,3,1064448
257,5,5,4,1381925
272,4,4,3,1346097
77,2,1,2,401221
47,2,2,1,297179
50,1,1,0,282092
180,3,3,3,937799
286,5,4,4,1453853
255,4,3,4,1271487
107,3,2,3,577874
59,2,2,1,324064
279,5,4,4,1399156
274,6,5,4,1454020
190,3,3,3,970626
97,3,3,3,603772
68,2,2,2,380200
92,2,1,1,459021
105,2,1,1,535621
122,1,1,0,555053
135,2,2,1,650863
261,6,5,4,1424874
97,2,1,2,514263
182,3,3,3,947125
59,1,1,0,283229
252,5,4,4,1312593
94,1,1,0,431240
296,4,3,4,1484543
131,1,1,0,593194
76,1,1,1,387770
225,3,3,2,1099652
269,6,5,4,1446021
256,5,5,4,1355700
248,5,5,4,1295300
229,4,4,4,1176121
118,1,1,0,529979
186,3,2,2,917576
182,2,2,2,904098
149,4,3,3,836480
192,2,1,1,901324
47,2,2,2,318783
194,4,3,3,985590
47,1,1,0,225155
205,5,4,4,1146168
64,2,2,1,370622
235,3,3,3,1161636
71,1,1,0,328423
285,4,3,4,1423916
57,1,1,1,284628
233,3,2,2,1134533
69,1,1,0,361456
212,5,5,4,1167001
152,2,2,1,741166
202,3,3,2,1010857
129,2,1,2,620534
221,4,3,3,1098061
234,4,4,3,1190745
234,3,2,2,1115392
125,2,2,1,602020
269,6,5,4,1446956
230,3,2,2,1134490
181,2,1,2,877264
92,2,1,1,440846
46,2,2,1,282212
236,3,3,3,1173242
153,3,2,3,795284
119,3,3,3,658619
283,5,4,4,1459796
234,4,3,3,1176407
71,1,1,0,338165
68,2,1,1,358370
108,2,2,1,564560
197,3,2,3,988475
80,1,1,1,401919
192,3,3,3,964002
263,5,4,4,1374708
201,4,4,4,1073771
105,2,1,2,516134
195,5,4,4,1081003
274,6,5,4,1436519
68,1,1,0,317028
124,2,1,1,619118
167,2,2,1,822765
119,2,1,1,585283
53,1,1,0,286600
203,4,4,4,1082697
200,5,4,4,1109750
123,3,2,2,658015
206,5,5,4,1123473
256,4,4,3,1294019
144,2,1,1,670245
67,2,1,1,374292
131,2,2,2,639501
283,5,4,4,1424683
98,1,1,0,451061
280,5,4,4,1438680
243,3,2,3,1197392
249,4,3,4,1268334
69,1,1,1,329062
181,4,4,3,974875
83,3,2,2,500972
191,2,2,2,888749
156,2,1,1,743010
153,3,2,3,826601
177,3,3,2,926134
184,3,2,3,926094
207,5,5,4,1139755
75,1,1,0,332603
60,2,2,2,357506
73,1,1,1,349186
57,2,1,1,321572
133,2,1,2,633606
109,3,3,2,605630
86,2,2,2,482623
95,2,2,1,516819
84,2,1,1,460898
289,5,5,4,1476501
291,5,5,4,1480070
101,3,2,3,565013
64,1,1,1,325288
114,1,1,0,551465
270,5,5,4,1437777
51,1,1,1,271627
195,5,5,4,1071657
293,5,5,4,1516961
109,2,2,2,553610
179,3,3,3,925580
134,2,1,2,641417
114,3,3,3,625662
266,4,3,4,1351893
178,2,1,1,829323
164,4,3,3,898179
114,2,2,1,559966
228,4,4,4,1171836
256,6,5,4,1360054
229,5,5,4,1224408
71,1,1,1,368917
85,2,1,2,434545
291,5,5,4,1509636
249,4,3,3,1224541
264,6,5,4,1420526
63,2,1,2,372240
63,1,1,0,316744
99,3,3,3,614491
210,4,4,4,1131202
172,2,1,1,806501
182,4,3,4,996056
197,4,3,4,1023255
111,2,2,1,540902
300,5,4,4,1513978
248,5,5,4,1289604
274,4,4,3,1394457
105,3,2,2,595840
174,2,1,2,800997
56,2,2,1,315879
279,6,5,4,1462123
201,5,5,4,1117449
227,3,3,2,1101041
300,6,5,4,1535353
255,4,3,4,1300948
225,4,4,4,1170537
297,5,4,4,1491460
80,1,1,0,400731
129,2,1,1,620972
185,3,2,2,929102
113,3,3,3,637927
192,3,2,2,956272
203,4,4,4,1114577
300,5,4,4,1543149
286,6,5,4,1512899
246,4,4,3,1271783
153,3,2,2,780474
275,4,3,3,1363088
271,5,5,4,1423413
129,2,1,2,651484
177,3,2,2,887349
109,3,3,3,641412
285,4,3,4,1414798
81,1,1,1,398973
90,2,2,1,466334
224,5,5,4,1228441
120,2,2,1,592382
185,2,2,1,881692
55,2,1,1,332086
167,3,3,2,851547
275,5,5,4,1448655
286,5,4,4,1462478
128,1,1,0,562559
246,4,3,3,1245454
85,2,2,2,493342
298,5,5,4,1499997
294,4,4,3,1450894
57,1,1,1,275929
242,4,3,4,1226920
136,2,1,1,652210
216,5,4,4,1184596
298,4,4,4,1456227
291,5,5,4,1499616
213,4,3,4,1133375
144,4,3,4,812520
186,3,2,2,925422
230,5,4,4,1219199
120,1,1,1,584643
225,3,3,3,1099875
291,5,5,4,1473678
229,4,3,3,1144220
81,2,1,1,445168
154,3,3,3,849568
241,3,3,2,1197519
282,6,5,4,1463738
102,1,1,0,452641
300,6,5,4,1588183
282,4,3,4,1376305
109,2,1,1,568116
260,5,4,4,1340686
155,4,4,3,849180
284,5,5,4,1482071
242,4,3,4,1260092
288,5,4,4,1441627
223,4,4,3,1158927
296,5,4,4,1491510
273,5,4,4,1430034
198,4,4,3,1057509
237,4,4,4,1208921
179,3,3,2,918463
117,3,3,2,675699
226,5,4,4,1210799
214,3,3,2,1048803
101,2,2,1,537556
105,1,1,0,496796
267,6,5,4,1422651
226,3,3,3,1147507
236,5,5,4,1276782
253,6,5,4,1384779
49,1,1,0,265748
183,3,3,2,947977
86,1,1,1,432063
235,4,4,4,1234507
200,5,5,4,1140322
247,4,4,3,1271921
116,3,3,3,636678
75,1,1,1,377055
211,3,2,2,1013168
72,1,1,0,323086
204,5,4,4,1138709
95,3,3,2,583690
281,5,4,4,1420558
196,4,3,4,1053687
80,2,1,1,393090
238,3,3,2,1159991
102,1,1,1,464379
248,4,3,4,1281132
280,4,4,3,1380641
105,1,1,1,498036
265,5,4,4,1367027
271,4,4,3,1361212
281,5,5,4,1481757
121,2,1,1,594827
295,5,5,4,1539673
123,2,1,2,607420
251,6,5,4,1353494
174,3,2,2,898993
63,2,1,2,349465
294,5,5,4,1487379
144,3,3,3,805023
122,1,1,1,565425
273,4,4,3,1368707
126,2,2,2,635423
105,2,2,1,539534
211,3,3,2,1058710
155,2,2,2,778856
165,4,3,3,869743
77,1,1,0,382875
168,4,3,3,892672
270,4,4,4,1384081
201,4,4,3,1081661
222,3,3,2,1101039
159,3,2,3,830482
92,1,1,1,466147
72,1,1,0,357375
261,4,4,4,1354569
86,3,3,3,511492
97,3,3,2,591139
187,3,2,3,969633
285,4,3,4,1429521
221,4,4,3,1131908
290,6,5,4,1499576
190,2,1,1,854848
146,2,2,1,733117
256,4,4,4,1315832
267,5,4,4,1388427
200,5,5,4,1127288
96,2,2,1,486071
230,3,2,2,1077656
114,3,2,2,606993
113,2,2,2,606302
287,4,4,4,1463127
129,3,2,2,693235
229,4,4,3,1194290
187,3,2,2,912196
47,1,1,1,267864
218,5,5,4,1211631
96,2,1,1,497000
230,4,3,3,1194353
149,4,4,3,845845
155,4,3,3,850333
208,4,4,3,1105258
157,3,3,2,804857
119,1,1,1,580076
292,6,5,4,1507264
48,2,1,1,279096
54,1,1,1,310943
211,4,3,4,1121444
132,2,1,2,678624
126,3,2,3,703347
222,5,4,4,1216238
276,4,4,3,1387490
229,5,4,4,1190075
75,1,1,0,382160
114,3,2,2,636116
87,3,3,3,565052
55,1,1,1,271973
114,3,2,2,644558
198,3,3,3,1006847
217,5,5,4,1204641
294,4,3,4,1457473
286,4,3,4,1401464
139,2,1,1,679707
159,4,4,4,914884
231,4,4,4,1189883
192,3,2,2,958442
212,5,4,4,1127439
51,1,1,1,296668
176,3,2,3,873196
152,2,2,1,746034
237,3,3,2,1164063
179,3,2,2,887987
147,3,2,2,753377
119,3,2,3,671283
139,4,4,4,837900
99,1,1,1,486459
142,2,2,2,721623
215,5,4,4,1171061
62,2,2,1,340586
154,3,2,2,802191
241,3,2,2,1181159
46,2,1,2,300248
134,2,2,1,649822
256,4,4,4,1294309
184,3,3,2,952889
102,2,1,2,552687
298,6,5,4,1578222
159,2,1,1,773296
200,4,4,3,1030057
285,6,5,4,1500594
178,3,2,2,895047
61,1,1,1,314520
130,1,1,0,567063
126,3,3,3,693461
243,3,2,2,1140194
153,2,1,1,727668
103,3,2,3,570247
170,3,3,3,892464
92,1,1,0,400984
257,5,4,4,1314025
240,4,3,4,1202974
247,3,2,2,1186069
221,4,3,3,1098419
80,2,1,2,408222
160,4,3,3,853777
54,1,1,1,256896
135,1,1,1,595320
83,2,2,2,439997
165,4,3,4,909462
118,3,2,2,648069
189,3,2,2,933236
149,3,2,2,750353
230,3,2,3,1138547
140,4,3,4,776471
63,1,1,1,300432
293,5,4,4,1501216
83,2,1,1,416105
109,1,1,1,499104
73,1,1,0,350910
203,3,2,3,1015763
259,6,5,4,1373299
70,1,1,0,350315
230,5,5,4,1225502
96,2,1,1,458013
197,3,3,2,1001073
238,5,5,4,1250663
203,5,4,4,1097162
245,4,3,3,1212755
175,3,3,3,904461
192,3,2,2,950299
99,1,1,0,439887
46,1,1,1,228091
48,2,1,1,310413
294,5,4,4,1484314
106,2,2,2,562209
226,3,3,3,1099369
245,4,3,4,1225863
265,5,5,4,1409418
129,1,1,0,571648
293,4,3,3,1424730
218,4,4,4,1142280
196,3,3,3,1018658
118,3,2,3,640961
217,4,3,4,1119211
233,4,3,3,1150859
119,1,1,1,547789
285,5,5,4,1501721
175,3,3,2,902895
175,3,3,2,866491
57,1,1,1,271115
104,2,2,2,551763
66,1,1,1,305595
270,5,4,4,1364882
264,4,3,3,1301589
131,2,2,1,664502
86,2,2,1,461698
260,5,4,4,1378472
222,4,3,4,1140646
181,2,1,2,844408
274,4,4,4,1389137
129,1,1,0,595010
149,3,3,2,756523
128,3,3,3,688749
114,1,1,1,532127
187,4,4,4,1004420
282,5,5,4,1451085
69,1,1,0,351603
84,2,1,1,429142
284,4,3,4,1384651
49,1,1,1,283916
99,2,1,1,489924
215,4,3,3,1084167
254,5,4,4,1350233
63,1,1,0,330639
66,1,1,0,318581
295,5,4,4,1519205
72,1,1,0,322255
265,6,5,4,1421828
117,1,1,0,525920
51,2,1,2,284494
226,5,5,4,1217029
187,2,2,1,914702
203,4,4,4,1085455
151,3,2,2,795774
207,4,4,4,1099227
206,5,4,4,1104000
254,5,4,4,1308115
130,2,1,2,663548
66,1,1,0,311595
254,6,5,4,1354203
77,1,1,0,337780
274,6,5,4,1458633
272,6,5,4,1414588
226,3,2,3,1127133
48,1,1,0,271334
166,4,3,4,897607
155,4,3,3,824415
156,2,2,1,745024
83,2,2,2,481507
106,3,2,3,579348
78,1,1,1,380618
132,1,1,0,584133
281,6,5,4,1470649
106,2,2,2,583202
258,5,5,4,1332808
95,3,3,2,554510
251,5,5,4,1300104
182,3,2,2,883564
197,4,4,3,1040915
236,5,4,4,1276529
180,2,1,1,827435
190,4,3,3,995326
78,2,1,2,440982
238,3,3,2,1178676
267,5,4,4,1385360
144,2,1,1,687384
113,2,1,1,547623
218,3,2,2,1077471
162,3,2,2,817735
191,4,4,4,1042252
139,4,3,4,804171
94,2,1,2,505331
112,2,2,1,577986
83,2,2,1,462798
139,3,2,2,706262
90,2,2,2,468158
253,4,3,3,1264607
204,3,3,3,1027254
51,1,1,1,281380
52,2,1,2,346257
173,2,1,2,840136
60,1,1,1,311507
83,2,1,2,456549
158,3,2,2,825527
124,2,2,1,609749
262,5,4,4,1343461
260,5,4,4,1321800
269,5,5,4,1381296
88,2,2,1,455751
71,2,2,1,373428
188,4,4,3,982147
186,2,1,1,850932
195,5,4,4,1048434
148,4,3,4,841546
273,5,5,4,1403777
154,4,4,3,865234
158,3,3,3,834288
57,2,1,2,349383
78,1,1,0,368560
229,5,5,4,1252546
256,5,4,4,1328720
169,3,3,3,881094
88,2,2,1,463056
291,6,5,4,1550474
230,4,4,4,1201102
164,4,3,3,886623
194,4,3,3,1033514
238,3,3,2,1146207
181,3,2,2,894229
244,5,4,4,1259699
290,5,5,4,1522843
248,4,3,3,1239315
255,5,4,4,1298167
159,2,2,1,770968
175,2,1,2,843038
49,2,2,2,348068
106,1,1,0,498486
281,4,4,3,1408136
150,2,1,1,723794
200,3,2,3,1018057
232,4,3,4,1217498
66,1,1,1,334580
231,4,4,4,1191944
238,4,3,3,1169304
298,4,4,4,1457487
217,4,4,3,1132699
190,2,1,2,866434
59,2,2,1,345540
79,1,1,0,373668
238,5,4,4,1245820
194,4,4,4,1062831
91,1,1,0,410282
243,5,5,4,1287384
230,4,4,3,1178198
142,3,2,3,723802
235,4,3,3,1209272
203,5,5,4,1145174
70,1,1,1,355916
63,1,1,1,334505
55,1,1,0,264041
272,5,5,4,1396451
244,3,2,3,1190938
73,1,1,0,377217
56,1,1,0,252797
128,1,1,1,621296
210,4,4,3,1071681
288,5,5,4,1479986
293,5,4,4,1482607
152,4,4,4,896991
146,4,3,4,804353
71,1,1,0,337344
293,6,5,4,1532490
229,4,3,3,1148580
241,5,4,4,1244414
260,6,5,4,1413082
276,4,3,3,1383085
201,4,4,3,1041897
187,3,2,2,921111
273,6,5,4,1432036
243,5,5,4,1315835
263,6,5,4,1408561
262,5,4,4,1335408
167,3,2,3,867370
72,1,1,1,360970
187,3,3,2,944070
115,2,2,2,591517
122,3,3,2,645391
216,4,4,3,1130219
288,5,4,4,1457414
91,2,1,2,475223
48,1,1,0,251224
60,1,1,1,314288
103,1,1,1,492077
280,4,4,4,1379926
99,2,1,1,489922
246,5,5,4,1328872
246,4,3,4,1268167
291,4,4,3,1435829
253,6,5,4,1359060
164,3,3,2,869646
106,2,1,1,507533
254,5,5,4,1331667
58,1,1,1,295603
186,4,4,3,1019169
205,4,4,4,1080630
172,3,3,3,873162
112,1,1,1,509566
69,1,1,0,359425
172,3,2,2,834944
128,1,1,0,606862
242,4,3,4,1241883
226,5,5,4,1233434
65,1,1,0,343445
156,3,2,3,789918
198,3,3,2,981129
278,5,5,4,1442888
261,6,5,4,1397681
274,5,4,4,1393464
213,5,5,4,1140905
92,2,2,2,501743
246,5,4,4,1317138
134,2,1,2,649238
78,1,1,0,375637
202,3,3,2,1021202
137,3,3,2,718290
175,4,4,4,955444
264,4,3,3,1292242
188,4,4,3,1005147
178,3,2,2,915792
133,1,1,0,625821
215,4,4,4,1159103
137,2,2,1,700755
261,4,4,3,1337967
172,3,3,3,921896
82,1,1,0,387756
184,2,2,1,868330
115,2,1,2,595015
206,4,4,4,1072317
112,1,1,0,526776
265,4,3,4,1347547
277,5,5,4,1429908
167,2,1,1,775082
184,4,4,3,1009857
173,3,2,2,882685
209,4,3,3,1085102
129,2,1,2,612934
286,6,5,4,1528905
220,4,3,3,1108721
184,3,2,2,941467
243,4,3,4,1249253
231,4,4,4,1225871
120,2,2,2,615202
221,5,4,4,1194147
169,3,2,2,822732
224,3,3,3,1120644
270,5,4,4,1392607
137,2,2,1,647194
81,2,2,2,452690
54,2,2,2,369757
259,5,5,4,1374764
284,4,3,3,1391127
95,3,3,3,596905
213,3,2,2,1007864
293,5,4,4,1474120
249,4,4,4,1261441
55,2,2,2,348457
298,5,4,4,1488367
197,4,4,3,1059099
289,5,4,4,1446089
45,1,1,0,205796
145,4,4,3,836004
81,2,2,1,469737
266,4,4,4,1362603
260,5,5,4,1338913
295,5,5,4,1513030
219,5,5,4,1210741
57,1,1,0,253149
47,1,1,0,252050
158,3,2,3,799976
68,1,1,1,318152
241,5,5,4,1259669
238,3,3,2,1165052
165,2,2,2,788194
153,3,3,3,841438
174,3,3,2,862299
239,3,3,2,1160984
277,5,5,4,1443026
129,1,1,0,590411
105,1,1,1,479547
58,1,1,0,304206
98,1,1,0,472759
221,5,5,4,1214993
264,5,5,4,1403367
231,5,4,4,1249992
160,4,4,4,915499
188,4,3,3,1012230
156,4,4,4,877810
128,2,1,1,609540
206,4,3,4,1106673
153,2,2,1,715306
282,4,3,3,1363486
246,5,5,4,1295363
273,5,4,4,1426352
193,3,3,2,974268
116,2,1,1,571074
117,2,1,1,599626
223,4,3,4,1173127
134,3,2,2,730526
59,1,1,0,295879
264,4,3,3,1328378
233,3,3,3,1168612
163,2,2,2,815257
282,6,5,4,1460948
113,3,2,3,634451
99,1,1,1,471034
264,5,5,4,1359386
215,4,4,4,1118236
276,4,3,3,1357822
48,2,2,2,305562
259,5,4,4,1345776
165,3,3,3,872996
216,4,4,4,1121372
220,4,4,4,1155114
239,5,5,4,1293398
236,3,3,3,1137428
159,3,2,3,842270
60,1,1,0,322792
225,3,3,2,1097012
94,3,2,2,520453
74,1,1,1,348692
217,5,4,4,1162084
221,4,3,4,1118204
246,4,3,4,1229336
89,2,2,2,463310
143,2,1,2,674095
155,3,2,3,830456
149,4,3,4,838315
76,2,2,1,408836
294,5,5,4,1485966
262,6,5,4,1376582
296,5,4,4,1510651
253,5,5,4,1316151
147,3,3,2,794199
199,5,4,4,1101053
216,3,3,2,1072910
65,1,1,1,335485
124,3,2,3,678046
150,3,2,2,763126
94,2,2,2,507173
159,3,2,3,846062
98,3,3,3,586245
262,5,4,4,1347280
250,6,5,4,1347015
136,1,1,1,603928
281,4,3,4,1409267
118,2,2,2,623700
277,4,4,3,1391400
56,1,1,1,307957
215,3,3,3,1074492
204,5,5,4,1116600
172,2,1,2,818954
68,2,1,1,361547
191,3,2,3,951944
109,2,1,2,582990
52,1,1,0,251664
100,3,3,3,584408
253,4,4,3,1256363
100,1,1,1,492143
281,5,4,4,1461484
165,3,3,3,873703
49,1,1,1,264918
82,1,1,1,418098
98,2,2,2,510355
47,1,1,1,243187
294,5,4,4,1504858
143,2,1,1,690704
67,2,2,1,392050
244,4,4,3,1221928
170,4,4,4,937099
109,3,3,3,610286
52,1,1,1,267387
259,5,5,4,1333676
49,1,1,0,275358
51,1,1,0,227230
215,4,4,3,1125792
248,6,5,4,1314949
142,2,2,1,671424
77,2,1,1,389839
284,6,5,4,1470195
232,4,3,4,1214185
79,1,1,0,399744
109,3,2,2,623314
202,4,4,3,1057166
166,3,2,3,836322
294,5,5,4,1519711
90,1,1,0,406712
229,4,4,4,1219193
121,2,2,2,637112
155,2,2,1,765424
58,1,1,1,295565
151,2,1,2,707855
184,2,2,1,871888
284,5,4,4,1432061
282,4,4,4,1442158
179,2,1,1,835812
127,2,2,2,654529
292,5,5,4,1526559
67,1,1,0,330616
248,5,4,4,1311643
139,2,1,1,660097
278,4,3,4,1370292
152,3,3,3,827332
120,2,2,2,643692
236,5,4,4,1246010
51,1,1,1,287718
101,2,1,2,548376
123,2,1,2,625276
191,4,3,3,980074
221,3,2,3,1112938
274,5,5,4,1446990
262,4,4,4,1347560
293,5,5,4,1507345
192,4,4,3,1052245
72,1,1,1,339052
60,1,1,0,311931
258,5,5,4,1348745
86,1,1,0,377185
123,2,1,1,590311
289,5,5,4,1472877
266,5,5,4,1384758
275,5,5,4,1409095
214,5,5,4,1201262
229,3,3,3,1123322
289,5,5,4,1516130
287,4,3,3,1377760
72,1,1,1,347517
252,5,5,4,1319041
191,4,4,3,1027536
180,3,3,3,900396
191,2,2,2,890508
213,5,4,4,1153213
65,2,2,1,399885
78,1,1,0,353564
270,5,5,4,1415952
188,3,2,2,944192
142,3,2,3,727417
280,6,5,4,1480065
47,1,1,1,271087
280,5,4,4,1406381
180,2,2,1,855736
95,2,1,2,504581
183,4,4,3,997272
201,5,5,4,1136079
258,4,4,3,1316515
291,6,5,4,1539856
206,3,3,2,999527
257,5,4,4,1365722
273,4,3,4,1343295
78,1,1,0,364881
208,5,5,4,1127771
199,4,4,4,1065551
209,4,3,3,1074047
91,2,1,2,484175
168,4,3,3,925802
168,3,3,2,845809
165,3,3,2,835226
135,2,1,1,638938
222,4,4,3,1126060
241,4,4,4,1264758
151,3,2,3,799320
109,3,2,2,601293
73,1,1,0,350052
176,2,1,1,795114
239,3,3,3,1163031
196,4,3,3,1010539
257,4,3,4,1277035
170,3,3,3,862838
251,5,5,4,1352384
132,2,1,1,630992
90,2,1,2,501998
93,3,2,2,545414
240,4,3,4,1239855
204,4,3,4,1044161
117,2,2,2,620335
285,5,4,4,1426328
208,4,3,3,1092659
252,4,3,3,1267560
53,1,1,1,293593
114,3,3,2,620666
182,2,2,1,884683
236,5,4,4,1240119
232,4,4,3,1194765
234,3,2,3,1166665
152,4,4,4,878400
66,1,1,1,337203
151,3,2,3,801077
109,3,3,2,624680
192,2,2,2,922281
234,3,2,3,1161707
206,3,3,3,1053725
245,4,4,3,1258305
248,5,5,4,1343311
113,2,1,1,546570
138,2,2,1,651789
76,2,1,1,409827
98,1,1,1,494527
96,2,2,1,496474
85,1,1,0,424615
70,1,1,0,315754
118,2,1,2,608120
106,2,1,1,539881
192,3,3,2,944944
178,3,2,3,889319
56,1,1,0,298924
73,1,1,0,332096
111,3,2,2,594551
165,3,2,3,856170
94,2,2,1,515537
127,2,2,1,646095
293,6,5,4,1559206
185,4,4,4,997735
73,2,2,2,406725
237,3,3,2,1160564
141,2,2,1,702352
72,2,1,1,380088
73,1,1,0,379231
107,2,2,2,590418
128,3,2,3,712482
146,4,3,3,801302
209,5,5,4,1135611
138,3,2,2,694796
188,4,3,3,969462
140,3,2,2,733212
87,2,2,1,483708
128,2,2,1,633817
119,3,2,3,679421
66,1,1,1,310076
132,2,2,1,637558
124,2,2,2,635817
58,1,1,1,273867
188,4,3,3,971485
280,5,4,4,1415894
220,4,3,4,1141322
231,3,2,3,1112079
61,1,1,1,307885
221,3,2,3,1107193
289,5,4,4,1489365
142,2,1,2,664693
260,4,4,4,1326961
197,5,5,4,1102964
224,4,3,4,1160694
172,3,3,3,869109
240,4,3,4,1247341
45,1,1,0,246399
233,4,3,3,1196489
76,1,1,1,358861
200,3,2,3,1009234
253,6,5,4,1384108
180,2,2,2,861806
292,4,3,3,1423206
181,3,3,3,953989
146,3,2,3,760182
183,3,2,3,936144
79,1,1,1,416716
75,1,1,0,350624
121,2,1,1,564018
78,1,1,0,383234
60,1,1,0,313984
140,3,3,2,765341
250,5,5,4,1323706
282,4,4,4,1429032
240,4,4,3,1228178
256,5,4,4,1345391
60,2,1,1,352955
80,1,1,0,368288
193,3,3,3,994314
197,4,3,3,1044823
291,5,4,4,1467515
176,2,1,1,820991
131,2,1,2,655556
133,1,1,0,572666
257,5,4,4,1312009
111,1,1,1,496828
185,3,2,2,940475
223,4,3,3,1111377
231,5,5,4,1240564
257,4,4,4,1334474
228,3,3,2,1103959
161,3,2,3,828620
55,1,1,1,306145
112,3,3,2,644311
124,1,1,0,569181
243,3,2,3,1154606
105,1,1,0,510689
286,4,4,3,1437444
234,4,4,3,1172143
246,3,3,3,1177882
175,4,3,4,941790
155,2,1,2,732111
300,4,3,3,1429451
269,5,5,4,1410565
201,4,3,4,1029510
268,4,4,3,1333414
162,3,3,2,815896
52,1,1,0,282062
182,2,1,1,828196
276,4,3,3,1362039
274,5,4,4,1424329
176,3,3,3,924875
143,3,3,2,739341
252,6,5,4,1359805
169,4,4,4,970404
187,2,1,1,860307
80,1,1,1,373726
183,3,2,3,926890
286,6,5,4,1501052
279,4,3,4,1355999
113,2,1,1,569087
228,3,2,2,1117253
94,2,2,1,469388
137,2,2,2,666898
243,4,3,3,1218843
122,2,1,1,590392
250,4,4,4,1302848
101,1,1,1,452307
167,2,1,2,795029
292,5,5,4,1522159
258,5,4,4,1364092
222,3,3,3,1122419
252,6,5,4,1380307
219,4,3,3,1131307
63,1,1,0,313539
156,2,2,1,749839
69,1,1,1,376201
265,5,5,4,1396341
192,2,1,2,888240
258,4,4,3,1294966
51,1,1,1,268344
92,1,1,1,454462
152,4,4,4,880371
52,1,1,0,260885
271,5,4,4,1415454
289,6,5,4,1508136
56,1,1,0,302314
297,5,4,4,1496184
273,5,4,4,1414284
209,3,2,3,1006144
146,2,1,2,713686
194,5,5,4,1117634
247,5,5,4,1332995
211,3,3,2,1032154
297,5,4,4,1506936
45,1,1,0,232028
67,1,1,1,344774
90,1,1,0,407323
118,1,1,0,525448
94,3,2,2,543601
282,5,5,4,1436856
250,6,5,4,1352681
247,4,4,4,1298106
69,1,1,1,366614
249,4,4,3,1241001
131,3,3,2,707480
98,1,1,1,490752
64,1,1,0,330667
137,2,2,2,708653
214,4,3,4,1107904
250,5,4,4,1320822
275,5,5,4,1457463
77,1,1,0,371861
195,5,5,4,1115438
200,4,4,3,1074966
159,4,3,4,902337
63,1,1,1,314846
159,4,4,4,895512
155,2,1,2,730778
53,1,1,1,289504
129,3,3,2,726305
148,3,3,2,771397
80,1,1,1,396239
251,4,4,3,1247008
55,2,2,2,350139
273,5,5,4,1439772
234,5,5,4,1277309
156,3,3,2,825353
198,4,4,3,1063781
164,4,3,3,906722
174,4,4,3,952086
106,2,2,2,534054
115,3,3,2,624013
159,2,2,1,740252
290,4,4,3,1445499
66,1,1,1,306699
83,2,1,1,461370
167,3,3,2,842153
121,2,2,2,643586
89,2,1,2,478504
100,2,2,2,515483
224,3,3,3,1099373
113,1,1,1,556737
75,1,1,1,372310
273,5,5,4,1393865
209,4,4,4,1131929
241,3,2,3,1194471
276,5,4,4,1390653
182,3,3,3,926805
88,2,1,2,485741
159,3,3,3,839046
77,1,1,1,394167
168,4,4,4,912527
272,5,5,4,1436196
298,6,5,4,1571569
243,3,3,3,1166532
85,3,3,2,525024
238,4,3,3,1172624
124,2,2,1,651105
213,5,4,4,1155697
172,4,4,4,949462
213,4,3,3,1078307
197,5,4,4,1076980
103,2,2,2,561768
48,1,1,1,283237
227,5,5,4,1235760
159,4,4,4,895260
136,3,3,3,737551
177,2,1,2,849682
171,4,4,4,941776
166,4,4,3,896075
70,1,1,0,328737
176,3,3,3,906665
147,2,1,2,710637
129,3,2,3,724005
167,3,2,3,831514
225,4,4,4,1161726
57,1,1,0,288386
207,4,4,3,1109033
188,2,1,2,911348
48,1,1,1,275646
68,2,2,1,414820
175,3,3,2,884141
269,6,5,4,1422800
273,6,5,4,1467852
88,2,2,1,495577
251,5,4,4,1295069
238,5,4,4,1275231
298,5,4,4,1479914
155,2,1,2,746863
257,4,4,3,1286763
248,6,5,4,1322891
83,2,1,2,447037
137,2,2,2,687930
261,6,5,4,1372917
245,5,4,4,1290000
228,5,4,4,1214491
234,4,3,4,1176717
73,1,1,1,384306
80,1,1,0,365458
219,4,3,4,1135147
94,1,1,1,456740
140,3,2,2,753175
215,3,3,2,1083261
45,2,1,2,286898
286,6,5,4,1484931
94,3,3,3,554776
145,3,3,3,763574
223,4,3,3,1129241
170,3,2,2,827166
96,2,2,2,534951
251,6,5,4,1343351
228,5,5,4,1217835
93,3,2,3,544688
109,2,1,1,513494
79,1,1,1,379894
234,5,4,4,1267130
286,5,5,4,1461618
259,5,5,4,1391635
104,1,1,0,499056
112,3,3,2,636397
116,1,1,0,518206
116,2,1,1,589767
84,1,1,1,410087
179,3,3,2,909037
292,5,4,4,1486340
290,5,4,4,1454070
54,1,1,0,278303
65,1,1,0,337183
233,4,4,4,1208505
85,3,2,3,516610
62,1,1,1,336070
60,1,1,1,337027
260,4,3,3,1268766
185,3,2,3,903063
228,5,5,4,1214774
97,1,1,1,452836
215,4,3,4,1126009
100,3,2,2,546397
239,4,3,4,1229968
258,5,4,4,1370157
233,4,3,4,1164242
58,1,1,0,263639
87,2,1,2,434582
242,4,3,4,1224249
145,3,3,2,746264
75,1,1,0,335637
235,4,4,3,1226697
59,1,1,0,312860
221,5,4,4,1199578
53,1,1,0,252949
255,5,5,4,1339348
94,3,2,2,552821
189,2,2,2,929392
193,3,2,2,945822
146,2,1,1,699826
82,2,2,2,459275
58,1,1,0,289850
215,5,4,4,1175550
141,3,2,2,705343
118,2,2,2,615280
147,2,1,2,686953
154,4,4,3,883051
87,2,1,2,469561
254,5,5,4,1357144
76,2,2,2,441324
84,2,2,1,471169
223,3,3,2,1086533
74,1,1,0,370357
242,3,3,2,1145554
64,1,1,1,344520
100,2,1,2,521183
98,1,1,1,450440
207,4,3,4,1062975
210,4,4,3,1086797
182,2,1,2,836413
77,1,1,0,344340
215,4,4,3,1122522
265,4,3,3,1339987
202,4,3,4,1081560
64,2,2,1,384152
255,4,3,3,1265428
256,5,4,4,1302320
84,1,1,0,380168
56,1,1,1,301191
240,4,4,4,1252633
282,5,4,4,1447336
143,4,4,3,806830
168,3,3,3,907987
131,2,1,2,635490
73,1,1,0,342061
233,3,3,2,1141987
80,2,1,2,413987
214,5,5,4,1149421
58,2,1,2,330388
107,1,1,0,522250
224,5,4,4,1190054
217,3,3,3,1102466
233,4,4,4,1196775
207,4,3,3,1070113
146,3,3,2,759533
290,5,4,4,1446474
124,1,1,0,558963
205,3,2,3,996542
61,1,1,1,317996
101,2,1,2,515982
239,4,4,3,1194768
156,2,1,2,778896
78,1,1,0,348173
102,2,1,2,524206
199,4,3,3,1023280
172,4,4,3,965003
235,4,3,3,1214429
289,6,5,4,1511811
72,1,1,1,371225
287,6,5,4,1501800
268,5,4,4,1366473
223,3,3,3,1132128
193,5,5,4,1101513
273,6,5,4,1453610
255,4,3,4,1262417
99,2,2,2,504927
227,4,3,3,1128635
78,1,1,0,388586
189,3,2,3,957150
159,3,2,2,828866
88,2,1,1,429920
253,4,4,4,1313008
286,5,5,4,1484356
294,4,4,3,1429140
214,3,2,2,1034053
297,6,5,4,1555600
75,1,1,0,349100
233,5,4,4,1231967
199,4,3,4,1076821
136,2,2,2,703813
237,4,4,3,1235644
188,4,4,4,1048243
58,1,1,1,312695
78,1,1,1,397027
202,4,3,3,1027633
294,5,5,4,1497899
202,4,4,3,1062008
244,5,4,4,1272087
248,6,5,4,1346895
83,3,2,2,508085
295,6,5,4,1562977
273,6,5,4,1445314
194,4,3,4,1057518
165,3,2,2,824817
257,6,5,4,1357323
154,3,3,3,813312
269,6,5,4,1439195
76,2,2,1,444753
203,4,4,3,1041356
55,1,1,0,250807
179,2,1,2,831077
224,4,3,3,1147463
227,5,5,4,1215330
71,1,1,1,377850
128,2,1,2,636345
192,3,3,3,960624
251,5,4,4,1295357
269,5,4,4,1408056
123,1,1,0,532961
185,2,1,2,864173
252,4,4,3,1270040
219,4,3,3,1136259
187,4,4,3,1013222
255,6,5,4,1352156
236,3,2,2,1112737
105,2,2,1,563722
136,1,1,0,611887
222,3,3,3,1136064
103,2,2,2,562472
224,4,3,4,1141186
180,2,1,1,861453
62,1,1,1,320622
251,4,4,3,1292939
255,5,4,4,1304330
230,3,3,3,1118166
237,5,4,4,1224199
217,5,5,4,1161683
183,3,3,2,909363
61,2,1,2,338420
85,1,1,1,396034
129,2,2,2,668294
215,4,4,4,1124205
129,3,2,2,684660
245,5,5,4,1333346
74,1,1,0,376657
150,2,2,1,746025
122,2,1,2,591174
120,2,2,2,611982
67,1,1,0,320452
168,3,3,3,885661
249,5,5,4,1309067
101,2,2,1,521153
232,4,4,3,1192010
171,3,3,2,855868
106,2,2,1,564779
242,3,3,3,1204269
239,3,2,2,1154823
263,5,5,4,1355009
67,1,1,1,339868
61,1,1,1,341787
61,1,1,0,290262
256,5,4,4,1355777
140,3,3,3,782568
211,5,4,4,1148412
227,3,2,2,1124130
252,5,5,4,1314930
140,4,4,3,824840
104,1,1,1,472274
137,2,1,2,655101
84,3,3,2,531788
119,2,1,2,583971
176,2,2,2,877015
289,6,5,4,1510356
236,5,4,4,1262101
177,3,2,3,897769
52,2,1,1,314843
189,2,1,1,877726
156,4,3,4,893804
138,4,4,4,806670
57,1,1,1,294733
216,4,3,3,1079441
140,3,3,3,732886
148,4,3,4,836424
47,1,1,0,269040
158,4,3,4,856906
102,2,2,2,543863
135,3,2,2,719344
118,3,3,3,656641
125,3,3,2,694025
171,3,3,2,856460
203,3,3,2,1033911
88,2,1,2,442535
58,1,1,1,272872
151,3,3,2,791877
120,2,2,2,644333
110,2,2,2,587471
177,3,3,3,902641
113,3,2,2,644297
120,1,1,1,547604
119,2,1,1,578513
141,3,3,3,759890
94,1,1,1,476199
80,2,1,2,415369
196,4,3,3,1005260
262,6,5,4,1424659
282,5,4,4,1437294
201,5,4,4,1104756
88,2,1,1,452318
124,2,1,1,609014
179,4,4,4,1010185
72,2,1,2,408430
219,3,3,3,1121618
260,5,5,4,1376121
239,5,5,4,1252826
139,3,2,3,727805
201,4,3,4,1043567
275,4,4,3,1400154
173,3,3,2,911408
259,5,5,4,1340640
299,6,5,4,1572212
184,3,2,2,890272
140,3,2,2,752089
290,5,4,4,1460242
176,4,3,3,937933
212,3,2,2,1040126
232,4,4,3,1194568
150,3,2,3,762627
57,1,1,0,300637
210,3,2,3,1050610
263,5,5,4,1353888
270,4,3,4,1333088
145,3,3,3,794170
88,2,2,1,456532
130,2,2,1,648769
255,5,4,4,1324087
113,2,2,1,556985
200,4,4,3,1071189
258,4,3,4,1316329
135,2,2,1,644997
199,4,3,4,1041997
96,2,1,2,478473
159,4,4,4,925420
242,3,3,2,1173537
50,1,1,0,237845
276,4,4,3,1371271
285,4,3,4,1426927
177,4,3,4,967080
236,4,3,3,1167279
277,5,4,4,1431149
275,5,5,4,1409228
71,1,1,1,337321
145,2,1,2,735252
272,6,5,4,1457636
177,4,4,3,988638
104,2,2,2,538971
106,3,3,3,641580
45,1,1,0,230472
102,2,1,2,499602
161,4,3,4,891445
217,4,4,4,1140804
74,1,1,1,347288
227,3,3,3,1110285
254,4,3,4,1293157
209,4,3,3,1054394
152,3,3,3,815937
155,3,2,3,812112
231,3,3,3,1141023
171,3,3,2,856490
216,4,3,4,1136571
253,5,5,4,1319175
299,4,3,4,1493040
104,3,3,2,607541
220,4,4,3,1150681
182,3,2,3,934012
217,4,4,4,1128831
76,2,1,2,408516
186,2,2,1,898128
198,4,3,4,1074392
105,2,1,1,517345
174,3,2,3,887117
244,4,4,3,1247860
229,5,5,4,1227066
56,1,1,1,304921
283,4,3,4,1389081
281,6,5,4,1453476
276,6,5,4,1434240
45,1,1,1,267236
95,2,1,2,478113
161,3,3,2,828960
66,1,1,0,322904
70,1,1,0,310450
118,2,1,1,589113
59,1,1,1,278733
77,1,1,1,368224
273,5,4,4,1397857
209,4,3,4,1094831
141,2,2,2,700805
290,5,5,4,1498663
189,3,2,3,934997
145,3,2,3,792954
257,5,4,4,1319977
193,4,3,3,998906
90,2,1,1,458671
70,2,2,2,432726
66,1,1,0,347506
193,3,3,3,1003049
144,3,3,2,783013
66,2,1,1,384723
96,2,1,2,515144
53,2,1,1,290000
79,2,2,1,447047
88,1,1,0,439623
165,3,3,3,896626
48,1,1,1,269455
207,4,4,4,1091690
183,2,1,1,844451
194,5,4,4,1058119
245,4,4,3,1259487
125,2,2,1,599773
160,2,2,2,798831
83,2,2,1,459393
67,1,1,1,359672
290,5,5,4,1503295
219,4,3,3,1113896
291,5,4,4,1483259
139,4,4,4,839541
155,3,2,2,807367
198,5,5,4,1092031
230,4,4,3,1154783
82,1,1,1,416869
203,4,4,4,1086797
117,1,1,1,523131
232,3,3,2,1115771
113,2,1,2,572501
213,3,2,3,1071545
173,3,2,2,851284
135,1,1,0,627389
71,1,1,0,344505
79,1,1,1,371093
219,5,5,4,1222774
103,2,2,1,533963
73,1,1,1,385070
153,3,2,2,763978
223,3,3,3,1108742
268,5,4,4,1384653
191,4,3,3,1027120
151,3,3,3,816021
222,4,4,4,1157367
248,5,4,4,1307785
211,3,3,3,1035120
197,5,5,4,1122273
269,6,5,4,1449662
134,2,2,2,699239
226,5,5,4,1222837
258,5,5,4,1360457
47,1,1,1,281863
232,3,3,3,1157661
256,5,5,4,1326716
236,3,3,2,1177446
214,5,5,4,1164142
129,3,3,3,725800
300,5,4,4,1538456
198,5,5,4,1121991
244,4,3,4,1210875
196,3,3,2,1002205
282,5,4,4,1413208
125,2,2,1,603202
139,3,2,2,732866
189,3,3,2,981653
297,6,5,4,1564516
94,2,2,2,519473
286,4,4,3,1396821
213,4,4,3,1129449
205,4,3,4,1077782
195,3,3,3,977604
223,4,3,3,1141652
287,5,4,4,1432859
67,1,1,1,353136
199,5,4,4,1070828
85,2,2,1,441759
261,4,3,3,1285811
46,1,1,1,262822
97,3,3,2,538234
230,5,5,4,1228152
193,4,4,3,1003433
53,1,1,0,279896
195,3,2,3,966006
183,2,2,2,866007
211,4,3,4,1090570
106,2,1,1,535802
149,4,4,4,877550
283,4,4,4,1433681
60,2,1,2,358467
186,2,1,2,902695
96,2,2,1,499095
205,4,4,3,1079744
282,4,4,3,1429477
114,3,2,3,630271
173,2,2,1,853365
136,3,3,2,701473
50,1,1,1,291363
84,2,1,2,444749
241,3,3,3,1169667
178,3,2,3,915200
261,5,4,4,1346696
182,2,1,2,890766
299,4,3,3,1466079
89,1,1,0,438991
287,5,4,4,1445640
93,2,1,1,461654
86,3,2,3,544759
95,2,2,2,535585
258,5,4,4,1360372
65,1,1,0,297316
70,1,1,0,327004
189,3,2,3,927154
296,4,4,4,1483612
225,5,4,4,1224508
193,4,4,3,998573
140,3,2,2,717021
94,3,2,2,541135
159,2,1,2,768056
186,3,3,2,924890
75,1,1,0,349764
91,3,2,2,509317
222,3,2,3,1091222
128,2,1,1,631767
216,4,4,4,1145443
233,4,4,3,1170930
92,3,3,2,556941
72,2,1,1,389095
115,1,1,1,511646
279,6,5,4,1488922
217,4,4,3,1152672
110,1,1,1,492872
96,1,1,1,447996
238,4,3,3,1222329
87,2,2,2,469197
187,4,3,4,988716
283,5,4,4,1447679
173,3,2,2,866944
229,5,4,4,1227256
45,1,1,1,223612
190,3,3,3,969567
230,5,5,4,1263311
194,4,3,4,1007623
246,4,4,4,1291861
53,1,1,1,266212
87,3,3,2,499409
166,2,1,2,811265
300,5,5,4,1545320
154,4,4,4,907484
112,3,2,3,612873
122,2,2,1,594158
207,3,2,2,998425
95,2,2,2,494007
137,2,2,1,649255
272,5,4,4,1392045
155,4,3,3,876092
264,5,4,4,1374843
295,6,5,4,1533433
126,1,1,1,591897
141,4,4,4,838920
136,3,2,2,687941
188,3,2,2,937088
222,3,2,2,1095763
183,3,2,3,948202
165,3,2,2,830983
175,3,2,3,883243
141,3,2,2,721798
277,4,4,3,1391389
51,1,1,0,239340
194,4,4,3,1056060
61,1,1,1,298943
102,3,2,2,548167
195,4,3,4,1053128
132,2,2,2,673346
167,2,2,1,831093
114,1,1,1,539290
266,4,3,3,1306076
102,2,2,1,517814
193,4,3,3,1008478
241,3,3,2,1194685
152,2,1,2,738709
227,3,3,3,1120880
73,1,1,0,344007
186,3,2,2,922790
269,6,5,4,1443405
109,2,1,2,534818
218,5,5,4,1162205
62,1,1,1,344778
255,5,5,4,1331673
288,5,5,4,1496470
91,2,2,1,509939
243,4,3,3,1196622
134,1,1,0,602476
144,4,3,4,842891
102,1,1,0,490154
150,2,1,1,707946
123,2,2,1,611384
63,2,2,2,387103
134,2,1,1,653532
126,2,2,2,637263
187,4,4,3,1025598
84,3,2,3,503086
226,3,2,3,1097372
160,3,3,2,855592
149,4,3,4,838438
262,6,5,4,1381368
254,6,5,4,1369109
200,5,4,4,1119739
227,4,3,3,1141683
132,1,1,1,599486
120,2,2,2,624891
71,2,2,1,400807
87,3,2,2,495408
293,5,4,4,1485662
68,1,1,1,369035
220,4,4,3,1117024
94,2,2,1,482516
47,1,1,0,254741
178,3,3,2,922720
257,4,3,4,1297957
234,4,3,4,1183895
209,4,4,4,1129969
274,6,5,4,1443700
194,4,3,4,1012758
241,4,4,4,1240649
175,4,4,3,974874
276,6,5,4,1479201
207,4,3,3,1060259
47,2,2,2,307853
100,1,1,0,485655
190,4,4,3,1027316
124,3,3,2,663979
269,4,3,3,1346238
120,2,2,1,595851
82,2,2,2,434043
232,4,3,3,1180278
170,4,3,3,927826
55,1,1,1,311887
253,5,4,4,1299935
192,2,1,1,887408
297,5,4,4,1511643
158,3,3,2,797242
91,3,2,2,551176
62,1,1,0,313973
280,4,4,4,1432624
279,4,4,4,1426208
164,4,3,3,885072
118,3,3,2,656734
203,5,4,4,1082426
53,2,2,2,327740
71,1,1,0,315328
155,3,3,3,819987
81,1,1,0,353411
218,4,4,3,1103024
300,4,3,3,1429404
121,2,1,1,572293
247,4,3,4,1227678
63,1,1,0,325699
238,4,4,3,1186940
240,5,5,4,1308252
78,1,1,1,395830
201,3,2,3,985232
136,2,1,2,646544
240,4,3,4,1225218
242,3,3,3,1169958
100,1,1,0,489861
124,2,2,2,658356
244,4,4,3,1222092
186,3,2,2,913538
179,2,2,2,860428
213,3,2,3,1029883
173,3,3,2,871663
236,4,3,3,1203418
282,5,5,4,1462019
108,2,1,1,516729
53,2,1,1,315944
111,1,1,0,530196
257,6,5,4,1367754
202,4,3,4,1068748
50,2,1,1,265876
198,5,4,4,1104342
242,5,5,4,1311052
268,5,5,4,1412069
125,3,3,2,713436
66,1,1,0,317399
197,4,4,4,1071208
180,3,3,3,930656
281,4,3,4,1371491
221,4,4,3,1145712
153,3,3,2,781169
133,3,3,3,723598
176,3,2,3,921642
201,4,4,4,1068663
185,2,1,1,877191
59,1,1,1,291114
241,5,5,4,1280734
148,3,2,2,748907
201,4,3,3,1036079
243,5,4,4,1298337
257,5,5,4,1344274
121,1,1,0,528608
148,3,3,3,770398
84,2,2,2,439326
95,2,1,1,457176
227,3,3,2,1096284
80,1,1,1,374515
82,1,1,1,429763
252,5,4,4,1310065
148,4,4,3,832790
269,5,4,4,1361017
64,1,1,0,324035
180,3,2,2,869326
116,3,3,2,625265
52,2,2,2,341484
193,4,4,4,1053789
141,2,1,2,716790
146,3,3,3,784540
160,2,1,2,756153
85,1,1,1,399986
288,4,4,3,1414041
140,4,4,3,813792
158,2,2,2,797476
240,3,3,2,1170175
148,2,2,2,727291
113,2,2,1,568915
190,4,4,3,1021545
194,5,5,4,1111996
292,5,5,4,1524932
279,5,4,4,1421073
221,4,3,4,1122120
107,1,1,0,482074
249,4,3,4,1258997
209,4,4,3,1101884
61,1,1,1,309387
110,3,2,2,588526
218,4,3,3,1133493
110,2,2,1,571983
216,4,4,4,1154629
150,4,4,3,823914
134,2,1,2,654533
295,4,3,3,1414224
104,1,1,1,472790
296,5,4,4,1506715
145,4,3,4,847546
135,1,1,0,602268
264,5,5,4,1390054
298,6,5,4,1526085
163,3,2,3,869323
87,1,1,1,428692
134,2,2,1,681089
292,5,5,4,1484448
148,2,2,1,742882
123,1,1,1,587915
288,5,4,4,1468149
214,3,3,2,1053818
270,5,4,4,1417447
226,3,3,3,1133567
98,2,2,2,531546
213,4,4,3,1109149
191,3,2,2,963391
87,1,1,1,442996
207,4,3,3,1063751
109,1,1,1,532761
50,1,1,0,234126
163,3,2,3,867417
132,2,1,2,676083
226,5,4,4,1221764
76,2,1,2,392346
193,4,4,4,1032779
146,2,1,2,723518
194,4,4,4,1047528
193,3,3,3,1008459
222,3,2,2,1069704
170,3,2,3,854528
169,4,3,3,900591
278,5,5,4,1439067
73,2,1,1,413817
217,3,3,3,1083428
263,4,4,4,1307863
229,4,4,3,1151896
260,6,5,4,1418329
152,3,3,3,814935
183,2,2,1,851438
184,2,2,1,881077
268,5,4,4,1390811
243,3,2,2,1189393
79,1,1,1,366725
243,4,3,3,1236191
119,3,2,2,643958
157,2,2,1,736712
256,5,4,4,1357752
82,2,2,2,457989
49,1,1,1,280513
270,5,4,4,1387967
112,2,1,2,546834
160,3,2,3,855167
268,5,4,4,1384662
147,2,1,1,725827
280,5,4,4,1418682
211,4,4,4,1140635
138,3,3,2,740834
261,5,4,4,1379650
110,2,2,2,589028
217,3,3,2,1079468
101,3,2,3,556467
213,4,3,4,1089882
92,2,2,1,472753
215,3,2,2,1032563
250,4,4,4,1290846
257,6,5,4,1369160
196,5,5,4,1114655
174,3,2,3,871065
135,1,1,1,654342
211,5,5,4,1185032
65,1,1,0,336431
78,1,1,0,360938
239,4,3,4,1208982
259,6,5,4,1409521
181,3,3,3,909325
161,3,2,2,809447
167,3,3,2,832071
262,5,5,4,1385434
273,6,5,4,1444243
125,1,1,1,594403
70,1,1,0,331632
270,6,5,4,1424407
93,1,1,0,441965
285,4,3,3,1412177
73,1,1,1,336905
170,3,2,3,888234
103,3,2,2,597046
72,1,1,0,344048
248,6,5,4,1357627
229,3,3,3,1139143
300,6,5,4,1585938
296,5,5,4,1493790
95,2,1,2,506427
195,5,4,4,1070613
135,2,2,1,639359
149,3,3,3,795521
262,5,4,4,1328768
162,3,3,3,828362
161,2,2,1,764339
93,1,1,0,406177
271,6,5,4,1461057
159,3,3,2,851794
189,3,3,3,941276
172,4,3,3,926785
183,3,3,2,917327
207,4,4,4,1097511
80,1,1,1,396172
237,4,3,3,1186372
198,4,4,3,1036998
161,2,2,1,790790
142,3,3,2,729750
136,1,1,1,637012
66,1,1,0,347062
134,2,1,2,632897
155,4,4,3,895963
169,4,3,3,883887
149,3,2,3,755902
194,5,4,4,1098889
246,4,3,4,1268558
285,5,4,4,1430458
62,1,1,0,305888
181,3,2,3,944748
89,3,3,2,550774
296,6,5,4,1527939
118,2,1,2,602055
244,3,3,3,1174833
247,5,4,4,1270423
186,3,3,2,937994
207,5,5,4,1169181
154,4,4,4,879109
94,3,2,2,510114
144,2,2,2,738071
289,4,4,3,1400894
110,2,2,2,598781
127,2,2,2,631395
271,5,4,4,1411035
50,1,1,0,250528
191,4,4,4,1052551
89,3,3,3,563475
184,3,2,2,897531
117,2,2,2,610247
286,4,3,4,1409254
235,5,5,4,1253474
292,6,5,4,1496678
118,2,2,2,595042
54,1,1,0,249636
133,2,2,2,645849
177,2,1,1,824027
246,4,3,4,1265101
46,1,1,1,269638
272,5,4,4,1419868
122,3,3,2,650934
174,4,4,4,932959
148,3,2,3,752205
76,1,1,1,367917
264,5,4,4,1378741
167,4,4,3,931525
159,3,2,2,826277
145,4,4,3,832156
249,5,5,4,1320121
152,4,3,4,845245
137,2,1,2,645834
296,5,5,4,1503459
229,4,3,3,1155500
175,4,3,3,917671
193,4,4,3,1033066
247,5,4,4,1291160
267,5,4,4,1377859
251,6,5,4,1377057
256,6,5,4,1350130
79,1,1,1,377151
265,5,4,4,1363694
155,4,4,3,881819
262,5,5,4,1370822
105,1,1,0,463923
188,4,4,3,1002128
224,3,3,2,1110046
254,6,5,4,1346055
199,3,3,2,988676
286,5,5,4,1472608
149,3,3,2,807753
248,5,4,4,1299079
116,2,1,2,589584
49,1,1,1,292741
127,2,2,1,625812
78,1,1,1,388579
284,5,5,4,1462356
184,3,3,3,932191
240,4,4,3,1241911
76,2,2,2,435118
117,2,1,1,590120
264,5,5,4,1403358
210,4,3,3,1051686
120,3,2,2,645160
231,3,3,3,1166952
285,6,5,4,1525793
208,3,3,3,1033349
238,3,2,3,1159398
81,1,1,1,390615
48,1,1,1,269699
86,2,2,2,484449
157,3,2,3,802186
208,4,4,4,1087575
153,3,2,2,773503
203,4,3,3,1062356
236,3,3,3,1172162
146,3,2,2,760351
85,2,2,2,481486
66,2,1,2,393566
267,5,4,4,1403416
265,5,5,4,1400650
77,1,1,1,354089
102,1,1,0,443029
237,4,3,3,1182448
205,4,4,4,1071844
165,2,1,2,764696
229,4,3,4,1148902
209,5,4,4,1153561
99,1,1,1,447298
179,3,3,3,913065
79,1,1,0,383743
168,4,4,4,937684
80,1,1,0,394045
235,4,4,4,1223700
286,4,4,4,1428140
123,2,1,1,624236
235,5,4,4,1231839
245,3,3,2,1214299
94,2,1,2,466249
258,6,5,4,1381961
73,1,1,1,375073
55,1,1,1,287062
213,5,4,4,1159147
172,2,2,2,825868
160,4,3,3,887199
142,3,2,2,752875
243,3,2,2,1140649
278,6,5,4,1442269
202,4,4,3,1046432
86,1,1,0,382770
268,6,5,4,1427382
275,5,4,4,1438116
172,2,1,1,792647
234,4,3,4,1201796
51,1,1,1,256412
145,3,3,3,794489
123,2,2,2,629037
246,5,4,4,1296493
65,1,1,1,360468
224,4,3,4,1155544
235,3,2,3,1130665
158,3,3,2,829288
70,2,2,2,420581
99,2,1,2,527689
103,2,2,2,545230
92,2,2,1,487162
92,1,1,1,438218
257,5,5,4,1352462
230,4,4,4,1183397
249,5,5,4,1318689
266,5,5,4,1373254
162,3,3,2,824669
97,3,2,2,543382
264,5,5,4,1388304
245,3,3,3,1231097
127,2,2,1,651083
216,3,3,2,1049357
89,2,1,1,431861
145,3,3,2,791426
100,3,2,2,562794
193,5,4,4,1057701
278,5,5,4,1461630
134,2,1,2,680846
239,3,3,2,1190545
132,2,2,2,683753
145,2,1,2,722627
298,5,4,4,1498748
273,5,4,4,1386399
289,5,5,4,1507680
294,5,5,4,1508589
293,4,4,3,1450812
169,3,3,2,860348
108,1,1,1,498685
215,4,3,3,1090965
98,2,1,2,495125
204,4,3,3,1053713
89,3,2,3,516309
105,2,2,2,540916
170,4,4,3,902315
94,2,2,1,483893
267,4,4,4,1328419
224,5,4,4,1198940
262,5,4,4,1340612
181,2,2,1,832222
47,2,1,2,296983
97,2,2,1,498822
228,3,3,3,1123023
141,4,3,4,812182
63,2,1,2,360540
84,1,1,0,424441
80,2,2,1,463203
284,5,4,4,1473747
61,2,1,2,371612
242,4,4,4,1218610
165,2,1,2,805011
46,1,1,0,250376
69,1,1,0,316628
72,1,1,1,372221
238,4,3,4,1195615
130,2,2,1,671573
263,5,4,4,1386070
151,3,3,2,784954
69,1,1,0,326172
152,3,2,2,776815
232,4,3,3,1195422
221,4,4,3,1165588
201,4,3,3,1057570
222,5,5,4,1204978
75,2,1,1,407981
279,5,5,4,1474634
50,1,1,1,280908
169,2,2,2,801772
80,1,1,1,388063
259,5,4,4,1360553
229,4,3,4,1148468
66,2,1,1,341161
141,3,2,3,773966
281,5,5,4,1449270
130,2,2,1,659006
292,5,5,4,1482930
183,4,4,4,996693
232,4,3,3,1177145
215,5,4,4,1158059
296,6,5,4,1563825
277,4,3,3,1380581
46,1,1,0,247317
81,1,1,1,391559
152,3,2,2,769146
192,3,3,3,994695
214,5,5,4,1184329
262,5,4,4,1337275
235,4,3,3,1196845
143,3,2,3,737929
77,1,1,1,364224
191,4,4,3,1040729
266,5,5,4,1368885
228,5,5,4,1261022
98,1,1,0,427149
154,2,1,1,758137
97,2,1,2,499215
99,2,1,2,522879
159,3,2,2,815204
226,4,3,4,1141494
129,3,2,2,679830
110,1,1,1,510934
148,4,3,4,847936
63,1,1,0,332305
246,5,5,4,1314274
61,1,1,1,334109
96,2,1,2,506375
197,4,3,3,1042685
246,4,4,4,1287176
182,4,3,3,945999
243,4,3,3,1247034
219,5,4,4,1163009
135,2,1,2,654220
219,4,3,4,1140446
285,6,5,4,1467432
138,3,3,3,742224
56,1,1,1,296546
85,2,1,2,470604
268,6,5,4,1439370
100,1,1,1,465882
244,3,2,2,1179016
87,1,1,0,397344
91,2,2,1,485603
212,5,4,4,1131211
215,4,3,3,1129641
287,4,3,4,1416164
267,6,5,4,1405328
80,1,1,0,408885
79,1,1,1,416372
88,2,2,2,469149
251,5,5,4,1304323
54,1,1,1,287258
78,1,1,0,383929
118,3,3,3,642319
214,5,5,4,1165540
198,4,4,3,1030943
96,2,2,2,500148
96,2,2,2,492173
262,5,4,4,1363546
67,1,1,0,315172
108,2,1,2,521739
228,3,3,2,1130196
85,2,2,2,484238
184,3,3,2,953153
257,5,4,4,1317656
255,5,5,4,1336989
181,3,2,3,908519
153,4,3,4,834889
174,2,1,2,817358
186,3,3,2,947634
249,5,4,4,1324802
266,5,4,4,1380119
97,2,1,2,526737
241,5,4,4,1297115
126,1,1,0,552777
49,2,1,2,317976
171,3,2,3,885012
84,1,1,1,423358
154,3,2,3,776396
114,2,1,1,564493
287,4,4,3,1412609
165,4,4,4,931067
280,5,5,4,1451617
89,3,2,2,529669
103,2,1,1,500487
57,1,1,0,274463
240,5,5,4,1303036
173,2,1,1,784184
96,2,1,2,504174
161,3,3,2,814441
256,6,5,4,1369314
199,4,3,3,1018323
204,3,2,2,991116
240,4,3,4,1220318
299,4,3,4,1459862
259,5,5,4,1381748
199,4,3,3,1038553
114,2,1,2,591819
155,3,3,2,833993
273,5,5,4,1414884
269,6,5,4,1441828
158,3,2,2,818445
299,4,4,4,1458227
266,5,4,4,1357063
84,2,2,1,433995
202,4,4,3,1035946
276,5,4,4,1412406
145,3,3,2,750423
182,2,2,1,892131
53,1,1,1,290262
248,5,5,4,1297553
282,5,4,4,1471117
252,5,5,4,1316684
243,5,5,4,1305655
266,6,5,4,1418614
140,4,4,3,775312
90,2,1,1,439689
294,5,4,4,1461876
132,3,3,2,722919
242,3,3,3,1201234
93,2,1,2,506752
280,5,5,4,1448250
66,1,1,1,350488
121,3,2,3,667979
139,3,3,3,774375
251,4,4,3,1290569
50,2,2,1,325067
233,4,3,3,1195553
217,5,4,4,1190622
67,2,1,1,337994
158,3,3,2,797734
139,2,1,2,665731
57,1,1,1,309240
214,3,2,2,1012106
282,5,4,4,1414395
149,3,3,2,769387
159,3,2,2,824592
106,2,2,2,583322
169,4,3,4,929929
284,6,5,4,1478912
245,3,3,2,1166535
241,5,5,4,1277161
175,3,3,3,909114
183,3,2,3,904772
56,2,1,2,347498
197,3,3,2,959700
133,1,1,0,572261
47,1,1,0,248739
106,2,1,1,547666
83,3,3,2,536112
144,2,2,1,705590
188,3,2,3,934138
167,3,3,2,884518
130,1,1,1,616589
180,2,2,1,871182
238,4,4,3,1204491
74,1,1,1,354046
112,2,1,1,555513
52,1,1,1,251410
64,1,1,1,307202
134,3,3,3,714806
212,4,4,3,1111897
224,3,3,2,1090432
297,4,3,4,1449938
187,4,4,4,1040216
290,4,3,3,1431867
75,1,1,0,382529
96,2,2,1,529188
95,2,1,1,506174
72,1,1,1,333391
112,2,2,1,599726
217,5,4,4,1144781
183,2,1,1,867032
169,3,3,2,892023
86,3,3,3,531100
70,1,1,0,333020
137,3,3,3,752992
280,4,3,3,1400296
162,3,3,3,873366
68,1,1,0,341093
175,4,3,3,945096
60,1,1,0,279127
103,1,1,0,465984
92,2,1,1,457358
196,4,4,4,1060099
196,4,4,4,1039687
198,3,2,2,981315
276,6,5,4,1447337
229,3,2,3,1094615
231,3,2,2,1122463
67,1,1,1,360259
244,5,4,4,1252072
243,3,3,3,1201061
182,4,4,3,1003560
60,2,1,2,370356
81,1,1,1,407807
116,2,2,2,631971
176,2,2,2,854031
117,2,2,2,588615
87,2,2,1,479006
251,5,4,4,1307949
48,1,1,0,245865
125,2,1,1,582098
269,4,4,4,1385790
237,4,4,3,1188945
230,4,4,4,1215621
71,1,1,0,362253
232,5,4,4,1255906
258,5,5,4,1353772
187,2,2,2,897289
244,5,5,4,1291765
279,4,3,3,1349997
64,2,1,1,356030
54,1,1,1,292134
261,6,5,4,1378155
230,4,3,4,1180174
260,4,4,3,1325623
166,3,3,3,876295
69,2,1,2,401859
142,2,2,1,685767
119,2,2,2,600014
111,1,1,0,525859
168,3,2,2,853634
52,1,1,0,247605
295,6,5,4,1563637
53,1,1,0,292985
218,5,5,4,1170302
225,5,5,4,1234077
68,1,1,0,343308
281,4,4,4,1394842
247,3,2,2,1198755
260,5,4,4,1327721
254,6,5,4,1382706
144,4,4,4,864829
79,2,2,2,429938
255,5,4,4,1338814
95,2,2,2,520380
90,2,1,1,447896
212,4,4,4,1094723
230,3,3,3,1132149
65,1,1,0,303400
196,3,3,3,1001055
233,3,2,2,1147740
102,2,2,1,528120
187,2,2,1,857838
96,2,2,2,503080
134,1,1,0,594999
244,4,4,4,1261727
268,5,5,4,1419921
139,3,3,2,744357
161,3,2,2,803053
201,4,4,4,1072202
190,3,2,2,957978
66,1,1,1,342039
259,4,4,4,1342371
141,2,2,1,700745
83,2,2,2,462083
79,2,1,2,407539
92,1,1,1,440874
128,2,2,2,632315
80,1,1,0,383516
58,1,1,1,296085
56,1,1,1,282717
185,2,2,2,918800
240,4,3,4,1239649
274,5,5,4,1424229
124,2,1,1,581245
275,5,4,4,1418991
56,1,1,1,265116
105,2,2,2,573033
59,2,1,1,344825
155,3,3,2,834452
117,2,2,2,601363
260,6,5,4,1386634
243,4,3,3,1207772
104,2,2,1,535231
63,2,2,2,381811
191,4,4,4,1048551
269,5,5,4,1398831
89,2,2,1,474189
168,3,3,2,890139
230,3,3,3,1119462
138,4,3,4,770669
89,3,3,3,533563
177,2,2,2,866086
289,6,5,4,1512959
253,5,5,4,1308794
143,2,2,1,704191
294,6,5,4,1548536
240,5,5,4,1253600
214,3,3,3,1077860
196,5,4,4,1104131
80,2,1,2,454569
253,5,4,4,1345800
207,3,3,2,1004029
112,1,1,0,527745
164,3,3,2,852641
265,6,5,4,1424877
174,4,4,3,969136
97,3,2,3,570537
166,4,4,3,891213
216,4,3,3,1101605
202,3,2,3,999686
236,4,3,4,1222272
293,6,5,4,1508119
239,4,3,3,1226292
137,2,2,1,651809
154,2,1,1,709179
87,2,1,1,465573
175,4,4,4,960587
273,6,5,4,1461600
155,3,2,2,819897
79,1,1,0,380831
168,4,4,4,948473
172,3,2,3,873961
299,5,4,4,1541294
206,4,4,4,1076484
287,4,3,4,1392895
118,2,2,2,637261
186,3,2,2,917077
249,4,4,4,1282170
146,2,2,1,739549
262,5,5,4,1378301
300,5,5,4,1554751
198,5,4,4,1067926
188,3,2,2,930650
201,4,3,3,1058120
85,2,1,1,421905
82,1,1,0,399698
226,3,2,3,1108598
187,2,2,2,926464
100,3,3,2,564068
295,4,3,4,1455647
288,5,4,4,1485811
68,1,1,0,346138
265,4,4,3,1318804
282,5,4,4,1439328
284,5,5,4,1455636
157,2,1,1,721596
156,3,3,3,815105
273,6,5,4,1420212
227,4,3,3,1163095
261,5,5,4,1376951
121,2,2,1,585306
114,1,1,1,530765
145,3,2,2,751272
106,2,1,1,549026
213,5,4,4,1151126
74,2,2,1,436958
198,4,4,4,1081842
285,5,5,4,1448756
163,2,2,2,823055
294,5,4,4,1470353
197,4,4,4,1050194
264,5,5,4,1388424
191,3,2,2,966117
51,1,1,1,278558
221,5,4,4,1167678
140,4,4,3,829948
140,4,3,3,782484
201,4,3,3,1024537
165,4,3,3,894021
172,4,4,4,961697
297,4,4,4,1487332
46,1,1,1,235659
167,3,3,2,842780
215,3,2,2,1072307
84,1,1,0,410788
67,1,1,0,306116
110,1,1,0,483602
130,1,1,1,599131
70,1,1,1,347098
81,2,1,1,449855
92,2,2,1,474672
283,5,4,4,1474881
294,5,4,4,1489240
210,3,3,3,1056280
264,4,3,4,1305701
107,3,2,2,614739
223,3,2,3,1121563
219,3,3,2,1057099
282,4,4,3,1426732
185,2,2,2,913982
205,5,5,4,1141183
257,6,5,4,1400075
175,4,3,4,929867
201,3,2,2,1014444
51,1,1,1,259442
142,4,4,4,846350
94,1,1,0,441068
136,2,1,1,645506
159,3,3,3,862943
129,2,1,1,612401
213,3,2,3,1038684
105,3,3,3,609187
281,6,5,4,1452972
70,1,1,1,361220
89,1,1,0,429013
182,4,3,3,974392
150,3,2,3,759676
110,3,3,2,596648
208,4,4,3,1103099
54,2,2,2,363415
218,5,5,4,1205793
153,2,1,1,708220
296,4,4,4,1461985
243,4,3,3,1233353
146,2,1,2,728052
197,3,3,2,996779
160,3,3,3,837179
277,4,3,4,1403878
274,5,4,4,1421126
64,1,1,1,320481
143,4,3,4,803901
294,4,3,4,1456653
164,2,1,1,799367
243,4,4,4,1243148
259,4,4,3,1294505
104,3,3,2,605824
229,5,5,4,1212366
140,3,2,2,730510
205,5,5,4,1129661
166,2,2,2,797828
146,4,3,3,799360
113,3,2,3,608469
288,5,5,4,1468883
173,3,3,3,888934
131,2,1,2,671232
123,2,2,1,591169
50,1,1,0,266507
280,5,5,4,1437643
193,3,2,3,991834
164,3,2,2,858366
140,4,3,4,827421
271,5,5,4,1415751
141,3,2,2,728504
287,4,4,4,1451012
93,1,1,0,422244
67,1,1,1,366529
157,4,3,4,863775
208,5,5,4,1149646
78,1,1,0,392530
76,1,1,0,347120
167,2,1,1,772506
54,1,1,0,245937
171,3,2,3,887486
84,2,2,2,448450
181,3,2,3,932775
260,5,5,4,1341947
203,5,4,4,1138833
145,3,3,3,793700
271,5,5,4,1424457
98,2,2,1,522135
139,2,1,1,671021
112,3,3,3,622348
285,6,5,4,1491706
251,6,5,4,1372018
125,3,3,2,698241
262,6,5,4,1429717
196,5,5,4,1097187
208,5,5,4,1150214
154,2,1,2,735647
62,2,1,1,356369
172,4,3,3,928488
167,3,3,3,890699
92,2,2,2,509256
252,5,5,4,1332678
170,3,3,3,858197
229,4,3,4,1203330
152,3,2,2,763677
46,1,1,0,258557
52,1,1,1,268267
300,6,5,4,1563558
155,4,3,4,874220
80,1,1,0,361348
87,2,2,1,487054
201,4,3,4,1048534
277,4,4,4,1397380
108,1,1,0,485811
206,5,4,4,1105440
261,5,4,4,1330039
258,5,5,4,1340298
181,2,2,1,867876
297,4,3,3,1425750
96,2,2,2,518613
76,1,1,1,354983
282,4,3,4,1419913
215,4,3,4,1140082
85,1,1,0,375162
169,2,2,1,801324
62,1,1,1,295542
91,3,2,3,514091
292,5,4,4,1480119
221,4,4,4,1135828
138,3,2,3,729466
83,3,3,2,500468
255,6,5,4,1386236
145,4,3,3,811589
255,5,5,4,1317250
72,2,2,2,402083
211,4,4,3,1077414
89,3,3,2,528858
177,4,3,4,970082
267,6,5,4,1424644
95,2,2,1,490246
220,4,4,4,1161884
266,5,4,4,1358360
222,3,2,3,1071267
224,3,3,2,1127945
238,4,3,4,1225345
251,5,4,4,1290688
278,4,3,3,1356210
98,2,2,2,546939
165,3,3,2,870030
95,2,1,2,470191
93,3,2,2,538729
122,2,2,1,604229
157,3,3,3,835486
106,1,1,1,510810
100,2,1,1,530920
58,2,1,1,346286
102,2,1,2,520258
104,3,3,2,598145
275,6,5,4,1425515
296,4,3,4,1436417
121,2,1,2,613227
107,2,1,2,530917
87,2,1,2,461696
130,3,2,3,695202
56,1,1,1,269984
181,4,4,3,996748
264,5,4,4,1370937
110,2,2,2,583874
127,1,1,0,571001
111,3,2,2,611487
265,5,5,4,1367274
128,2,1,1,607128
126,3,2,3,712263
154,4,3,3,838108
173,2,2,2,821537
293,5,5,4,1515644
48,1,1,1,248148
91,3,3,3,540279
184,3,2,2,906356
279,5,4,4,1444111
209,4,4,3,1076373
171,3,3,3,916976
182,3,3,3,916179
233,4,3,4,1194242
207,4,4,3,1103389
106,2,2,1,575943
264,6,5,4,1430685
45,1,1,0,214268
58,1,1,1,300668
108,2,2,2,550414
189,3,2,3,927477
223,4,3,3,1126749
262,5,4,4,1360739
134,1,1,0,614726
138,3,2,2,713958
135,1,1,1,645286
118,2,2,2,613785
86,2,1,1,446305
111,1,1,1,499895
56,1,1,0,279604
114,2,2,1,571620
173,3,2,3,904365
62,1,1,0,293037
70,1,1,1,364063
61,1,1,1,334806
98,3,2,3,540825
239,4,3,4,1212784
51,1,1,0,262678
212,3,3,2,1070565
140,3,3,3,734977
56,2,2,2,328382
97,3,2,3,571588
76,1,1,1,401779
295,5,5,4,1529671
221,3,2,2,1059915
263,5,4,4,1381412
162,3,3,3,865603
296,4,4,4,1488267
139,3,3,3,733155
199,5,5,4,1083714
284,4,3,3,1377016
232,4,3,4,1211796
159,3,2,2,819793
285,5,4,4,1424721
218,3,3,3,1094535
267,6,5,4,1434560
184,3,3,2,926401
101,1,1,1,461753
104,1,1,1,503951
103,2,2,2,562601
216,3,3,2,1051455
246,5,5,4,1314160
106,2,1,1,512487
275,5,4,4,1427871
92,1,1,0,399714
254,5,4,4,1311737
183,3,2,3,917362
180,3,2,2,909056
294,5,5,4,1509299
102,2,2,1,525660
65,1,1,1,340482
176,3,2,3,905636
184,2,1,1,827992
47,2,2,2,323588
92,2,1,1,445020
248,6,5,4,1363978
242,4,3,3,1231774
69,2,2,1,382870
58,2,2,1,348409
104,1,1,1,472025
74,1,1,1,363017
95,1,1,0,466372
58,2,2,1,362069
300,5,5,4,1550257
227,4,3,3,1156821
231,5,5,4,1231982
170,3,3,2,894973
120,3,2,2,645733
237,4,3,3,1169703
282,4,3,3,1385547
106,3,3,2,590556
133,2,2,1,635161
104,2,2,2,550234
95,2,1,1,481481
181,3,2,3,911695
284,6,5,4,1479443
116,2,2,2,593880
299,4,3,4,1456618
197,4,4,4,1066636
225,3,3,2,1090663
54,1,1,0,285197
55,1,1,1,279398
261,5,5,4,1395480
101,3,3,2,589353
278,5,4,4,1453626
251,6,5,4,1347571
122,2,2,1,584324
168,2,2,2,830215
297,4,4,4,1500753
78,1,1,1,379767
74,2,2,1,410344
159,3,2,3,841964
69,1,1,0,332915
106,3,3,2,587721
162,3,2,3,806480
88,3,3,2,554905
258,5,5,4,1383510
149,3,3,2,767246
216,4,3,4,1146594
47,1,1,0,223654
112,1,1,0,504653
159,2,2,2,784670
203,3,3,2,1017287
235,4,3,3,1205818
84,2,2,2,484483
157,3,3,2,843475
280,5,4,4,1453898
177,3,2,3,888253
122,1,1,0,579171
257,5,5,4,1373661
77,2,2,1,436963
152,2,1,1,701950
94,3,2,3,521004
93,2,1,2,480634
295,5,4,4,1518769
233,3,2,2,1125299
142,3,3,2,781425
84,3,2,3,496242
220,4,4,4,1174291
243,5,4,4,1260814
255,6,5,4,1372818
107,2,1,1,522393
232,5,5,4,1260822
272,5,5,4,1443939
133,2,1,1,620150
139,3,2,2,709936
275,4,4,4,1377389
161,3,2,3,807736
276,5,4,4,1390703
207,4,3,4,1102680
49,1,1,1,287004
286,6,5,4,1474310
104,1,1,0,454725
65,1,1,0,288023
179,4,3,3,974586
214,4,3,4,1121164
219,5,5,4,1211334
222,3,2,2,1079333
228,4,4,3,1153477
280,5,4,4,1413913
219,4,3,4,1121354
56,2,2,2,344589
281,6,5,4,1470638
154,3,2,2,774597
261,5,4,4,1380448
196,4,3,4,1036925
178,2,1,2,817832
180,4,3,3,934502
128,2,2,2,665173
193,4,4,4,1047718
200,4,4,4,1061740
213,3,3,2,1031336
233,5,4,4,1222424
112,3,2,3,600608
157,3,2,3,800755
111,3,3,3,653658
248,4,3,3,1258661
225,4,4,4,1195482
120,2,1,1,585933
133,1,1,1,615527
156,2,2,1,742007
154,3,3,3,801344
71,2,2,1,406107
104,1,1,0,483681
87,2,2,1,465393
165,3,3,3,837714
230,3,3,2,1117657
93,1,1,1,427323
280,5,5,4,1431553
81,2,2,1,455431
281,5,5,4,1478809
108,2,2,2,566439
224,3,3,3,1107275
149,2,1,2,710812
242,4,3,4,1221466
211,4,4,3,1079049
109,2,1,1,570275
197,3,2,2,946797
72,1,1,0,351685
164,2,1,1,751731
65,1,1,0,339045
300,6,5,4,1532990
251,5,4,4,1305982
254,6,5,4,1381605
54,1,1,1,269308
212,4,4,3,1101343
224,3,2,2,1057747
156,3,3,2,787594
105,2,2,1,528546
146,4,4,4,843349
158,4,3,4,878766
213,5,5,4,1141098
152,2,2,1,721424
106,1,1,1,522655
297,5,4,4,1498974
208,4,3,3,1068594
211,4,4,3,1083301
243,4,4,3,1230710
151,4,3,4,828618
121,2,1,1,613190
253,6,5,4,1334640
249,5,4,4,1291484
204,4,3,4,1052247
153,4,3,4,883494
93,3,2,3,517770
280,5,5,4,1467232
116,1,1,1,518669
138,3,2,3,742963
161,4,4,3,866290
179,3,2,3,928413
57,1,1,0,310204
196,5,5,4,1088405
98,2,2,1,499657
48,2,2,2,343115
84,2,2,1,432568
103,2,2,1,544792
77,2,2,1,414595
289,6,5,4,1484551
203,5,4,4,1086315
205,4,4,3,1078622
239,5,5,4,1255515
266,5,4,4,1362545
253,6,5,4,1386818
259,5,5,4,1357566
196,4,4,3,1052998
103,1,1,1,499112
235,4,4,3,1233346
298,4,4,4,1473313
296,5,5,4,1530018
171,3,2,2,850476
89,1,1,0,388574
129,2,1,2,647261
79,1,1,0,350359
90,2,1,1,473398
277,5,5,4,1454292
92,2,2,2,478722
185,3,2,2,900196
79,1,1,1,412469
123,2,2,1,620952
57,2,1,1,322634
230,5,5,4,1237851
192,3,3,3,962095
203,5,4,4,1104908
100,2,2,2,532587
268,5,4,4,1403397
134,3,2,2,725160
165,2,2,1,797342
255,5,4,4,1347473
186,3,2,3,930786
68,1,1,0,332259
209,5,4,4,1141311
200,4,3,3,1038539
147,4,3,4,837587
186,3,2,3,960128
279,4,4,4,1403664
212,3,3,2,1078099
296,5,5,4,1543020
265,4,3,3,1326791
120,1,1,0,561691
133,3,2,3,726403
291,5,5,4,1487782
205,4,3,3,1039780
137,2,1,1,662086
97,3,2,2,570491
208,4,3,3,1057518
130,3,2,2,676986
177,3,3,2,931291
245,3,2,2,1156665
183,3,2,2,924542
143,3,2,3,754451
247,3,3,2,1169375
93,3,2,2,561041
101,2,1,2,541531
207,4,3,4,1075992
227,4,4,4,1164000
124,3,2,2,689032
180,4,4,4,968833
134,2,2,1,635886
156,4,4,4,899651
71,1,1,1,381683
158,3,2,2,800824
47,1,1,1,257349
169,4,4,4,961637
231,4,4,4,1178335
207,5,4,4,1111644
215,4,3,4,1137191
64,1,1,1,348005
73,1,1,1,379101
279,6,5,4,1472165
106,2,1,2,552888
250,5,5,4,1352625
225,4,3,4,1172058
113,3,3,3,626191
275,5,5,4,1403563
85,3,2,2,475362
273,5,5,4,1437051
245,5,5,4,1305451
171,3,2,2,887521
259,6,5,4,1374867
66,2,1,2,377194
296,4,3,3,1465290
129,2,1,1,639004
45,1,1,0,221834
106,3,2,3,617524
205,3,2,2,975589
162,2,1,2,766060
150,2,1,2,746212
157,2,1,2,779566
59,1,1,1,321791
231,5,4,4,1242695
135,2,2,1,678759
118,2,2,1,623893
93,1,1,0,405646
186,4,4,4,1042880
145,2,1,1,717810
243,3,3,3,1196036
65,2,2,2,414491
176,3,3,2,876064
224,3,2,2,1074282
179,3,3,2,901963
216,5,4,4,1182470
97,1,1,0,442515
199,4,3,3,1013399
127,3,2,3,704704
235,4,3,4,1226220
131,3,2,2,665724
106,2,1,2,517642
242,5,4,4,1270790
281,6,5,4,1458841
283,6,5,4,1501427
185,4,3,4,973366
199,5,5,4,1099571
76,2,1,2,432463
268,6,5,4,1441149
193,5,4,4,1074622
92,3,3,2,540932
54,1,1,0,299704
77,1,1,0,338494
291,6,5,4,1547008
125,3,2,3,692901
173,2,2,1,811216
138,3,3,2,756646
90,2,1,1,441544
288,5,5,4,1471972
224,4,4,4,1153305
272,6,5,4,1430926
269,6,5,4,1420234
57,2,2,2,354848
178,3,2,3,881504
156,4,4,3,854722
276,6,5,4,1449984
149,2,2,2,748744
59,1,1,0,272346
87,2,2,1,457113
102,2,2,2,519312
62,1,1,0,284571
211,3,2,2,1017969
259,5,5,4,1347861
294,5,4,4,1463639
95,2,2,1,473825
67,1,1,0,297451
80,1,1,0,368112
291,6,5,4,1551948
283,5,4,4,1421991
295,5,5,4,1524306
155,4,4,3,851966
294,6,5,4,1524662
97,3,3,2,572878
193,4,3,3,979787
184,4,4,3,1011530
217,3,3,2,1064858
251,5,5,4,1344682
174,2,1,1,838565
281,5,4,4,1453588
287,5,4,4,1463372
209,3,2,2,1010841
172,2,1,1,806523
131,2,2,2,680597
232,4,3,3,1188026
51,2,2,1,306845
173,4,4,4,938332
166,4,4,4,933289
142,2,2,2,740985
86,3,2,2,498457
263,5,5,4,1390331
198,3,2,3,971272
283,5,4,4,1448337
244,4,3,3,1220012
80,1,1,1,380438
57,1,1,1,292456
215,3,3,3,1083726
198,3,3,2,1013544
109,2,2,2,546024
113,2,1,2,601755
77,1,1,1,408950
252,5,5,4,1338810
68,1,1,1,315780
287,4,4,3,1414504
98,3,3,2,545868
269,5,5,4,1432476
62,1,1,1,301571
84,2,2,2,445614
136,3,3,2,734774
294,5,5,4,1492547
287,6,5,4,1522017
259,4,4,4,1294915
98,3,3,3,601815
288,5,4,4,1467710
276,5,5,4,1434436
191,4,4,3,1015206
65,1,1,0,306451
236,5,5,4,1247120
283,5,5,4,1438248
209,5,5,4,1153784
277,4,3,4,1400920
241,4,4,4,1272379
86,1,1,0,403730
121,1,1,1,552901
248,5,4,4,1315723
187,4,3,4,1014372
250,5,4,4,1292646
293,5,5,4,1509366
148,3,2,2,749863
172,3,3,3,899903
211,4,3,3,1108075
246,5,5,4,1291807
177,4,4,3,932691
55,1,1,0,244007
65,1,1,0,334988
259,6,5,4,1388372
51,2,2,2,345686
80,2,1,2,449533
293,6,5,4,1510280
196,4,4,3,1059875
88,2,1,1,446294
148,3,2,3,769075
125,3,2,3,707643
247,5,4,4,1275358
192,3,2,2,952168
57,1,1,1,325249
67,1,1,1,358847
195,4,4,3,1041338
158,3,3,3,845251
104,3,3,2,595669
148,2,1,1,689190
104,2,1,2,544026
300,6,5,4,1584855
295,5,4,4,1521030
158,4,4,3,870140
99,3,3,3,605329
241,4,3,4,1240369
143,3,3,3,746706
126,2,2,1,658337
229,4,4,3,1153258
117,1,1,1,563751
223,4,4,3,1181603
217,4,3,3,1085903
243,4,4,4,1226406
217,4,4,4,1157831
96,2,2,1,524702
81,1,1,0,395136
149,4,3,4,814573
171,4,3,4,910812
79,1,1,0,347021
191,4,4,4,1027378
118,1,1,0,543089
190,4,4,4,1011488
222,4,4,4,1187664
117,2,1,1,593313
209,4,4,3,1094945
90,1,1,1,438628
154,3,2,3,822218
61,2,1,2,340661
297,5,4,4,1524124
141,3,2,3,775643
231,4,3,4,1184650
292,4,3,4,1444548
145,2,2,2,703503
281,5,4,4,1429669
154,3,3,3,804955
164,3,3,2,874561
110,2,1,2,587149
151,3,2,3,775642
115,2,1,1,553043
255,5,5,4,1339820
60,1,1,1,328473
196,3,3,2,956243
153,4,3,3,864951
106,1,1,1,487380
156,2,2,1,764467
72,1,1,0,358890
254,4,3,4,1308284
251,5,5,4,1320653
200,4,3,4,1036128
282,6,5,4,1485042
216,4,4,4,1129628
117,2,2,2,599765
56,1,1,0,300872
229,4,4,4,1184256
188,3,2,2,906509
262,6,5,4,1381848
142,2,2,2,687362
192,3,2,2,960951
207,5,5,4,1155217
157,2,1,2,730724
193,4,4,3,1022177
120,2,1,2,594146
224,4,3,4,1137913
197,5,5,4,1086666
76,2,2,2,438576
118,3,3,3,659262
243,3,3,3,1178958
59,1,1,1,310371
97,2,2,1,515539
147,4,4,4,826901
55,2,2,1,322764
247,3,2,3,1214009
225,4,3,3,1146357
198,3,3,3,1033636
98,1,1,0,428803
294,4,4,3,1460642
278,4,3,3,1394416
257,5,4,4,1356097
252,5,5,4,1307349
244,3,3,2,1204790
94,3,3,3,578783
50,1,1,0,244869
122,3,2,2,663025
197,5,4,4,1099779
112,2,1,2,584686
98,1,1,0,432857
219,5,5,4,1172692
137,2,1,1,684800
198,3,3,3,1022315
173,3,2,3,861622
85,1,1,1,398731
79,1,1,1,416917
53,1,1,0,258525
55,1,1,1,282699
142,2,1,1,655633
121,2,2,2,594433
300,5,5,4,1520464
228,3,3,3,1146982
48,2,2,2,336831
292,4,4,3,1454683
183,3,3,2,910016
90,2,2,1,498393
189,2,2,1,915986
56,2,2,2,364875
186,3,3,2,921785
112,2,2,2,581228
47,1,1,0,238158
267,6,5,4,1402989
274,5,5,4,1454931
183,3,2,2,906180
270,6,5,4,1408282
48,1,1,1,243270
186,3,2,3,913939
54,1,1,1,283921
222,4,3,3,1131559
167,3,2,3,864461
278,5,5,4,1446691
144,3,2,3,786420
158,3,2,2,786524
274,6,5,4,1462723
48,1,1,1,261853
101,2,2,1,517449
297,6,5,4,1528059
138,2,1,1,634798
201,3,2,2,998567
188,3,2,2,915417
290,5,5,4,1513342
152,3,2,2,757609
94,2,2,1,501388
146,4,4,4,852282
188,3,3,3,966876
237,4,3,4,1214920
209,3,2,3,1023051
206,4,3,3,1073290
244,5,5,4,1302017
206,4,3,3,1040015
246,3,3,3,1203417
162,3,3,2,861366
62,1,1,1,305412
102,3,2,3,594088
282,6,5,4,1498791
177,2,1,2,869323
61,2,2,2,374577
248,5,4,4,1296391
292,5,4,4,1476761
160,3,2,2,816652
172,3,3,3,877165
155,3,3,3,822653
214,3,3,2,1037949
154,2,2,2,759087
63,1,1,1,319357
231,5,4,4,1215101
156,3,3,3,805597
204,5,5,4,1139905
149,3,3,2,810355
96,2,1,2,485172
218,4,3,3,1090107
86,3,3,3,550408
180,3,3,3,954640
275,5,4,4,1411983
77,1,1,1,391844
174,3,2,2,867613
300,4,4,3,1493760
103,2,1,2,518172
55,1,1,0,281857
78,1,1,0,396077
107,3,3,2,603990
85,2,1,1,468589
272,5,4,4,1392853
86,2,1,2,485048
156,4,3,3,827441
165,3,3,3,851665
89,1,1,0,407207
136,2,2,1,696865
106,2,2,2,574946
279,5,5,4,1423367
216,3,2,2,1054481
267,6,5,4,1408999
111,2,2,1,551154
209,4,3,4,1079551
121,2,1,2,613456
188,4,4,3,1011840
259,5,5,4,1344316
86,2,1,2,466521
239,3,3,2,1182424
300,4,4,3,1477398
118,2,2,1,592247
183,3,3,2,904866
170,4,3,4,928755
97,3,2,3,566003
236,4,4,3,1226595
71,2,2,2,391924
181,4,4,3,999949
225,5,4,4,1200483
261,5,5,4,1392651
270,5,4,4,1381113
275,5,4,4,1384700
161,4,3,3,853450
238,3,2,3,1132916
235,5,5,4,1288847
141,4,3,4,824467
49,1,1,0,249425
82,2,2,1,445291
190,4,3,3,969576
173,4,4,4,950002
238,4,4,4,1216088
242,4,4,3,1249670
103,2,1,1,543569
135,2,1,2,684506
138,2,1,1,664849
140,2,2,2,710884
155,4,3,3,831431
163,3,3,3,883225
156,4,4,4,896328
48,1,1,0,253243
111,2,1,1,534559
152,4,3,4,843443
287,5,4,4,1435634
286,5,4,4,1443001
124,2,1,2,626799
261,5,4,4,1373868
266,5,4,4,1380167
52,1,1,0,268236
146,3,3,3,806167
146,4,3,4,844347
76,1,1,1,352216
192,3,3,2,994789
208,3,2,2,985365
248,5,4,4,1279356
165,2,2,2,825781
152,3,2,2,808820
64,1,1,1,307174
162,3,2,3,826060
270,5,4,4,1401952
203,4,3,3,1054954
149,3,3,3,779726
218,4,4,4,1126687
181,3,2,3,919044
214,4,4,4,1103639
124,2,1,1,579147
73,1,1,1,394419
80,1,1,1,406023
167,4,3,3,890733
91,1,1,1,419659
223,3,3,3,1093926
99,1,1,0,456573
195,4,3,4,1054988
284,6,5,4,1508005
285,6,5,4,1503897
258,5,4,4,1321750
297,5,4,4,1480526
203,3,2,2,998144
121,2,1,1,564302
243,4,3,3,1220975
256,5,5,4,1341170
122,1,1,1,580303
258,4,4,4,1313053
57,1,1,1,309553
216,3,3,2,1096124
177,3,2,3,900815
152,2,2,2,746122
109,3,2,2,579639
175,3,2,2,861120
143,3,2,2,756382
82,1,1,1,421434
289,4,3,3,1398443
154,3,2,2,779468
57,2,1,2,327729
87,2,2,1,494981
148,3,3,2,767892
94,3,2,3,535529
219,4,3,4,1142132
102,2,2,2,557936
206,5,5,4,1151238
196,4,3,3,995899
184,2,1,1,869471
218,3,2,3,1085026
224,4,4,3,1183809
265,5,4,4,1394935
62,1,1,1,339100
167,4,3,3,884407
79,1,1,1,408369
225,4,4,4,1203857
75,1,1,0,369843
54,1,1,1,304309
298,5,5,4,1500880
153,3,3,3,807918
83,2,2,1,436312
267,4,3,3,1297893
180,2,2,1,844992
54,1,1,1,306456
83,3,2,2,507833
60,1,1,1,332765
168,3,3,2,846075
93,2,2,1,504232
168,4,4,3,899267
298,5,4,4,1485156
139,3,3,2,771626
69,1,1,1,355409
146,4,4,3,835133
161,3,2,2,799326
119,3,3,2,672773
296,5,5,4,1545200
114,2,2,1,590974
64,1,1,1,308678
101,2,1,2,496961
243,4,4,4,1254791
284,5,5,4,1477916
146,3,2,3,763363
86,2,2,1,483992
173,3,2,2,838327
193,4,4,4,1048989
102,2,1,2,530249
285,5,5,4,1457666
297,5,4,4,1515731
50,1,1,0,224318
70,1,1,0,346795
91,1,1,1,411016
296,5,5,4,1523431
268,5,4,4,1411994
155,3,3,3,810353
75,1,1,1,360089
290,5,5,4,1514955
120,2,1,1,582830
86,2,2,1,470290
212,3,3,2,1071255
118,3,2,3,646559
159,3,3,3,821138
201,5,5,4,1139067
272,5,4,4,1426173
130,2,1,1,648289
109,3,2,3,623750
178,3,2,3,919107
194,3,2,3,963905
220,4,3,4,1132032
70,1,1,0,314909
59,1,1,1,323036
57,1,1,1,282843
135,3,2,3,734665
181,2,2,2,878794
91,1,1,0,414611
64,2,1,1,369134
190,4,3,3,981195
224,4,4,3,1179989
171,4,3,3,943721
209,4,4,4,1092316
193,3,3,2,995616
225,5,5,4,1226588
73,2,2,1,387038
141,4,4,4,803153
232,3,3,2,1142290
45,1,1,1,237781
276,5,5,4,1427070
121,2,1,2,604343
142,3,3,2,752628
192,3,3,2,967870
102,2,1,2,522230
169,2,2,1,823323
74,1,1,0,340663
132,3,2,2,681110
78,1,1,1,379125
208,5,5,4,1135914
194,4,4,4,1048945
161,3,2,2,813417
53,1,1,0,246543
278,5,4,4,1444716
149,3,3,3,800959
145,3,2,3,791875
244,4,3,4,1227874
121,3,2,3,663990
86,2,2,2,451231
90,2,2,1,487223
92,3,3,3,544738
140,3,2,3,756548
274,5,5,4,1415360
180,4,4,3,944580
188,3,2,2,929594
243,5,4,4,1256620
280,6,5,4,1462035
254,4,4,3,1256329
64,2,1,1,368243
155,2,2,2,786465
149,3,3,2,795570
139,2,1,2,688114
97,3,2,3,575520
289,6,5,4,1532285
104,1,1,1,478706
198,4,4,4,1086394
46,1,1,1,261611
178,4,3,3,972499
249,4,4,4,1304448
123,1,1,0,566923
246,5,4,4,1308195
295,6,5,4,1549862
237,5,4,4,1230794
288,5,5,4,1455810
276,5,5,4,1421031
49,1,1,0,252247
163,2,1,1,767709
207,4,3,3,1091520
285,4,4,4,1454869
250,4,3,4,1261148
80,2,2,2,424630
132,1,1,0,576886
132,2,2,2,695512
243,5,4,4,1268948
92,3,3,3,556482
254,5,5,4,1344428
71,1,1,0,324118
134,2,2,1,674604
105,2,2,1,541830
252,5,5,4,1332524
196,4,4,3,1065129
206,4,3,4,1050892
209,4,4,3,1067950
113,3,3,3,663678
212,4,4,4,1139378
173,4,3,3,941583
264,6,5,4,1394024
103,1,1,0,474953
286,6,5,4,1515014
68,1,1,0,299499
57,1,1,1,318057
111,2,1,1,535468
220,4,3,3,1094940
204,3,2,3,1004832
250,5,4,4,1325549
56,1,1,1,316483
58,1,1,0,314535
141,4,4,4,817015
126,2,2,1,629340
244,4,4,3,1239444
200,4,3,3,1035713
120,3,3,3,658001
75,1,1,1,388380
145,2,2,1,699621
166,3,3,3,870874
65,1,1,0,322175
110,2,2,1,536923
177,3,2,3,875702
98,2,2,2,525380
72,2,2,2,423718
58,1,1,0,298834
280,6,5,4,1458523
300,5,4,4,1500911
173,3,3,2,870665
281,6,5,4,1483872
46,1,1,0,222989
144,3,3,3,790459
199,3,2,3,1011977
113,2,1,1,529799
243,4,4,3,1253233
142,3,3,3,774732
79,1,1,0,403601
92,1,1,1,456655
189,4,4,4,1052039
294,5,4,4,1467343
173,2,2,2,817186
278,5,4,4,1412938
160,3,2,3,835514
123,2,2,2,610080
281,5,4,4,1428663
149,2,1,2,753429
241,4,3,4,1206426
295,5,5,4,1509625
296,5,5,4,1503088
138,4,3,3,808415
97,2,1,1,469017
148,2,1,1,679550
159,3,3,2,813383
209,3,2,3,1004853
299,5,5,4,1503085
255,5,5,4,1366563
185,3,2,2,925583
234,3,3,2,1146990
216,4,4,4,1150123
168,2,2,1,818894
124,3,3,2,697628
196,5,5,4,1115311
245,3,2,2,1166753
223,4,3,3,1112508
63,1,1,0,303664
101,2,2,2,541129
217,5,4,4,1155975
82,1,1,0,398811
79,1,1,0,400579
153,3,2,3,798154
249,5,5,4,1314095
67,1,1,1,344837
216,3,3,2,1056249
168,4,4,4,957894
188,2,2,1,870172
243,3,3,3,1167776
221,4,3,3,1109476
45,2,2,2,287713
71,1,1,0,312510
128,2,1,1,615987
283,6,5,4,1467846
297,5,5,4,1527838
202,3,2,3,1012931
98,2,1,2,494041
172,3,3,3,916896
53,1,1,1,261924
293,5,4,4,1463969
110,1,1,1,509731
184,3,3,2,911349
197,5,4,4,1098878
81,2,1,1,425624
97,2,2,2,537855
295,5,4,4,1472247
200,5,4,4,1079471
297,5,4,4,1477003
169,3,3,2,857397
200,3,2,2,955936
272,5,5,4,1446384
203,4,4,3,1057549
217,4,3,3,1090648
53,1,1,0,295383
126,3,3,3,703164
269,5,5,4,1400973
148,4,3,3,840645
122,1,1,0,552036
226,4,3,3,1163275
286,4,3,4,1410130
102,3,2,2,570619
161,3,3,3,850448
163,2,2,2,788962
125,2,1,1,593581
117,2,1,2,614073
266,5,5,4,1376157
121,2,2,1,595958
129,2,1,1,609906
115,2,1,2,555713
251,5,5,4,1322634
247,4,4,4,1263708
58,1,1,1,315265
130,3,2,3,720282
93,2,2,1,502798
81,1,1,0,365350
208,5,4,4,1139892
271,5,5,4,1386314
198,4,3,4,1025242
181,2,2,1,876611
258,5,5,4,1356282
81,2,1,2,434668
197,4,3,3,1025149
127,2,2,2,677934
243,3,3,2,1154303
156,4,3,4,857805
289,6,5,4,1516106
286,6,5,4,1521784
135,2,1,2,668420
204,3,2,3,1024771
256,4,3,3,1272161
99,2,2,2,531179
191,2,2,1,899876
107,2,2,2,561725
91,1,1,0,431836
262,6,5,4,1391608
246,4,3,3,1227000
126,2,2,1,625574
222,5,4,4,1217895
207,3,2,2,1002438
179,2,2,1,855720
58,2,2,2,360046
292,4,3,4,1448493
237,4,3,3,1207877
167,3,3,2,862616
60,2,2,1,367145
81,1,1,1,393570
115,2,2,2,625536
160,3,2,2,821560
54,1,1,1,269156
226,4,3,4,1186742
69,1,1,0,320989
206,3,2,3,1033315
240,5,4,4,1271448
67,1,1,1,323237
88,2,1,1,432775
236,5,4,4,1225457
99,3,3,3,603339
67,1,1,0,311262
246,4,4,3,1274373
291,4,4,4,1468485
141,4,3,3,781904
168,3,2,3,857068
201,4,3,4,1058761
189,3,2,2,924097
117,3,3,3,688633
219,5,5,4,1171938
213,4,4,3,1140188
254,4,4,4,1312824
74,1,1,1,394461
264,6,5,4,1409667
125,3,2,3,700086
286,5,4,4,1447360
59,1,1,1,323687
113,3,2,2,592928
263,5,5,4,1401708
123,1,1,1,601927
235,5,5,4,1244801
261,5,5,4,1386328
56,2,2,1,360285
200,4,4,4,1064758
277,5,4,4,1431901
262,6,5,4,1405095
86,2,2,1,444527
55,1,1,0,295327
291,6,5,4,1518040
190,4,3,4,1007773
282,6,5,4,1473765
300,4,3,4,1467356
161,3,2,3,809259
270,5,4,4,1413651
293,5,5,4,1529454
189,3,2,3,923067
123,1,1,0,587689
241,4,4,4,1254874
259,6,5,4,1409452
167,3,2,2,837256
151,4,3,3,840194
256,5,5,4,1347752
81,1,1,0,381415
287,6,5,4,1505459
106,2,2,1,558036
199,5,4,4,1073133
153,3,3,3,791750
240,4,4,3,1226946
100,2,1,1,501280
246,4,3,4,1276488
147,2,1,2,706881
236,5,5,4,1276737
138,3,2,2,747335
71,1,1,1,373454
289,6,5,4,1503257
184,3,2,2,917066
46,1,1,0,206283
238,5,4,4,1259340
59,1,1,1,310201
286,4,3,4,1425216
243,4,3,3,1218026
292,4,3,3,1398068
180,4,4,3,1000824
248,5,4,4,1295231
257,5,4,4,1334051
253,5,4,4,1345955
64,2,1,1,330934
96,2,1,2,472805
240,4,4,4,1246086
144,3,2,3,756786
48,1,1,1,249391
52,2,2,1,309765
204,4,3,4,1094716
233,5,5,4,1229454
248,5,4,4,1279757
165,3,3,2,829506
292,6,5,4,1546471
144,3,2,3,753060
47,2,1,2,309238
288,4,4,3,1444401
103,2,1,1,525098
54,1,1,0,265664
285,5,4,4,1424642
183,3,2,2,916388
232,3,3,2,1134734
161,2,1,2,801692
246,4,4,4,1247369
140,3,2,2,732464
244,4,3,3,1249260
204,3,2,2,1012149
226,4,3,3,1135540
136,2,2,2,658994
249,6,5,4,1353394
135,2,1,1,677389
296,6,5,4,1517516
141,3,3,3,781331
105,2,1,1,546763
83,1,1,0,379906
224,5,4,4,1172850
134,1,1,1,598262
276,4,4,3,1359289
219,4,4,4,1178297
145,3,3,2,797389
75,1,1,0,376942
159,4,4,4,907840
140,3,3,2,749276
140,4,3,3,802856
179,4,3,3,968542
269,5,4,4,1388265
71,1,1,0,336294
295,4,4,4,1452854
299,4,3,3,1472681
194,3,2,2,953182
127,1,1,0,547269
150,3,2,2,760912
160,2,1,2,795263
79,1,1,0,389188
80,1,1,0,380572
163,2,1,2,761949
286,5,5,4,1450974
152,2,2,1,765329
163,4,4,3,920200
48,1,1,1,270010
263,5,4,4,1389023
278,4,4,4,1379376
236,4,3,3,1220189
210,4,3,3,1059030
280,5,5,4,1473995
107,2,2,2,546570
159,3,3,3,814516
134,2,2,2,708724
77,1,1,0,365479
94,1,1,1,457889
211,4,3,4,1109640
266,5,5,4,1398842
274,5,5,4,1428529
298,6,5,4,1555116
105,3,3,2,594154
142,3,3,3,774743
85,1,1,0,421976
263,5,4,4,1348341
190,4,3,3,994461
90,2,1,2,464839
103,1,1,0,487039
183,3,3,2,936874
237,4,3,3,1213528
57,2,2,1,366115
52,1,1,1,297633
195,4,4,3,1023612
254,6,5,4,1340883
240,4,4,3,1240058
57,2,2,1,332694
149,3,3,2,776388
229,3,2,2,1087639
80,2,2,2,434869
113,2,1,2,569816
157,3,3,2,815822
299,5,5,4,1532382
125,1,1,0,574873
299,4,4,3,1473298
101,3,3,3,595479
189,3,3,2,974555
128,2,1,1,608054
294,6,5,4,1553373
234,4,4,3,1197182
246,4,3,4,1231406
127,2,2,1,604756
60,1,1,1,291459
103,2,1,1,496375
63,1,1,1,333699
219,5,4,4,1181987
264,4,4,3,1300795
264,4,3,3,1332071
265,5,4,4,1378838
215,3,3,2,1065558
203,3,3,3,1056128
294,5,5,4,1495237
106,2,2,2,535391
243,4,3,3,1224096
205,4,4,3,1101839
162,4,4,3,920707
139,3,3,2,769912
92,3,2,2,505119
134,1,1,0,629060
210,3,2,2,1022712
88,1,1,0,399983
280,6,5,4,1470706
116,2,1,1,578915
175,4,4,4,970767
217,4,3,4,1147245
242,4,4,3,1243409
210,4,4,3,1125719
289,5,4,4,1441446
66,1,1,1,335104
95,3,3,2,543438
190,3,3,2,975816
68,1,1,0,337461
192,2,1,1,865283
114,2,1,1,563788
97,3,3,2,556280
242,4,4,4,1261085
166,4,3,4,883639
178,3,3,2,926765
278,5,4,4,1410066
236,4,4,4,1241834
179,4,3,3,930784
198,5,5,4,1078931
73,2,2,1,415319
91,2,2,1,492946
160,3,2,3,804634
197,3,3,3,975117
74,1,1,1,367290
48,1,1,1,247349
184,3,3,3,947102
229,4,4,3,1159314
170,3,2,2,830367
212,4,3,3,1117223
195,3,2,3,946679
292,6,5,4,1507584
56,1,1,0,278281
114,2,1,2,561380
175,3,2,2,879935
115,2,1,2,581357
278,6,5,4,1444834
167,4,3,3,872987
278,5,5,4,1419124
153,4,3,4,857162
175,4,4,3,970763
231,4,4,4,1229101
171,3,3,3,870059
206,4,3,4,1065462
260,4,4,3,1314887
297,5,5,4,1492549
195,5,4,4,1101778
179,2,2,2,886173
123,2,1,2,622544
143,3,3,3,790444
293,4,3,4,1437896
53,1,1,0,273139
218,4,4,4,1140354
48,1,1,1,252143
167,4,3,4,916471
255,4,4,4,1308938
165,3,2,3,825407
166,3,3,2,838144
279,5,5,4,1458380
296,4,3,4,1438826
218,3,2,2,1054637
170,4,3,4,900326
124,1,1,0,551417
222,4,3,4,1141890
58,2,2,1,374026
201,4,3,4,1055122
268,5,5,4,1397814
237,3,3,3,1171707
275,5,4,4,1405513
217,4,3,4,1107600
158,3,2,2,779437
124,1,1,0,541503
65,1,1,1,313528
58,1,1,1,322881
93,3,3,2,565054
258,6,5,4,1366702
145,2,2,2,697128
154,3,2,2,789937
116,2,1,1,595560
182,2,2,2,863457
162,3,3,3,855755
170,3,2,3,893464
154,4,3,4,878094
51,1,1,0,270856
233,4,4,3,1222310
54,1,1,0,294846
160,2,1,1,732317
114,3,3,2,663188
101,3,2,3,571386
231,4,4,3,1179850
93,1,1,1,475653
91,2,1,2,502061
259,5,5,4,1347651
255,6,5,4,1395213
176,2,1,1,825051
65,1,1,1,359558
186,2,1,2,892216
289,5,5,4,1476226
116,2,1,2,577402
154,2,2,2,782221
80,1,1,0,377953
134,2,2,2,674024
159,3,3,2,813665
143,3,2,2,713252
60,1,1,1,291597
56,1,1,1,293489
237,3,3,3,1197091
113,2,2,2,596254
286,5,5,4,1452566
111,2,2,1,543325
292,5,5,4,1521822
121,1,1,0,564412
192,4,3,3,1003747
290,4,4,3,1446325
258,5,4,4,1335754
165,3,3,3,842675
201,4,4,3,1069901
283,5,4,4,1474058
68,2,1,1,394625
127,2,1,2,650516
124,3,2,3,687106
273,5,5,4,1451210
201,5,4,4,1096296
178,4,4,4,1005392
218,3,2,2,1032044
52,1,1,0,286283
129,1,1,1,627682
226,3,2,2,1088094
255,6,5,4,1356217
120,2,2,1,579686
171,3,2,2,850347
180,3,3,3,901262
152,2,2,2,760172
97,1,1,0,474837
126,2,2,1,655873
291,5,4,4,1468371
85,2,1,1,438766
228,5,5,4,1247205
185,3,2,3,952786
163,3,2,2,822238
218,4,4,4,1141774
274,4,4,3,1365371
245,4,4,3,1267818
269,5,5,4,1384903
84,2,2,1,482168
103,3,2,3,590300
126,2,1,2,618868
147,2,2,2,708730
241,4,4,3,1235063
52,1,1,0,233228
211,4,3,4,1120616
126,1,1,1,602631
99,1,1,1,465370
85,2,1,1,446437
300,4,4,3,1468855
274,5,4,4,1433347
293,4,4,4,1461014
286,4,4,4,1435460
213,3,3,2,1025115
148,3,2,3,778277
198,3,2,3,976503
87,2,1,2,467098
219,3,2,2,1036074
239,5,5,4,1266615
73,1,1,1,374892
251,6,5,4,1354217
96,3,3,3,548791
116,2,1,1,590057
192,3,3,2,975575
240,4,4,3,1209409
225,5,4,4,1178968
261,5,5,4,1382202
119,2,2,1,582212
158,4,3,3,845904
104,2,2,2,576828
71,1,1,1,383504
139,4,3,3,762671
223,4,3,4,1148507
131,1,1,1,591260
137,3,2,3,753955
114,1,1,1,537143
233,4,3,4,1200438
299,5,4,4,1512737
210,4,4,4,1108542
76,1,1,1,383947
116,2,1,2,613322
71,1,1,1,335962
197,4,4,3,1074044
80,2,1,2,449467
59,1,1,1,285378
45,1,1,0,239899
271,6,5,4,1439401
64,1,1,0,340349
198,4,4,4,1049899
89,1,1,0,439966
118,1,1,0,535074
286,5,4,4,1466779
139,3,3,2,745365
57,1,1,0,288127
76,1,1,0,334122
278,4,4,3,1412355
66,1,1,1,306832
112,3,3,3,648376
233,3,3,3,1155778
198,5,5,4,1112432
124,2,1,1,625632
249,5,4,4,1273345
200,5,5,4,1091133
293,5,4,4,1481312
197,3,3,3,1023412
88,2,2,2,457270
87,1,1,0,431515
96,2,2,1,528849
98,1,1,0,454504
248,5,4,4,1306903
249,5,5,4,1296852
237,4,4,3,1230316
54,1,1,1,267574
80,1,1,0,387763
111,2,2,1,549128
227,4,3,4,1189656
268,6,5,4,1433167
246,3,3,2,1212465
186,4,3,4,1009433
151,2,2,1,733650
69,1,1,1,327113
53,1,1,1,269475
226,5,4,4,1219912
268,6,5,4,1441365
120,1,1,0,522997
95,2,1,2,509999
84,2,2,2,492626
204,4,3,4,1044555
143,3,3,2,759896
103,2,2,1,523106
295,4,4,4,1484612
113,2,1,2,588162
272,4,4,4,1347648
59,1,1,0,278075
105,2,1,2,560557
231,5,5,4,1241059
156,4,3,3,879295
91,2,1,2,463788
168,3,3,3,891324
289,5,5,4,1517430
252,6,5,4,1346770
238,5,5,4,1270602
270,5,4,4,1380838
97,3,3,2,550326
130,2,1,1,606248
261,5,5,4,1387189
114,2,2,1,557663
201,5,4,4,1072269
190,3,3,2,981830
72,1,1,0,343086
232,3,3,3,1156493
74,1,1,0,355340
256,5,4,4,1339991
61,1,1,1,319517
155,3,2,2,797581
70,2,2,1,424099
214,3,2,3,1042651
235,3,2,3,1131038
64,1,1,0,329513
121,1,1,1,536369
142,2,1,1,672984
217,4,4,3,1158235
182,2,2,1,863801
245,4,4,3,1240843
68,1,1,0,340929
285,4,3,3,1401909
67,1,1,1,322578
147,4,3,4,818931
107,3,2,2,603281
259,5,4,4,1369480
106,1,1,1,532019
254,6,5,4,1344369
105,3,2,3,567949
133,1,1,0,607321
176,3,2,2,873958
211,5,5,4,1136967
146,2,1,1,679497
83,2,2,1,436321
240,5,5,4,1307274
101,2,2,1,500329
216,4,4,4,1110148
241,3,2,3,1165665
102,2,1,2,543497
185,3,3,3,945397
157,3,3,2,790224
290,5,4,4,1500726
141,3,2,2,748678
170,4,4,3,958083
271,5,4,4,1409347
46,2,2,2,303285
117,2,2,2,610866
167,4,4,3,897633
146,3,3,2,764355
47,2,1,1,296435
76,2,1,2,431944
205,5,4,4,1115923
251,6,5,4,1384018
154,4,3,4,846990
149,4,4,4,859872
56,1,1,0,253672
192,3,3,2,994091
161,3,2,3,813353
121,1,1,1,560314
240,3,3,2,1148511
282,5,5,4,1459860
54,2,2,1,311276
167,3,3,2,870894
124,2,2,1,606990
211,3,3,3,1044308
171,3,3,2,872891
119,3,2,2,625880
101,2,2,2,555964
286,5,5,4,1498935
229,5,4,4,1232300
107,3,3,3,631574
138,4,4,3,820322
135,3,3,3,770599
190,3,3,3,950187
222,3,2,3,1065651
161,4,4,4,922714
273,6,5,4,1424422
190,3,2,2,961255
175,4,3,3,917046
90,3,2,3,546546
118,2,1,2,608662
179,3,3,2,922685
59,1,1,1,315896
91,2,2,1,463763
100,3,3,3,617136
272,5,5,4,1413059
220,3,2,3,1051546
200,5,4,4,1079638
277,4,3,4,1348882
237,4,3,3,1164884
157,3,2,2,820898
272,5,4,4,1410949
138,3,3,2,725943
61,1,1,1,295587
164,3,2,3,865622
228,4,3,3,1166668
269,6,5,4,1423719
190,3,3,3,997184
190,3,2,2,930063
195,5,4,4,1058177
250,6,5,4,1362726
232,4,4,3,1216701
264,5,4,4,1339152
46,1,1,0,246073
226,4,4,4,1163581
112,2,1,2,594345
256,5,4,4,1347467
261,6,5,4,1379644
299,5,5,4,1516316
53,1,1,1,266547
263,4,3,4,1329655
277,4,4,4,1398341
177,2,2,1,864529
79,2,2,2,429759
140,4,4,3,804236
125,3,3,3,672797
50,1,1,0,223003
236,4,4,3,1233276
165,3,2,3,824663
182,4,4,4,967389
55,2,1,2,316521
177,2,2,1,856351
133,2,1,2,653995
99,1,1,1,484822
216,4,4,3,1146044
115,3,2,2,601441
230,3,2,2,1078971
161,3,2,2,792086
267,5,4,4,1401079
110,2,1,2,551457
73,2,1,2,426027
83,2,2,2,459709
284,4,3,4,1426779
50,2,1,2,324982
75,2,2,1,409252
93,1,1,0,439754
186,2,1,2,896723
188,2,2,1,878518
148,3,3,2,757235
277,5,4,4,1418793
100,2,2,1,501163
193,3,2,2,938672
85,2,1,1,437184
113,3,3,2,625092
134,3,2,2,729475
254,5,5,4,1358715
254,5,5,4,1345271
185,4,3,3,1003551
86,2,2,2,468853
98,2,1,2,536652
176,3,2,2,880536
203,4,4,4,1071013
76,1,1,0,363677
287,4,4,4,1461413
213,3,2,3,1021458
83,1,1,1,403377
79,1,1,0,390352
157,4,3,3,835662
67,1,1,0,327734
182,3,3,3,929104
162,3,3,3,855196
113,1,1,1,507571
89,1,1,1,449408
112,3,3,2,604043
253,5,5,4,1327263
267,5,4,4,1348850
286,6,5,4,1491404
167,4,4,3,898892
136,2,2,2,708910
142,2,2,1,690666
192,2,1,2,887560
118,3,3,2,663322
65,1,1,1,330576
171,2,1,1,823172
132,2,1,2,665608
208,4,3,4,1093238
205,3,3,2,1031010
196,4,3,3,1024632
180,4,4,3,957897
279,4,3,3,1347108
69,2,2,1,382044
231,4,4,3,1173698
118,2,1,2,623168
284,6,5,4,1509675
172,3,3,3,904906
245,5,4,4,1307432
48,1,1,0,263918
298,5,4,4,1502243
278,4,3,3,1363014
268,5,5,4,1404839
137,3,2,3,712482
75,1,1,1,378531
211,4,4,4,1142194
46,2,2,1,273739
81,1,1,0,401287
61,1,1,0,275422
289,5,4,4,1486093
222,5,5,4,1226425
52,1,1,1,257433
177,2,2,2,888298
94,3,2,2,533639
242,4,3,4,1204002
72,1,1,0,344277
53,1,1,1,302887
109,1,1,0,498697
247,3,3,2,1211861
211,5,4,4,1160675
94,3,2,2,534566
117,2,1,1,575685
213,4,3,4,1135698
281,5,4,4,1461895
261,6,5,4,1384476
206,5,4,4,1140487
211,3,2,3,1063883
210,4,3,4,1111205
244,4,3,4,1267555
299,5,4,4,1511710
78,1,1,1,361677
292,4,4,4,1432340
265,5,5,4,1415804
58,1,1,1,307073
206,4,4,3,1068351
157,3,3,2,834338
253,5,5,4,1322549
54,1,1,0,297727
241,4,4,4,1251366
103,2,1,1,486101
220,3,3,3,1078832
189,2,2,2,904569
92,1,1,0,427892
78,1,1,1,361600
148,3,3,3,778246
264,6,5,4,1402171
53,1,1,1,287240
230,3,2,3,1111714
148,4,3,3,812840
78,1,1,1,412944
94,1,1,1,426953
212,4,3,3,1064690
167,3,3,2,831526
68,2,1,1,381190
126,3,3,3,688088
284,6,5,4,1511426
196,3,2,3,973444
115,1,1,0,546633
217,4,3,3,1112858
242,4,4,3,1216069
166,2,2,2,806859
124,2,2,2,625828
175,3,2,3,917801
81,1,1,0,402507
245,4,3,4,1270736
206,5,4,4,1106033
142,3,2,3,750420
95,2,1,1,460116
169,4,3,3,924446
260,6,5,4,1410658
108,2,2,1,573099
122,1,1,0,532205
60,1,1,1,318322
154,3,2,2,797192
77,1,1,1,405266
55,1,1,0,280823
253,4,3,4,1262080
149,3,3,2,790342
172,3,2,3,883969
276,6,5,4,1459168
253,6,5,4,1350915
190,4,4,4,1010387
147,3,3,3,795103
184,2,1,2,842718
119,1,1,1,544554
119,2,2,1,576740
199,5,5,4,1134856
250,5,4,4,1335691
245,4,4,4,1275376
99,2,1,1,523515
183,3,3,3,933857
168,4,4,3,935324
133,3,2,2,686677
221,5,4,4,1159897
287,5,5,4,1503169
89,2,2,2,485292
236,4,3,4,1206040
107,1,1,0,487575
104,1,1,0,461327
130,2,2,2,632753
238,4,4,4,1212978
136,2,1,2,658120
154,4,3,4,865801
192,4,3,3,1007889
190,3,3,3,970913
251,5,5,4,1351359
267,4,3,4,1320737
69,1,1,1,358158
62,2,2,2,374172
269,5,4,4,1376293
48,2,1,2,291748
217,3,2,2,1035939
144,3,2,2,766050
285,5,5,4,1482789
261,5,4,4,1338560
176,2,1,2,865812
108,1,1,1,530445
208,4,4,3,1119768
131,2,1,1,632359
217,5,5,4,1183846
117,1,1,1,528211
54,1,1,1,280526
133,3,2,3,699467
200,3,2,2,969534
269,6,5,4,1435826
83,2,2,1,461984
227,3,2,2,1103062
183,3,2,3,921794
157,3,2,3,813722
164,3,3,2,852664
250,5,5,4,1325966
163,4,4,4,916802
101,2,2,1,524579
180,4,3,3,982401
58,2,1,1,312837
142,4,4,3,828206
119,1,1,1,545517
126,2,2,1,638807
276,6,5,4,1473633
97,2,2,2,498891
155,4,4,3,847885
169,3,2,3,851680
110,3,3,3,655643
218,4,4,3,1157839
52,1,1,0,284178
46,2,2,2,305899
47,1,1,1,285289
244,5,4,4,1284136
144,4,3,4,826913
66,2,1,1,362959
165,3,2,2,811086
141,4,3,4,776557
142,2,2,1,714288
238,4,4,4,1220337
174,3,3,2,907469
136,2,2,1,666151
201,5,5,4,1122023
50,1,1,1,269401
191,3,2,2,921562
121,2,2,1,622573
276,4,4,3,1401957
190,3,2,2,925116
281,5,5,4,1460290
196,3,3,3,987943
296,5,5,4,1529313
283,5,4,4,1425497
51,2,1,1,321227
207,3,3,3,1013760
135,2,1,2,667506
63,1,1,0,293119
142,4,3,3,790850
203,3,3,3,1006326
163,3,3,3,831176
269,5,4,4,1359286
113,2,2,2,605256
107,2,1,2,572679
96,1,1,1,474222
293,4,4,3,1455529
141,4,4,3,832269
240,4,3,4,1247052
100,1,1,0,444150
192,2,1,1,908220
235,3,2,2,1106332
170,3,2,2,872266
106,2,1,2,571338
106,2,1,2,528499
207,3,2,2,986945
182,2,2,1,838834
88,2,1,1,428618
45,1,1,1,260407
136,1,1,0,625876
210,3,3,2,1051949
284,4,4,4,1410630
56,1,1,0,270992
186,3,2,3,952476
273,4,3,4,1337788
45,1,1,0,228635
179,3,3,2,923244
60,1,1,0,311238
298,5,5,4,1506108
149,4,3,4,851617
109,1,1,1,508788
255,6,5,4,1370142
81,1,1,1,420884
183,2,1,1,823024
223,5,4,4,1215886
148,3,2,3,798214
277,4,4,3,1351471
247,5,5,4,1336628
104,2,1,1,543489
117,2,2,1,579970
52,1,1,0,259486
244,4,4,3,1218371
208,5,4,4,1123043
179,2,1,2,820661
193,4,3,4,1030598
78,1,1,0,362980
267,5,5,4,1421674
292,5,4,4,1479628
93,2,1,1,461335
228,4,3,4,1195218
151,2,1,2,741610
277,5,4,4,1393702
135,1,1,0,582836
230,5,5,4,1251262
49,1,1,1,237194
219,4,4,4,1169918
231,3,3,3,1160002
169,3,2,3,893183
196,4,3,3,1031059
235,4,4,4,1206719
89,2,1,1,481503
95,3,3,3,602224
183,3,2,2,888817
216,5,5,4,1180924
255,5,4,4,1338312
209,4,3,4,1090732
239,4,3,4,1200726
131,1,1,1,625374
127,2,1,1,593261
106,2,2,1,532232
98,1,1,1,463795
233,5,4,4,1262473
158,2,1,2,785369
143,3,3,2,734766
223,5,5,4,1211645
231,4,4,4,1227861
91,2,2,2,482005
219,4,3,4,1157014
121,2,2,2,611373
96,3,2,3,582854
231,5,5,4,1274312
282,6,5,4,1480447
153,3,3,3,808902
245,3,3,2,1163520
73,2,2,2,430007
244,4,3,4,1267228
253,5,4,4,1308171
147,4,3,4,806872
221,5,4,4,1187747
190,4,4,4,1004535
300,5,4,4,1514178
73,1,1,1,369843
262,6,5,4,1394497
154,3,3,2,789228
213,3,3,3,1058873
73,2,1,2,399639
199,5,5,4,1115076
234,5,5,4,1255921
58,1,1,0,299934
131,2,1,2,644725
136,2,2,1,682941
117,1,1,0,531276
243,4,4,4,1252553
163,2,2,1,787619
126,3,3,2,709816
144,4,4,4,833809
83,2,2,2,461551
225,5,4,4,1188721
59,1,1,1,283010
110,2,2,2,601376
218,5,4,4,1187762
179,2,2,2,855552
139,4,3,4,820221
82,1,1,1,406008
81,1,1,0,385385
51,1,1,0,250184
246,5,5,4,1300494
143,3,2,3,732279
147,4,3,4,838667
251,5,5,4,1326508
89,1,1,0,387681
270,5,5,4,1415392
59,1,1,1,326249
182,2,2,1,861353
252,4,3,3,1253442
147,3,3,3,774102
259,4,3,4,1323250
55,1,1,1,317640
179,4,4,4,1005050
72,1,1,0,348279
280,4,3,3,1375045
162,3,3,3,869375
182,3,2,3,946731
269,5,4,4,1395561
210,4,4,3,1119225
186,3,3,2,964594
196,4,4,4,1040162
267,5,4,4,1355642
115,1,1,0,550444
269,6,5,4,1429988
169,3,2,3,861751
172,4,4,4,926998
75,1,1,0,383147
169,3,2,2,876421
264,5,4,4,1383440
209,5,4,4,1160701
167,3,2,2,836624
273,4,3,3,1373895
210,5,5,4,1180747
80,1,1,0,373896
140,4,3,4,774177
117,2,2,2,597693
212,4,3,3,1090229
248,4,4,3,1229583
242,3,3,3,1180455
180,3,3,2,903203
231,5,4,4,1243141
102,2,2,1,515514
244,3,3,2,1154932
85,2,1,1,414557
137,2,1,1,686756
249,6,5,4,1348813
189,4,3,3,998352
89,3,2,2,507255
59,1,1,0,263675
249,5,5,4,1308793
114,2,2,1,590988
84,3,2,2,468581
78,1,1,1,388077
222,5,4,4,1211997
180,4,4,4,986081
249,5,4,4,1274525
294,5,5,4,1495532
276,6,5,4,1484839
182,3,3,2,927794
130,2,2,1,635512
181,3,3,3,914933
170,3,3,3,869269
94,1,1,0,463990
67,1,1,1,364578
180,3,2,2,901146
262,4,3,4,1308491
157,3,3,3,832985
261,4,3,4,1292086
290,4,3,4,1451166
216,4,4,3,1138888
155,2,2,1,780845
255,5,5,4,1367779
85,3,3,2,502887
272,4,4,4,1360808
223,4,3,4,1154329
140,3,2,3,749807
48,2,2,2,325074
133,1,1,0,622373
65,1,1,1,351209
249,5,5,4,1326830
188,2,2,2,923652
300,4,4,3,1490378
300,6,5,4,1531960
212,5,5,4,1193052
111,3,2,3,619912
156,2,1,2,782669
297,6,5,4,1539368
291,6,5,4,1522361
154,4,3,3,825316
94,1,1,1,443872
264,4,4,4,1342420
197,4,3,4,1015746
255,5,4,4,1346624
259,5,4,4,1329182
293,4,3,4,1453411
259,4,3,3,1271602
55,1,1,0,253983
296,5,4,4,1482659
295,5,4,4,1493919
113,2,2,2,564836
233,3,2,3,1148494
271,6,5,4,1433355
148,2,2,1,726915
70,2,1,2,395518
246,3,2,2,1181293
129,2,2,2,630202
111,3,2,2,599015
282,5,4,4,1453707
201,3,3,3,998630
45,1,1,1,257418
136,3,3,3,759091
218,5,5,4,1175509
254,6,5,4,1359247
153,3,3,2,828077
147,3,3,2,758727
133,3,3,2,721708
94,2,2,2,517633
75,1,1,1,352206
284,5,5,4,1475267
110,1,1,1,533780
264,5,5,4,1390736
266,4,3,3,1337951
205,4,4,3,1050332
106,1,1,0,476941
263,5,4,4,1372777
109,2,2,2,553864
174,3,2,3,883987
123,2,1,2,612036
224,4,4,4,1200567
260,6,5,4,1390860
69,2,1,1,396878
71,1,1,1,377115
225,4,3,4,1179805
276,5,4,4,1392295
97,3,2,3,589349
251,4,3,4,1293377
86,3,3,2,513755
106,3,2,2,595654
150,4,4,3,849994
282,4,4,4,1391579
221,5,4,4,1155827
70,1,1,1,368326
80,1,1,1,406969
213,5,5,4,1192682
73,1,1,0,377845
258,4,4,4,1341091
150,2,1,1,734791
280,5,4,4,1433858
144,4,4,3,850870
166,2,2,2,783470
92,2,2,1,506393
234,5,4,4,1236207
243,4,3,4,1213383
71,1,1,1,335471
97,2,2,2,508420
60,1,1,0,297916
101,1,1,0,445043
245,4,3,4,1251658
80,1,1,0,393143
264,5,5,4,1383069
117,2,2,1,602235
300,4,3,3,1466228
106,3,2,2,606122
111,2,1,1,565311
279,5,5,4,1467689
149,4,3,4,830699
191,3,2,3,973366
197,5,5,4,1084993
138,3,2,2,718191
65,2,1,1,373500
198,3,3,2,961425
285,4,4,4,1432699
260,6,5,4,1407119
240,3,2,3,1188629
205,4,4,4,1102754
189,3,3,3,952888
283,5,5,4,1444490
248,5,4,4,1278248
175,3,3,3,926423
106,2,1,2,572696
206,3,3,2,1021485
128,1,1,0,601489
118,2,2,1,623198
204,3,2,3,1042517
53,1,1,1,252046
267,5,4,4,1361855
297,5,5,4,1528885
111,3,2,3,617119
109,2,2,1,529211
214,4,3,3,1087102
198,5,5,4,1098069
64,1,1,1,335165
184,2,2,1,859694
214,5,4,4,1126498
242,3,2,3,1144994
74,1,1,0,364438
231,4,4,3,1193642
94,3,3,3,539198
204,5,5,4,1144843
153,2,1,2,758935
193,4,3,4,1014192
154,3,2,2,783080
281,4,3,4,1380724
98,3,2,3,585460
225,5,4,4,1225934
140,3,2,3,736346
222,5,5,4,1202273
207,4,3,3,1093166
48,1,1,0,225354
56,2,2,2,332859
56,2,2,2,332471
168,4,3,4,936357
87,1,1,0,417506
251,5,4,4,1309746
204,4,3,3,1030684
222,3,2,2,1092119
265,5,4,4,1370326
134,2,2,2,683615
145,4,3,4,827813
99,2,1,1,490124
157,3,3,2,816293
69,1,1,0,338152
99,2,1,1,500267
153,2,1,1,706509
89,2,2,1,493714
257,5,4,4,1310344
84,1,1,1,402596
136,1,1,0,586456
85,1,1,0,391073
59,1,1,0,306264
77,1,1,1,358430
129,2,2,1,667795
83,1,1,1,427545
214,3,2,3,1055439
66,1,1,1,321340
49,2,1,2,313459
168,4,3,3,876665
186,3,2,3,915212
175,4,3,4,939844
254,4,3,4,1287207
161,3,2,3,841269
78,1,1,1,413002
161,4,3,4,917040
287,4,4,3,1442537
162,3,3,3,846524
51,1,1,0,250534
260,5,5,4,1392283
62,1,1,0,279976
235,4,4,4,1194561
286,4,4,4,1426848
286,6,5,4,1530892
281,4,3,4,1370977
62,1,1,0,289776
55,2,1,2,314337
244,4,3,4,1249602
284,4,3,4,1433348
241,3,3,2,1145269
207,4,4,4,1092847
206,3,3,3,1043599
95,2,2,2,500530
179,3,3,2,907006
249,5,5,4,1329916
221,3,2,2,1074213
164,3,3,3,838006
208,4,3,3,1072887
281,6,5,4,1462665
234,5,4,4,1211328
74,1,1,0,331438
169,4,4,3,949282
286,6,5,4,1475029
74,2,2,1,435485
208,4,3,3,1082321
47,2,1,2,267100
184,4,4,4,975045
216,3,3,2,1088891
138,3,3,2,765069
278,5,5,4,1414274
271,4,4,3,1363309
58,1,1,0,283490
98,3,3,2,553106
300,6,5,4,1567238
52,1,1,0,281216
73,1,1,1,342747
263,5,5,4,1366532
235,4,3,3,1169379
87,2,2,2,497891
183,4,3,4,1012428
238,4,3,3,1222399
287,4,4,3,1393099
292,5,4,4,1481986
119,1,1,0,515056
118,1,1,0,535111
133,1,1,1,631508
286,5,5,4,1490718
281,4,4,4,1391420
233,3,2,3,1160272
283,5,5,4,1485267
274,5,4,4,1385627
222,3,2,2,1100845
85,3,2,2,482949
213,5,4,4,1160333
145,4,4,3,827716
254,5,4,4,1346455
283,6,5,4,1463036
275,4,3,4,1361367
73,2,2,2,430197
145,2,2,1,734787
259,5,4,4,1332476
184,3,2,3,902825
138,3,3,2,712300
278,6,5,4,1458165
268,6,5,4,1427702
45,1,1,1,266855
148,3,2,2,763250
149,4,4,4,843091
272,4,3,3,1320063
246,4,4,3,1228943
179,4,4,3,978830
157,3,3,3,845579
240,3,2,2,1125675
56,2,1,2,327027
146,2,1,2,730643
297,4,3,4,1453394
113,2,2,1,590940
49,2,2,2,319532
268,5,5,4,1406103
173,2,2,1,839302
87,1,1,1,410899
276,5,5,4,1427997
257,6,5,4,1403363
85,2,2,2,471350
199,3,3,3,1010876
114,1,1,0,537378
87,2,2,1,489004
69,1,1,1,346178
293,5,4,4,1490062
88,1,1,1,399416
161,3,3,3,854236
192,3,2,3,969135
150,4,4,4,850293
196,5,4,4,1069197
214,5,4,4,1182099
232,4,4,4,1207570
125,3,3,2,671074
80,1,1,1,396762
101,3,2,3,588598
191,3,3,2,973549
141,4,3,3,779031
297,4,3,4,1442380
235,4,4,4,1196561
129,1,1,1,585001
90,3,2,2,513945
137,2,1,1,668945
287,6,5,4,1496366
146,3,2,2,760309
290,5,4,4,1477905
198,3,3,2,978665
258,5,4,4,1367444
47,1,1,1,255011
68,1,1,0,347826
261,5,5,4,1356832
82,1,1,0,390054
47,2,1,1,287235
235,3,2,2,1123775
78,2,1,2,398615
220,4,4,4,1166088
212,3,2,3,1039155
132,2,1,1,612129
277,5,5,4,1427595
166,3,3,2,845108
92,2,2,2,473966
83,2,1,1,459166
298,5,4,4,1517541
108,2,1,1,554687
86,3,3,2,493827
298,5,4,4,1503940
129,2,1,1,609459
294,6,5,4,1525736
238,5,4,4,1244520
119,2,2,1,627017
115,2,2,2,600382
121,2,1,1,581168
165,3,3,2,872674
156,3,2,2,809356
273,5,5,4,1424295
226,4,4,4,1195204
81,2,1,1,434039
87,1,1,1,441344
117,2,1,1,583692
268,5,5,4,1394881
127,2,1,1,588441
157,4,4,3,899985
58,1,1,1,300613
269,5,4,4,1379706
220,4,4,4,1143915
201,4,4,3,1063263
120,3,2,2,666913
163,3,3,2,826891
293,5,5,4,1517406
157,4,4,3,861595
145,2,1,2,698620
155,2,1,2,735532
222,5,5,4,1237063
225,5,4,4,1203305
99,3,2,3,582568
89,2,1,1,442024
232,5,4,4,1223470
53,1,1,1,300553
201,3,2,2,1002956
178,2,1,1,829508
143,3,2,2,720270
61,1,1,0,322876
134,2,2,1,686181
248,6,5,4,1326697
45,2,1,2,309866
190,4,3,4,1002496
264,4,3,4,1330427
86,1,1,0,414721
201,4,3,4,1029131
170,3,3,3,870477
110,3,3,3,618525
109,1,1,0,518361
51,2,2,1,298409
132,2,2,1,679504
95,3,3,3,600936
101,1,1,0,486271
242,4,4,4,1270631
215,4,3,4,1137920
236,5,4,4,1256518
54,1,1,0,258268
278,4,3,3,1347102
258,4,3,4,1323884
142,2,1,2,705008
280,5,4,4,1426929
153,3,2,2,794439
49,1,1,0,251756
119,2,2,1,599069
62,1,1,1,298117
150,3,2,2,796457
93,1,1,1,468214
95,1,1,0,467793
295,5,5,4,1502448
124,1,1,1,603422
252,6,5,4,1330572
70,1,1,0,312028
187,3,2,2,921543
212,4,3,4,1079609
177,4,3,4,928249
291,6,5,4,1507154
110,3,3,2,629113
184,3,3,2,907250
298,5,4,4,1479195
82,2,1,2,459247
287,6,5,4,1507178
147,4,3,3,841497
206,5,5,4,1144976
168,4,3,3,903692
61,1,1,0,269586
118,2,2,1,577957
151,3,3,3,787131
154,3,2,2,772722
194,4,3,4,1018598
83,1,1,1,418274
185,3,2,2,911807
240,5,5,4,1282621
260,4,4,3,1320437
122,2,1,2,597313
166,3,2,2,810037
204,4,3,3,1042113
96,3,3,3,572744
266,4,3,4,1344774
288,5,5,4,1495875
97,3,3,3,558905
120,2,2,2,632083
211,5,5,4,1150999
264,5,5,4,1392992
65,1,1,1,356160
277,5,5,4,1455274
138,3,3,3,754258
239,4,4,4,1258975
276,5,4,4,1393349
143,4,4,3,811327
126,1,1,1,565659
180,3,2,3,909494
232,4,4,3,1165758
297,4,4,4,1458214
238,5,5,4,1302751
67,1,1,0,307003
64,1,1,0,284995
293,6,5,4,1542329
92,2,1,2,512174
144,3,2,3,734884
218,4,4,3,1155130
264,5,5,4,1390314
108,1,1,0,471242
232,4,4,3,1189704
244,5,5,4,1316070
266,5,4,4,1365340
77,2,2,1,403072
250,5,5,4,1350131
145,4,3,4,803766
78,1,1,1,365066
165,4,4,4,947274
75,1,1,1,360766
222,3,3,2,1114200
219,5,5,4,1208596
150,2,1,1,741160
210,4,3,3,1079191
68,2,1,1,352136
297,6,5,4,1559209
64,2,1,2,352953
285,5,5,4,1496217
67,1,1,1,364088
271,6,5,4,1455034
52,1,1,1,247829
67,1,1,0,342859
78,1,1,1,373182
79,2,1,2,440273
67,1,1,0,321696
133,2,2,2,666433
273,5,4,4,1420725
221,3,2,3,1079355
57,1,1,0,269809
51,1,1,0,286887
258,5,4,4,1369433
146,3,3,2,761302
210,4,3,4,1109643
157,3,2,3,802292
187,3,3,2,940957
199,4,4,3,1074616
213,4,4,3,1103086
100,2,2,2,525769
54,2,2,1,326561
59,2,1,1,309920
221,5,4,4,1157208
124,2,1,2,648629
269,4,4,4,1335170
254,6,5,4,1390266
213,3,2,2,1017564
102,3,3,3,592285
272,4,4,4,1387835
59,1,1,1,301906
80,1,1,1,390982
113,2,2,2,564810
117,2,1,2,611308
114,1,1,1,566249
100,2,1,1,526281
194,5,5,4,1098207
294,5,4,4,1489471
82,1,1,1,389870
237,4,4,3,1236051
66,1,1,0,330205
92,3,2,3,520551
99,2,1,1,508782
65,1,1,0,324239
145,4,3,4,834298
152,2,1,2,744747
175,4,3,4,952563
80,1,1,0,356109
165,3,2,2,814887
156,2,1,2,735337
160,2,1,2,797175
204,5,5,4,1118681
161,2,1,1,754022
63,1,1,1,349749
203,4,3,4,1059331
84,2,1,2,466428
183,3,2,2,908318
194,3,3,3,985968
188,3,3,2,918896
48,1,1,0,249540
293,4,4,3,1427284
120,2,1,1,564541
238,4,3,3,1219468
257,4,4,3,1277657
98,3,3,2,570394
296,5,4,4,1498436
259,5,4,4,1342697
230,4,3,4,1208747
56,1,1,1,307944
297,4,4,3,1464192
114,3,3,3,638137
214,4,3,3,1113583
264,4,3,4,1331499
101,2,1,1,510429
234,4,3,3,1153433
196,4,3,3,1051501
181,4,4,4,1003433
97,3,3,2,544034
235,5,4,4,1220130
55,1,1,1,274133
271,6,5,4,1431728
287,4,4,4,1439023
129,1,1,1,574334
162,4,4,3,897806
241,5,4,4,1248940
293,5,5,4,1501703
142,3,2,2,717652
105,2,1,1,495987
100,2,1,2,522261
266,4,3,3,1292552
45,1,1,0,231792
283,4,3,3,1368484
74,1,1,0,357314
288,5,5,4,1488790
199,4,3,4,1067363
186,4,3,4,990383
133,2,1,1,624083
272,5,5,4,1417910
221,5,4,4,1176906
77,1,1,1,408958
160,3,3,2,827900
77,1,1,1,368719
226,4,4,4,1209681
158,2,1,1,725507
255,6,5,4,1396592
138,4,4,4,786240
184,2,1,2,863717
112,1,1,1,511686
298,5,5,4,1513082
49,1,1,1,287470
258,5,4,4,1363173
126,2,2,2,670758
131,2,1,2,620114
115,2,1,1,544936
127,2,1,2,608293
205,3,2,2,981734
171,3,2,3,887644
111,1,1,1,496852
107,3,3,3,634286
94,2,1,1,467181
234,3,2,2,1132503
263,6,5,4,1432737
196,3,2,3,987063
159,3,3,3,842161
257,5,5,4,1373278
244,5,4,4,1297341
281,5,4,4,1462460
134,1,1,1,630364
59,1,1,1,331384
246,4,3,4,1233452
199,4,4,4,1050302
232,5,4,4,1207120
88,2,2,2,503332
137,2,2,2,679364
208,5,5,4,1133305
106,2,1,1,555433
236,5,4,4,1245721
140,3,2,2,739810
62,1,1,0,329424
194,5,5,4,1061998
285,5,5,4,1491678
100,3,3,2,600202
294,4,4,3,1442685
126,3,3,2,662940
228,4,4,4,1205625
52,2,1,2,291827
167,3,2,3,831113
248,5,4,4,1281311
243,4,3,4,1241496
85,1,1,0,371726
288,5,5,4,1460501
252,6,5,4,1367055
265,6,5,4,1394348
250,6,5,4,1369656
183,2,2,1,866272
231,5,4,4,1226375
155,3,2,2,791624
82,1,1,1,380482
272,4,4,3,1359461
157,2,2,2,758726
174,3,3,2,888067
294,6,5,4,1537582
188,2,2,2,911113
223,3,2,2,1074321
99,2,2,2,559230
172,4,3,3,909127
181,4,4,3,1006683
232,4,4,3,1209192
119,2,1,1,599860
84,3,2,3,511665
260,5,4,4,1339714
79,1,1,1,364161
48,1,1,0,246005
294,5,5,4,1492324
153,4,4,4,859561
125,3,3,2,682551
257,6,5,4,1351217
89,2,1,1,449101
115,3,3,2,630522
64,2,1,2,346092
293,6,5,4,1532111
202,5,4,4,1100558
173,2,1,1,826019
56,2,2,2,380941
67,1,1,0,334726
200,4,3,3,1056674
226,5,4,4,1181191
178,2,2,1,822436
264,5,5,4,1367169
249,5,4,4,1284047
161,4,4,3,885176
195,4,3,3,1035184
259,4,3,4,1308506
185,4,3,4,1017193
73,2,1,2,427946
216,4,4,4,1164759
72,1,1,0,346271
78,1,1,1,375637
66,1,1,1,325220
99,2,2,2,541805
207,4,4,3,1097890
298,5,4,4,1528134
234,3,3,3,1159035
257,5,5,4,1365431
171,3,2,3,880567
106,3,3,2,629780
186,2,2,1,878451
232,4,4,3,1200119
83,3,2,2,501580
135,2,1,2,679647
214,5,5,4,1171321
237,4,4,3,1238512
187,2,2,1,912049
199,3,3,3,1027554
240,3,3,3,1192170
122,1,1,0,579021
240,5,5,4,1271039
91,2,1,2,478292
293,4,4,4,1452805
287,4,4,4,1450615
77,1,1,1,353808
71,2,1,1,372002
212,5,4,4,1129461
284,4,3,3,1400832
87,2,1,1,440384
216,4,4,3,1135411
113,2,1,1,584169
262,6,5,4,1413460
68,2,2,2,398628
67,1,1,1,361524
200,3,2,2,997867
105,2,1,1,517511
62,1,1,0,329855
216,4,4,3,1124589
273,4,4,3,1392132
71,1,1,0,368435
286,6,5,4,1504425
55,1,1,1,269238
239,3,3,2,1181270
233,4,4,4,1186747
148,4,3,3,797513
110,2,1,1,534853
179,4,3,4,963538
61,1,1,1,301758
220,5,5,4,1225137
255,5,5,4,1369953
74,1,1,0,358126
193,4,3,3,1020345
61,1,1,1,287043
255,5,4,4,1345710
267,4,3,4,1311498
211,3,2,2,1010542
298,5,4,4,1530915
121,1,1,1,538584
70,2,2,2,409310
92,2,2,2,497679
115,2,2,2,596265
203,5,4,4,1134305
217,5,5,4,1194381
217,3,2,3,1076492
76,1,1,0,388099
155,3,3,3,845082
113,2,1,1,542859
94,2,1,1,481169
284,4,3,3,1361850
128,2,2,2,655084
259,6,5,4,1385646
195,3,2,2,970815
78,1,1,0,399378
267,6,5,4,1409997
218,4,3,4,1154925
274,4,3,4,1348104
189,2,2,1,908315
70,1,1,1,375522
297,4,4,3,1477161
157,3,3,2,829413
294,5,5,4,1483659
264,5,5,4,1367472
139,4,3,4,805964
164,3,2,2,852715
231,4,4,4,1189830
96,3,3,2,560477
196,4,3,3,1014827
196,3,3,3,991432
96,2,1,2,527228
135,3,2,3,719633
171,3,2,2,867294
120,2,2,1,580987
287,6,5,4,1498466
143,4,4,3,794982
292,5,4,4,1460228
220,4,3,3,1146693
266,5,5,4,1400065
298,4,4,3,1495315
234,4,3,3,1157941
57,1,1,1,280146
215,4,3,3,1086760
49,2,2,2,341513
275,5,5,4,1430507
295,4,4,4,1451199
114,2,2,1,583109
231,3,3,2,1112198
101,2,1,1,496854
180,3,2,2,887424
214,4,3,3,1076844
289,5,4,4,1457503
266,5,4,4,1368052
234,4,3,4,1171649
138,2,2,2,683611
85,1,1,1,395722
294,5,4,4,1482976
143,2,1,1,712970
267,6,5,4,1437042
51,1,1,1,277720
274,4,3,4,1344292
83,2,1,2,458956
283,5,5,4,1437669
75,1,1,0,370095
91,2,1,1,481905
258,5,4,4,1320793
271,5,5,4,1434211
228,3,2,2,1088563
291,6,5,4,1504212
141,3,3,2,768913
287,6,5,4,1485732
255,6,5,4,1359866
175,3,3,2,882787
228,4,4,3,1170145
65,1,1,0,318980
230,4,4,4,1205456
95,1,1,1,457915
280,5,5,4,1472485
216,4,3,3,1125575
80,1,1,0,358495
86,2,1,2,435832
276,6,5,4,1435195
278,5,4,4,1404299
172,3,2,2,862043
211,4,3,3,1058820
272,5,5,4,1446363
49,1,1,1,236231
185,3,2,2,923505
239,5,5,4,1282817
84,2,1,1,430574
124,2,1,1,614072
152,4,4,4,877952
223,4,4,4,1162172
118,1,1,1,557875
230,3,3,2,1104848
233,5,4,4,1217706
74,2,2,1,409015
110,2,1,1,523476
65,2,2,1,373629
113,2,1,2,543338
80,1,1,0,404921
190,2,2,2,943483
127,2,1,2,609724
204,4,3,3,1058237
216,5,5,4,1170098
72,1,1,1,390064
290,6,5,4,1547528
51,1,1,0,256184
252,6,5,4,1341697
254,6,5,4,1381649
251,5,4,4,1293409
143,3,3,2,741026
145,3,3,2,773530
157,3,2,3,795344
237,4,4,3,1208381
204,4,3,4,1076110
287,6,5,4,1497600
186,2,1,2,882977
47,1,1,0,211691
269,6,5,4,1447286
78,2,2,2,422092
216,4,3,3,1126275
224,4,3,4,1126646
59,1,1,1,288933
288,6,5,4,1510427
287,4,3,3,1383132
103,2,1,2,514245
65,1,1,1,335391
264,6,5,4,1420035
241,3,3,2,1157015
245,4,3,4,1260991
207,3,3,2,1043465
195,5,4,4,1090205
244,4,3,3,1199322
107,2,1,2,546763
147,2,2,2,729028
244,4,4,4,1252282
84,1,1,0,377058
276,6,5,4,1460079
262,5,5,4,1359832
78,2,1,2,397853
195,3,3,2,982195
230,5,4,4,1208524
150,3,2,3,788686
136,1,1,0,613841
116,2,2,1,606632
175,2,2,1,818818
71,2,2,2,408260
120,1,1,0,539984
131,1,1,1,620574
62,1,1,0,300636
168,2,1,1,791150
164,4,3,4,924363
178,3,3,3,898218
120,2,2,1,630349
129,2,1,1,639676
260,4,3,3,1296346
139,3,3,2,771340
85,1,1,0,426284
132,1,1,0,570668
52,1,1,0,261480
256,4,4,4,1312972
96,2,1,1,464855
157,3,3,3,812413
119,2,1,2,612390
300,4,4,3,1499395
102,2,1,2,523607
230,5,5,4,1265484
56,2,2,1,310627
175,2,2,1,862689
205,3,2,2,990599
140,2,1,2,698670
106,1,1,0,461258
244,4,4,4,1259789
140,2,1,2,705579
77,1,1,1,374949
108,3,2,3,632965
253,5,4,4,1289760
122,2,2,1,636087
138,3,2,2,737248
239,5,5,4,1287960
234,4,4,3,1193004
78,2,1,1,393192
207,3,2,2,1004871
236,4,3,4,1211847
172,2,2,1,806773
51,1,1,0,284503
58,1,1,0,302664
137,1,1,1,611434
70,1,1,0,310180
115,3,3,3,654420
285,6,5,4,1485624
144,2,2,1,723103
155,3,2,3,800807
271,5,4,4,1394024
198,5,4,4,1087600
99,2,2,2,520923
237,4,3,3,1174299
179,4,4,3,945801
96,2,2,1,512632
145,3,3,2,754483
145,2,1,2,687320
54,1,1,1,256108
102,2,1,1,510923
151,2,1,1,730368
272,5,4,4,1388059
289,4,4,3,1423187
249,6,5,4,1328247
97,3,3,2,591378
97,2,2,1,508352
168,3,2,2,854063
55,1,1,0,262097
246,5,5,4,1323078
287,4,3,4,1436300
191,3,2,3,930793
233,4,4,4,1238094
125,1,1,1,598535
164,4,3,4,890717
157,3,2,2,772484
97,3,3,3,581010
85,2,2,2,490811
84,1,1,0,407196
46,1,1,1,268717
73,2,1,2,400822
136,1,1,0,616749
109,2,2,2,544569
264,6,5,4,1379685
277,4,4,3,1365662
124,2,1,2,633109
222,4,4,4,1156606
272,6,5,4,1423062
48,1,1,1,284634
209,4,4,3,1067987
174,2,2,2,829855
149,4,3,4,866028
49,2,2,1,291691
225,4,4,3,1144777
198,4,3,3,1045707
122,1,1,1,544496
63,2,1,2,367012
83,1,1,0,397222
153,3,3,2,789758
215,5,4,4,1184695
190,2,1,2,915426
76,1,1,0,348692
92,2,1,2,468763
111,2,1,2,540875
213,3,3,2,1035986
171,3,3,2,891440
231,4,3,3,1152082
152,4,4,3,869214
162,3,2,3,860968
127,2,1,2,635312
51,1,1,0,250137
220,5,5,4,1195435
199,4,3,4,1032835
71,1,1,0,336855
195,5,4,4,1098739
290,4,4,3,1439762
67,1,1,0,335067
194,4,4,4,1030856
145,4,4,3,829443
54,1,1,0,247236
169,2,1,2,805970
50,1,1,0,271323
297,6,5,4,1547232
274,5,4,4,1410841
71,1,1,0,326146
261,5,4,4,1347283
293,5,4,4,1473932
121,2,1,1,568859
157,4,3,4,871801
60,2,1,2,325230
209,5,4,4,1110614
255,5,5,4,1361728
151,4,3,3,826091
147,3,2,3,757948
195,5,5,4,1122808
153,2,1,1,726475
163,3,3,3,852039
81,1,1,1,411941
131,3,3,3,750108
210,4,3,4,1074639
207,3,3,2,1041216
138,4,3,4,775790
116,3,2,3,669259
127,2,2,1,663489
261,4,4,3,1308124
77,1,1,1,385840
98,3,2,2,573599
228,4,4,4,1160415
141,3,3,2,745214
204,4,3,3,1071973
147,3,3,3,767406
203,4,4,3,1043562
213,5,5,4,1154056
87,2,1,1,450202
88,1,1,1,417588
267,5,5,4,1392997
234,4,3,3,1194673
48,1,1,1,281420
222,4,3,3,1104706
200,4,3,4,1034467
120,2,2,1,592144
125,2,2,1,600935
147,4,4,3,823779
217,3,2,2,1069730
72,1,1,1,351570
119,1,1,0,537912
197,4,4,4,1043798
95,1,1,0,460414
113,1,1,1,545389
219,4,4,4,1129275
285,6,5,4,1501137
133,3,3,2,704033
154,3,3,2,808068
180,3,3,2,892821
274,5,4,4,1408345
289,5,5,4,1514271
223,3,2,2,1075006
107,2,2,1,548410
264,5,4,4,1372506
48,1,1,0,215839
152,2,1,2,754194
74,1,1,1,360996
215,4,4,3,1126611
216,3,2,3,1043852
79,1,1,1,416352
92,1,1,0,437814
253,4,4,4,1274873
73,2,1,2,389054
116,2,1,2,605311
245,4,4,3,1255647
293,6,5,4,1509013
169,2,2,2,826817
202,4,3,4,1053724
274,5,5,4,1447510
162,3,2,3,866049
221,4,3,3,1149129
60,2,2,2,354276
110,3,2,2,585174
115,2,1,1,551397
276,4,3,3,1369793
115,3,2,2,638242
267,4,3,4,1314505
76,2,1,1,421663
192,2,1,2,924274
298,6,5,4,1533929
116,2,2,1,601754
292,6,5,4,1544317
196,4,3,4,1043010
216,5,4,4,1167938
54,1,1,1,294254
90,3,3,2,555365
153,2,2,1,751696
87,1,1,1,413022
208,4,3,4,1108199
208,4,4,3,1118868
57,1,1,0,263756
147,3,3,2,783198
238,4,3,3,1194297
109,3,3,2,602788
164,2,1,2,799784
177,2,1,2,858056
212,5,4,4,1151982
295,5,4,4,1505374
60,1,1,0,300533
223,4,4,3,1148167
293,5,5,4,1532649
56,1,1,1,269590
292,5,5,4,1510788
56,2,1,1,297542
234,4,3,4,1183081
248,5,4,4,1314006
214,5,5,4,1196064
70,2,1,2,421957
253,5,4,4,1342003
218,4,3,4,1108907
234,4,4,4,1198806
180,4,4,3,951766
175,3,3,2,902670
147,3,2,3,792875
125,3,2,3,667690
198,4,3,4,1022907
54,1,1,1,297770
244,3,2,2,1177540
277,6,5,4,1466118
207,5,5,4,1166142
296,5,5,4,1533860
280,4,3,4,1366850
279,4,4,4,1395014
64,1,1,1,328016
113,2,1,1,544733
256,5,4,4,1312140
51,2,2,2,332141
265,6,5,4,1417222
86,2,2,1,482397
196,4,4,4,1079899
239,4,3,4,1234076
242,5,4,4,1279419
263,4,3,3,1328610
178,3,3,3,942304
254,6,5,4,1353351
223,3,3,2,1088469
88,1,1,1,440872
236,5,5,4,1276595
117,3,2,2,628959
118,2,1,2,592007
291,6,5,4,1528647
166,3,2,2,849179
282,6,5,4,1467621
100,2,1,1,493768
62,1,1,1,293733
198,3,2,2,997820
79,1,1,1,392154
294,5,5,4,1491262
165,4,4,4,922240
107,1,1,1,512228
189,4,3,4,978436
46,1,1,0,229561
117,1,1,1,520766
290,6,5,4,1522265
238,3,3,3,1162582
225,4,3,3,1143870
161,3,2,2,839962
269,5,5,4,1376446
143,2,1,2,697669
279,5,5,4,1432254
254,5,4,4,1353028
203,3,2,3,1030426
234,5,4,4,1239787
116,1,1,1,525944
231,3,2,2,1121711
277,5,5,4,1457357
249,6,5,4,1334556
288,5,5,4,1508339
95,2,1,2,469131
143,3,2,2,737282
145,4,3,3,783967
49,1,1,0,243145
144,3,2,3,767273
56,1,1,1,321730
64,2,1,2,342407
241,4,4,3,1252283
178,3,3,3,917097
59,1,1,0,277095
131,1,1,1,609714
257,5,4,4,1318827
212,5,4,4,1124776
222,3,3,3,1091784
95,2,2,2,525550
232,5,5,4,1277508
277,5,5,4,1433501
61,1,1,1,307063
118,1,1,0,553698
200,5,5,4,1141784
57,1,1,1,275023
92,2,1,2,474349
108,1,1,0,519758
70,1,1,1,359888
210,5,4,4,1131702
113,3,2,3,616610
137,3,3,2,732994
278,4,4,3,1378596
47,1,1,0,267519
251,4,3,3,1263114
211,5,4,4,1155670
166,3,2,2,856392
144,4,4,3,817999
219,4,3,3,1138030
289,5,4,4,1446683
132,1,1,1,593485
136,1,1,0,588606
295,5,4,4,1501895
110,3,2,2,591295
53,1,1,0,256585
193,5,4,4,1088852
116,3,3,2,633093
122,3,3,2,680127
53,2,2,1,336982
242,5,4,4,1276285
88,2,1,1,423209
139,3,3,2,754241
254,4,3,3,1254531
78,2,1,1,406130
102,2,1,1,494627
91,2,2,2,511960
271,5,4,4,1375539
168,3,3,2,857410
55,2,2,1,316722
117,2,1,2,612976
53,1,1,0,251316
203,5,5,4,1157526
161,2,1,2,788498
161,3,3,2,860206
141,3,3,3,738764
51,1,1,0,260314
202,4,4,4,1072256
76,1,1,0,357592
283,4,3,4,1399361
65,2,1,2,363726
247,3,2,2,1192483
297,5,5,4,1519440
293,5,4,4,1513243
64,2,2,2,364573
291,5,4,4,1474724
293,4,4,3,1471678
198,4,3,3,1048262
149,2,2,1,754723
147,4,4,3,851239
199,4,3,4,1046720
252,4,4,3,1305211
228,4,4,4,1180386
243,4,3,3,1214125
169,2,1,2,785563
49,1,1,1,275268
55,1,1,0,245506
94,2,1,1,488719
285,5,5,4,1499143
259,5,5,4,1360172
278,5,4,4,1418276
170,3,3,2,867197
299,5,4,4,1499832
139,3,3,3,737575
211,3,3,3,1079623
203,5,5,4,1135239
196,5,5,4,1082044
101,3,2,2,547306
177,4,4,3,975880
297,5,5,4,1537734
227,4,3,3,1166901
127,2,1,2,614021
64,1,1,0,284398
50,1,1,1,248597
257,4,4,3,1324411
206,4,4,4,1099649
45,2,2,1,309436
267,4,4,3,1324732
105,2,1,2,543581
89,3,2,3,527480
251,6,5,4,1334699
166,3,3,3,861622
249,4,3,4,1267018
207,4,4,4,1124918
79,1,1,0,364103
176,3,2,3,877809
242,3,3,3,1216427
81,1,1,0,363104
93,1,1,1,471551
65,1,1,1,326767
100,1,1,1,456382
266,4,4,4,1352787
225,3,3,3,1137745
74,2,2,1,439342
71,1,1,1,348944
97,2,1,2,526612
116,2,1,1,547418
261,6,5,4,1376835
183,3,2,3,946786
209,5,5,4,1163553
100,2,1,2,511048
146,3,3,3,808808
140,3,2,3,721326
248,5,5,4,1336803
221,5,4,4,1175512
278,6,5,4,1446526
213,5,5,4,1194784
82,1,1,1,421279
187,4,3,4,1002081
261,5,4,4,1368137
267,4,4,3,1348772
190,3,3,3,983128
138,4,3,4,786836
210,5,5,4,1147482
79,1,1,0,389002
148,3,3,2,791035
265,4,3,4,1314804
297,4,4,4,1481887
83,2,2,2,475411
231,5,4,4,1199732
277,6,5,4,1466709
189,2,1,2,878317
59,1,1,1,284661
158,3,2,3,816187
293,5,4,4,1509079
277,5,4,4,1408685
217,4,3,4,1101446
250,4,4,4,1289533
158,3,3,2,803486
273,4,3,4,1351182
180,4,3,3,971375
257,6,5,4,1390374
116,3,2,2,651703
221,5,4,4,1180824
177,2,2,2,839009
127,3,2,2,693326
135,3,2,2,679286
252,6,5,4,1348047
68,2,2,2,406923
82,2,1,1,415677
155,3,2,2,792258
293,5,4,4,1507130
282,5,4,4,1446532
180,3,3,3,910488
183,3,3,3,945441
86,2,1,2,450674
74,1,1,1,352849
100,3,3,3,567110
236,4,4,4,1205713
183,2,2,1,851399
196,4,4,3,1019608
115,1,1,0,550860
63,1,1,0,314656
182,2,1,1,834233
290,6,5,4,1501831
241,5,4,4,1272893
189,3,3,2,966882
254,6,5,4,1369796
117,2,1,1,584515
253,6,5,4,1362222
206,4,3,4,1073960
239,4,3,3,1184659
273,4,4,4,1381311
278,6,5,4,1472496
204,4,4,3,1073322
269,4,3,3,1327141
90,1,1,1,457400
163,4,3,3,902346
54,1,1,1,279417
81,1,1,1,416128
91,2,1,2,494552
273,5,4,4,1421424
106,2,1,2,561103
208,3,2,3,1045443
73,1,1,0,362159
153,2,2,1,720252
51,2,1,1,287547
124,1,1,1,597512
163,3,3,2,814387
72,2,2,2,397954
292,5,4,4,1480677
218,4,4,4,1130331
138,3,3,3,772304
48,1,1,1,229649
249,5,5,4,1340122
209,4,3,4,1106645
125,1,1,1,564922
268,5,4,4,1367465
189,4,4,3,1016148
199,4,4,3,1065901
270,5,4,4,1380505
169,2,2,2,843381
241,5,5,4,1258044
95,2,2,2,544682
242,4,3,4,1237876
237,3,3,2,1133952
185,2,2,2,888075
228,4,3,4,1166603
134,2,2,2,656991
75,1,1,1,384403
167,4,3,3,929539
191,3,2,3,932130
250,4,3,4,1254669
73,2,2,2,443549
119,2,1,2,600989
49,2,2,2,320890
200,3,2,2,997330
79,2,1,2,432719
184,3,3,2,915683
268,4,3,3,1315355
219,5,5,4,1175426
283,5,5,4,1476670
175,2,2,2,845906
139,3,2,2,720557
295,4,4,4,1445566
263,6,5,4,1432184
253,5,4,4,1306821
260,4,4,3,1288919
158,4,3,3,842242
60,1,1,0,316424
82,1,1,1,382288
66,2,2,1,383472
261,6,5,4,1370624
265,5,4,4,1393539
243,5,4,4,1304790
133,3,3,2,707058
163,3,3,3,882257
45,1,1,0,238072
143,3,3,2,788904
97,2,2,2,500730
224,3,2,2,1109303
294,4,3,3,1452382
131,2,1,1,627880
64,1,1,1,314345
221,4,4,4,1158793
171,3,2,2,866623
111,3,3,3,656657
125,3,3,3,707853
200,5,4,4,1097427
71,1,1,1,369000
237,5,5,4,1272125
241,4,3,4,1204057
81,1,1,0,410037
282,4,4,3,1398683
205,3,2,3,990244
149,4,4,3,827017
212,4,4,3,1113514
97,3,3,3,567149
177,3,3,3,898032
282,5,5,4,1471314
269,5,4,4,1398088
113,1,1,1,560839
120,2,1,2,612000
137,2,2,2,705096
209,3,3,3,1023474
106,1,1,1,495269
249,5,4,4,1295492
59,1,1,1,300046
97,1,1,1,461606
60,1,1,1,311460
140,2,1,2,657160
65,1,1,0,287596
262,5,4,4,1362108
115,2,2,1,554879
300,6,5,4,1567779
95,3,2,2,555096
101,3,3,2,580659
66,1,1,1,317264
97,2,1,2,506317
61,1,1,1,317531
275,4,4,3,1400965
140,2,1,2,677469
231,3,2,3,1130868
51,1,1,0,265827
179,3,2,2,886083
222,4,3,3,1118287
132,2,1,1,618741
199,4,3,3,1026495
148,3,2,2,758807
82,1,1,0,389599
261,4,4,4,1341124
179,3,3,2,881583
97,1,1,1,494998
51,2,2,2,331689
201,4,3,3,1032221
142,3,3,3,773976
197,4,4,3,1065586
80,1,1,0,361962
249,4,3,4,1243730
291,5,4,4,1450639
205,3,2,2,1019287
236,3,2,3,1132686
290,5,5,4,1503971
165,4,3,4,935178
168,2,1,2,816992
109,3,2,2,597668
165,3,2,3,877264
111,3,2,3,593907
111,2,2,1,538265
295,5,4,4,1466241
140,3,3,2,754667
256,5,5,4,1376157
228,5,5,4,1242338
91,3,2,2,550628
64,1,1,0,333227
194,4,3,3,990833
153,3,2,2,761975
92,2,1,1,497335
76,1,1,0,372917
214,5,4,4,1127693
111,2,1,2,591270
296,5,4,4,1471767
276,5,4,4,1387500
133,2,2,2,683528
153,2,2,1,742117
127,2,1,2,617245
290,5,5,4,1495338
170,2,2,1,808078
259,5,5,4,1348282
52,1,1,1,296497
162,3,3,2,839408
170,4,4,4,966489
177,2,1,1,814374
119,1,1,1,551552
246,4,3,4,1233466
80,1,1,0,364374
286,5,4,4,1443991
148,4,3,4,863776
140,3,2,3,740973
158,2,1,2,741336
80,1,1,0,403036
191,2,2,2,924521
229,3,3,3,1142987
252,5,5,4,1315740
114,1,1,0,507460
232,3,3,2,1155157
163,3,3,2,822460
80,2,1,2,440162
80,1,1,1,377371
241,4,3,4,1241094
192,4,3,4,1012260
231,5,4,4,1240814
296,6,5,4,1535351
221,3,3,2,1087437
188,3,3,2,949217
66,1,1,1,329964
95,3,2,3,539846
250,4,4,4,1271049
300,4,4,4,1482140
47,1,1,1,227359
123,3,2,2,675164
274,4,3,3,1347911
196,3,2,2,943698
227,5,4,4,1231093
95,2,2,2,510388
213,4,3,3,1075415
186,3,2,3,911074
262,4,3,3,1320790
106,3,2,3,625148
118,1,1,1,552657
118,2,2,2,602775
265,6,5,4,1421324
193,5,4,4,1074104
286,5,5,4,1453400
86,3,2,3,534112
103,3,2,3,571642
156,4,4,4,886350
123,3,3,2,656353
242,3,2,3,1146701
217,4,4,4,1116505
292,6,5,4,1542204
135,2,1,2,655149
209,5,4,4,1110639
170,3,3,3,897317
100,2,1,1,491714
87,2,1,1,471587
224,4,4,4,1193708
220,3,3,2,1073050
156,3,3,2,787909
240,4,3,4,1196534
75,1,1,0,351581
200,4,3,4,1062001
190,3,2,3,978502
114,3,2,3,605508
273,6,5,4,1455948
290,6,5,4,1503183
247,3,3,2,1181771
112,2,1,1,538256
189,2,2,2,918285
122,1,1,1,544291
63,1,1,1,313193
246,3,2,2,1154638
286,4,4,3,1443281
64,1,1,0,310949
62,1,1,0,296426
132,1,1,1,590440
286,6,5,4,1529767
250,4,4,4,1267778
261,6,5,4,1407850
218,3,3,3,1084219
243,3,3,2,1183535
224,4,4,4,1196546
203,4,3,4,1041603
82,1,1,0,380386
192,3,2,2,933366
105,1,1,1,517856
71,2,2,2,404488
290,5,4,4,1500607
287,4,3,3,1377018
152,3,3,2,793917
81,1,1,0,393576
281,6,5,4,1501347
264,5,5,4,1392959
152,2,2,2,753243
262,4,4,3,1312513
123,3,2,2,650159
190,3,3,2,949783
295,5,4,4,1473004
271,5,5,4,1402211
83,2,1,2,452053
137,2,2,2,670878
245,4,4,3,1232077
75,2,1,2,414376
67,1,1,0,354259
72,1,1,0,322453
46,1,1,0,236449
251,4,4,3,1285183
179,4,4,3,995270
267,4,4,3,1364552
160,3,2,2,822333
138,2,1,1,640239
187,3,2,3,947757
223,3,3,3,1121368
143,3,3,3,803851
245,3,3,2,1158915
263,4,3,3,1307667
124,2,1,1,585774
167,3,2,3,848162
211,5,4,4,1158550
64,1,1,1,298643
78,2,1,1,407417
250,5,5,4,1321618
294,6,5,4,1517232
50,1,1,1,246589
45,1,1,1,230941
111,2,2,2,575385
269,5,4,4,1387296
54,2,1,2,318263
49,1,1,0,272003
197,3,3,2,1013744
46,1,1,0,210795
225,3,2,3,1116456
152,3,2,3,809456
209,4,3,4,1083319
248,4,4,3,1276733
271,5,4,4,1390758
59,1,1,0,311854
228,5,4,4,1223684
226,4,4,3,1153307
253,5,5,4,1324656
139,3,2,3,758364
48,1,1,1,277232
85,2,1,1,428312
202,4,4,4,1104584
164,3,2,3,853524
226,3,2,2,1096700
251,5,4,4,1338523
127,1,1,1,571504
240,4,3,3,1221786
66,1,1,0,312232
61,1,1,0,317218
225,5,4,4,1190811
88,2,1,1,440899
152,2,1,2,746669
211,4,4,4,1101894
157,4,4,3,888327
249,4,4,4,1250712
114,3,2,3,656732
101,2,1,2,506468
229,4,4,3,1179268
127,1,1,0,562605
267,6,5,4,1404099
244,4,3,3,1216415
138,4,4,3,797279
189,2,1,2,879823
298,4,4,3,1476247
96,2,2,1,511503
56,1,1,1,315939
209,5,4,4,1161624
282,5,4,4,1412856
136,2,1,1,653870
170,3,3,2,899190
232,4,3,4,1209373
45,1,1,1,269129
280,5,4,4,1405053
162,3,3,2,850057
239,4,4,3,1192185
111,1,1,1,515341
178,2,1,1,853664
130,1,1,0,582132
132,2,1,1,646700
85,3,3,3,537968
205,3,3,3,1046930
61,1,1,0,278402
210,3,2,3,1061346
297,5,4,4,1519336
189,2,1,1,902316
158,4,3,4,889625
188,4,3,4,1021214
54,2,2,1,345467
228,5,5,4,1210988
286,5,4,4,1476099
93,2,2,1,470724
88,3,2,2,508900
124,2,2,2,629333
81,2,2,1,425301
295,4,3,4,1424939
189,4,4,3,988785
207,3,2,3,1037088
194,4,3,3,1039967
96,3,3,3,567844
188,2,2,1,864190
206,4,4,4,1099998
247,3,3,2,1189586
76,1,1,0,383862
56,1,1,1,313690
140,3,2,3,728068
189,3,2,2,918338
173,4,4,4,949490
121,2,1,2,600877
88,1,1,0,390002
105,3,2,2,602092
208,3,2,3,1051577
208,3,2,2,1042260
245,4,4,3,1267307
253,5,5,4,1308684
288,4,3,4,1415736
238,4,3,4,1207148
214,4,4,4,1110840
101,3,2,3,599926
293,5,5,4,1519043
52,1,1,1,301746
70,2,2,2,427109
299,5,4,4,1486474
243,5,5,4,1322807
100,3,2,2,559725
182,2,1,2,838388
65,1,1,0,293528
236,4,4,4,1223469
207,4,3,4,1066205
233,4,4,4,1200339
226,3,3,3,1114378
201,5,4,4,1123172
235,4,4,4,1212761
105,2,1,2,556033
55,2,2,1,312398
103,2,1,1,536745
285,5,5,4,1442725
99,2,2,1,502657
135,2,1,1,669713
192,3,2,3,981715
96,3,2,3,543592
194,4,3,4,1003438
200,5,5,4,1124756
58,1,1,0,299142
182,2,1,1,832646
94,2,1,2,511255
63,1,1,0,325520
71,2,1,1,355858
229,5,5,4,1251603
134,2,2,2,683662
112,3,2,2,633042
94,3,2,2,518180
62,1,1,1,298731
248,5,5,4,1334574
226,4,4,4,1175611
82,1,1,0,367663
140,2,1,1,674219
48,1,1,1,260391
59,1,1,1,306146
104,3,3,3,613327
213,5,5,4,1147653
124,1,1,1,595620
189,3,3,2,945445
238,4,4,4,1215646
291,5,4,4,1484125
83,2,1,1,434744
52,1,1,1,269453
184,3,3,3,929200
211,4,4,4,1090487
273,4,4,3,1346552
100,1,1,1,495503
235,4,4,4,1192629
179,3,3,3,916834
188,3,2,2,938282
73,1,1,1,355512
95,2,2,2,497157
112,3,2,2,610858
61,1,1,0,273751
156,2,1,1,718430
270,6,5,4,1440241
175,3,3,2,869706
287,5,4,4,1448034
106,2,1,1,543976
156,3,3,3,831372
58,1,1,0,297430
271,4,3,4,1376378
234,4,3,4,1176313
270,5,4,4,1373421
104,3,3,2,604628
290,6,5,4,1541489
174,4,4,3,956514
123,3,2,3,687841
225,5,4,4,1217995
190,3,2,2,923712
106,3,2,2,565242
86,1,1,0,406306
62,1,1,1,335019
299,6,5,4,1545411
70,1,1,0,354548
282,4,3,3,1386140
168,4,3,3,901878
161,2,2,1,785136
206,3,2,3,1022572
102,3,3,3,604522
176,2,2,2,879513
71,2,2,2,441471
191,3,3,2,950000
219,3,3,3,1082898
226,4,4,4,1171920
99,2,2,2,559765
135,3,3,3,740138
166,2,2,2,794468
206,4,3,4,1103580
153,3,2,2,763516
239,3,3,3,1149365
245,4,4,4,1265555
219,5,5,4,1168953
45,1,1,1,250086
138,4,3,4,775172
200,4,3,4,1064388
139,4,3,3,774551
114,2,1,1,557643
138,4,3,4,798607
251,4,3,3,1227470
176,2,2,2,842153
124,3,2,3,688225
204,5,4,4,1088294
237,4,4,4,1227203
143,3,2,2,713207
260,4,3,3,1289490
221,4,4,4,1183296
50,1,1,0,264615
228,4,3,4,1198232
174,3,3,2,912344
154,3,3,2,805316
192,2,2,1,898162
212,4,4,3,1090081
264,4,4,4,1353139
210,3,2,3,1020103
182,3,3,3,934181
236,4,3,3,1212110
218,5,4,4,1170960
229,4,4,4,1165240
183,4,4,3,986327
276,5,4,4,1418805
279,4,4,3,1360396
190,4,4,3,1019584
299,4,4,3,1471114
101,2,2,2,519955
183,3,2,2,905194
194,4,3,3,991066
70,1,1,1,363314
208,4,3,3,1085238
115,1,1,1,562551
261,5,4,4,1360034
99,3,3,2,573492
260,4,3,4,1306617
58,2,1,2,326606
145,4,3,3,817283
165,4,3,4,925142
218,3,3,2,1071337
173,4,3,4,957330
73,1,1,1,346406
83,1,1,1,407677
108,2,2,2,540339
196,5,5,4,1101447
171,2,2,1,810814
187,4,3,3,1003143
294,6,5,4,1546374
286,6,5,4,1488879
177,3,3,3,925186
163,3,3,3,865811
208,4,4,3,1060928
109,2,1,2,553451
185,4,4,3,968512
299,5,5,4,1509521
287,5,4,4,1447587
198,3,2,2,961444
166,4,3,3,896430
219,4,4,4,1155397
236,5,5,4,1275332
78,2,1,1,421336
179,4,3,3,929158
292,6,5,4,1521061
156,3,2,2,796250
122,2,2,1,594833
211,5,5,4,1187624
223,4,3,4,1148974
71,2,1,1,392220
47,1,1,1,236667
62,2,1,1,353392
247,3,2,3,1199294
177,3,3,2,898697
95,3,3,2,541427
113,1,1,1,507343
102,2,2,2,536648
275,6,5,4,1440965
140,2,1,1,657978
46,1,1,0,250695
127,1,1,1,611071
202,4,3,3,1034433
253,6,5,4,1378463
47,1,1,1,241396
274,4,4,3,1345462
236,5,4,4,1276841
70,2,1,2,364621
235,3,2,2,1101024
223,5,4,4,1200651
236,4,3,4,1212243
103,2,1,1,539287
108,3,3,2,610033
115,3,2,3,659753
215,4,3,4,1106316
111,2,1,2,587533
124,1,1,1,552003
117,2,1,2,617245
298,5,5,4,1533804
112,3,2,3,619621
81,1,1,0,366873
224,5,5,4,1222423
298,5,4,4,1512155
259,6,5,4,1386332
157,3,3,3,815535
60,1,1,0,323616
207,4,3,3,1058213
94,1,1,1,457461
90,2,1,1,435811
153,4,3,4,864270
114,2,2,1,598579
187,3,3,2,917309
187,2,2,2,883618
215,3,2,2,1056584
48,1,1,1,284589
66,1,1,0,330410
284,6,5,4,1470045
55,2,1,2,315031
85,1,1,0,374582
102,2,1,2,506010
174,3,2,3,905998
55,1,1,1,306940
194,3,3,2,983465
233,5,5,4,1258129
89,1,1,1,416356
84,2,1,1,445193
158,2,2,1,774217
113,2,1,1,551653
250,5,5,4,1349129
130,3,2,3,726857
272,4,3,3,1338965
207,4,4,4,1127576
146,2,2,1,728462
174,2,1,2,817597
65,1,1,1,354953
192,2,2,2,951519
240,5,5,4,1257233
296,5,5,4,1548169
205,4,3,3,1038636
149,4,4,4,856334
194,4,3,4,1037243
145,2,1,1,710266
233,3,2,2,1106244
51,1,1,0,236252
159,3,2,3,811614
198,4,4,4,1046732
56,1,1,1,300612
205,3,3,3,1006238
245,5,5,4,1300740
233,3,3,3,1128761
293,5,4,4,1458428
115,2,2,1,613759
181,3,3,3,953675
66,2,2,1,401794
117,1,1,1,557444
185,3,2,2,888665
78,1,1,1,390363
292,6,5,4,1543798
266,5,5,4,1381957
113,2,1,2,580764
253,5,5,4,1345837
277,5,5,4,1449013
266,5,5,4,1370407
110,2,1,2,538301
251,4,4,4,1295101
191,2,2,2,909104
106,1,1,0,507176
233,4,4,4,1204178
77,1,1,1,383528
165,4,4,3,926136
74,1,1,0,334815
298,4,4,4,1500422
79,2,1,1,428250
113,2,1,1,579163
233,4,4,3,1176005
136,2,1,1,670250
114,3,2,2,619518
228,4,3,4,1182438
150,3,2,2,749915
184,3,2,3,934997
141,2,2,1,709315
183,3,3,3,922015
269,5,5,4,1376316
113,2,2,2,592061
271,4,4,4,1371053
164,3,2,2,807802
169,4,3,3,913012
153,3,3,3,787329
144,2,2,2,732656
289,5,4,4,1446429
101,2,2,2,564789
235,3,3,2,1125322
94,3,3,3,578657
116,1,1,0,524117
88,3,3,2,532130
254,4,3,4,1270533
49,1,1,0,228202
228,4,4,4,1181227
229,4,4,3,1149524
211,5,4,4,1154875
258,5,4,4,1350331
133,2,2,2,697614
171,4,4,3,934412
89,1,1,0,393335
88,2,1,1,431497
128,2,1,1,613852
201,4,3,4,1075435
177,3,2,3,915387
216,5,4,4,1159771
288,5,4,4,1441894
247,4,3,4,1241995
240,4,3,3,1236785
294,5,5,4,1494072
263,4,4,3,1343730
279,5,4,4,1421728
93,2,1,2,463170
75,1,1,1,356111
219,4,3,4,1145964
147,3,2,2,764996
161,3,2,3,812083
185,3,2,2,908921
132,1,1,1,599637
254,4,4,4,1311924
278,5,4,4,1421002
249,5,4,4,1285982
255,4,3,3,1286559
260,6,5,4,1364223
208,4,4,4,1093926
131,2,2,2,645501
136,1,1,0,606304
231,3,2,3,1122105
78,2,1,2,405903
279,5,4,4,1427226
56,2,2,1,317235
111,3,2,2,604097
227,3,2,2,1082426
75,1,1,0,348453
94,3,3,2,567370
294,4,3,4,1450083
290,5,5,4,1464444
179,4,3,4,989811
122,1,1,1,587652
197,5,5,4,1096242
182,3,2,2,927542
121,2,2,2,601924
211,4,4,4,1141454
146,2,2,1,726553
222,3,2,2,1047678
253,5,5,4,1318972
137,2,1,2,684999
53,2,2,1,328385
169,3,2,3,844978
169,3,3,2,872214
300,5,5,4,1514189
102,2,1,1,491351
290,6,5,4,1526422
137,1,1,1,655819
212,3,3,3,1048381
235,4,3,3,1196196
262,6,5,4,1404271
60,1,1,0,305230
276,6,5,4,1453818
147,3,2,3,774449
164,2,2,1,816193
284,6,5,4,1477090
224,4,3,4,1184789
169,3,2,3,880323
171,3,3,2,872970
193,4,3,3,1027528
55,1,1,1,291702
90,2,2,1,503225
246,5,5,4,1314369
231,5,5,4,1248962
132,3,3,3,705618
120,3,2,2,621760
149,4,3,4,824635
299,4,4,4,1477972
227,5,5,4,1220309
184,2,2,1,858259
259,4,4,4,1291206
201,3,2,2,965385
226,3,3,2,1083754
49,1,1,0,241364
62,1,1,0,317208
97,3,3,3,584432
62,1,1,1,334292
160,3,3,2,838943
296,5,5,4,1507316
184,3,3,3,941176
126,2,2,2,651717
114,2,2,2,603414
300,5,4,4,1511283
67,1,1,1,310820
56,1,1,1,307407
268,6,5,4,1423976
107,2,1,1,540347
283,6,5,4,1487855
219,4,4,4,1162617
197,4,3,3,1052204
241,5,5,4,1263202
249,5,5,4,1312773
136,2,1,2,650137
86,3,2,3,509480
172,4,3,4,929623
95,2,1,2,501087
239,4,3,4,1192544
150,3,3,3,817885
217,4,3,4,1133762
178,3,2,2,876529
88,1,1,0,440247
253,5,5,4,1349987
210,3,3,3,1055901
124,1,1,1,578984
202,3,3,3,1038804
53,1,1,1,251412
108,3,2,3,603481
295,4,4,4,1474314
273,4,3,3,1347032
135,3,2,3,725046
250,5,5,4,1304931
256,5,4,4,1342824
205,4,4,3,1080549
269,5,4,4,1391282
261,6,5,4,1400638
246,3,3,2,1205274
266,4,3,3,1302892
190,3,3,2,983566
220,3,2,2,1062316
286,4,4,4,1404804
171,3,3,2,848474
61,2,1,2,329944
229,4,4,4,1213406
123,1,1,0,545705
147,2,2,1,740153
73,1,1,1,391899
225,4,4,4,1154000
134,3,2,2,684379
261,6,5,4,1411003
242,3,3,2,1194977
60,2,1,2,355128
278,5,4,4,1443783
118,2,1,2,586388
207,4,3,3,1058954
141,3,2,2,703742
134,2,1,2,661343
104,3,2,3,609644
197,5,5,4,1084826
52,1,1,0,267214
232,3,3,2,1157718
84,2,1,2,425175
178,4,3,4,950645
281,6,5,4,1485378
210,4,4,4,1095678
45,2,1,2,308096
244,5,4,4,1252913
139,2,2,2,721907
106,3,3,2,583272
260,5,4,4,1329469
139,3,3,2,731987
223,4,3,3,1141160
137,1,1,0,595549
73,1,1,0,376574
65,1,1,0,315373
164,3,2,3,814824
153,2,2,1,743263
288,4,4,3,1449762
293,4,3,4,1435205
73,1,1,0,330835
173,3,3,3,911753
151,4,4,3,830954
211,5,5,4,1131827
203,4,3,4,1057653
149,3,2,2,747845
91,2,1,1,490512
156,4,3,3,850235
283,5,4,4,1443128
96,1,1,0,443111
95,2,2,2,510434
115,3,2,2,617419
218,4,3,4,1118770
202,5,4,4,1109121
147,3,3,2,765058
295,4,4,3,1432974
286,6,5,4,1506921
266,6,5,4,1389799
247,4,3,3,1215939
146,3,3,3,808357
87,2,1,2,463120
101,2,1,1,523761
56,1,1,0,269887
88,2,2,1,473824
164,3,3,2,869419
123,1,1,0,558518
273,5,5,4,1436062
134,2,1,2,659217
264,4,3,3,1294946
296,6,5,4,1531184
261,4,4,3,1304951
71,1,1,0,333319
51,1,1,0,285122
51,2,2,1,340580
94,2,1,2,491034
276,4,3,4,1386221
282,4,3,3,1379317
142,4,4,4,850217
189,4,3,3,1006238
222,3,3,3,1106367
267,5,4,4,1396831
155,3,2,2,766912
246,4,4,3,1249131
78,1,1,1,377035
106,1,1,0,474755
196,3,2,3,960863
278,5,5,4,1425799
102,1,1,0,471880
241,5,4,4,1268040
91,2,2,1,475735
186,2,2,2,906655
87,1,1,0,397947
107,1,1,0,474941
204,4,3,3,1033051
288,5,4,4,1442695
266,5,4,4,1367865
289,4,3,4,1452441
272,5,4,4,1409170
119,1,1,0,553307
240,4,4,3,1227256
140,4,3,3,761439
92,2,1,2,457668
194,4,4,3,1007932
105,2,1,1,529247
131,1,1,1,598559
284,4,4,4,1454651
172,3,2,2,843482
209,4,4,3,1074017
186,3,2,2,903593
75,2,1,1,389648
60,1,1,0,291563
281,5,4,4,1433536
170,3,2,2,855412
156,3,2,3,834262
156,3,2,3,809002
289,5,4,4,1459657
48,1,1,0,243723
186,3,3,3,938004
295,4,3,4,1429375
211,3,2,2,997545
247,4,4,3,1263201
259,4,3,3,1281504
121,2,2,1,614801
101,2,2,2,539221
253,5,4,4,1320228
206,3,3,2,1036205
202,5,5,4,1103660
145,2,1,1,707367
205,3,2,2,986916
130,1,1,0,608390
104,2,2,1,526159
99,2,1,1,474286
130,1,1,0,565783
67,1,1,0,319820
253,5,4,4,1315533
93,2,1,1,479545
95,2,2,1,528374
245,3,3,2,1210900
89,3,3,3,550053
53,2,2,2,319937
116,2,2,2,599349
162,2,2,1,754503
274,6,5,4,1466215
259,5,5,4,1381850
82,1,1,1,375827
258,5,5,4,1335820
266,6,5,4,1388915
186,3,3,3,955695
221,3,3,2,1112320
114,2,1,1,552683
49,1,1,0,227128
282,5,4,4,1420746
260,5,4,4,1341265
263,6,5,4,1420081
144,3,2,3,781107
184,4,4,4,988340
120,2,2,1,585316
272,6,5,4,1459240
256,4,3,3,1245609
111,1,1,1,496332
134,2,2,2,691042
54,1,1,0,279797
55,1,1,0,264764
183,3,2,2,913178
238,4,3,3,1198357
300,5,5,4,1516780
226,5,4,4,1230543
92,1,1,0,444260
269,5,5,4,1386070
234,4,4,4,1223439
288,5,5,4,1488827
229,4,3,4,1151453
109,3,2,3,635033
48,2,2,2,316019
126,3,3,2,692494
136,2,1,2,672057
251,4,4,3,1275724
295,5,5,4,1542192
270,5,5,4,1438089
228,4,3,4,1172579
80,2,2,1,433495
239,5,4,4,1254368
293,6,5,4,1556603
217,3,3,3,1115180
229,4,3,4,1158907
74,1,1,0,330536
166,2,2,1,771262
212,5,5,4,1171044
151,3,2,3,792931
100,1,1,1,459366
231,3,3,3,1163045
213,5,5,4,1146232
276,5,4,4,1442270
68,2,2,2,378681
171,3,3,3,879234
231,3,2,3,1116242
77,1,1,0,384841
264,4,3,3,1310478
202,4,4,3,1090447
186,4,3,4,1012404
264,5,5,4,1372937
60,1,1,0,300570
180,2,1,2,825078
271,6,5,4,1464855
142,2,1,2,668740
102,2,2,1,527674
67,2,1,1,365451
270,6,5,4,1436755
55,1,1,1,317996
131,1,1,0,605623
76,1,1,0,336306
122,3,2,3,650529
76,1,1,0,384061
241,5,4,4,1277371
72,1,1,0,325208
254,6,5,4,1359683
250,5,5,4,1336599
180,2,2,2,894708
120,2,1,1,558005
130,1,1,1,625328
111,1,1,1,553280
179,3,3,2,890762
232,5,4,4,1246529
285,4,3,4,1410759
290,5,5,4,1504872
260,6,5,4,1380766
211,4,4,4,1130531
85,3,2,3,530755
95,3,3,3,579252
132,3,2,3,724243
104,2,2,1,513437
196,4,4,3,1010988
189,2,1,2,874226
161,4,4,3,869963
132,3,2,2,673242
152,3,3,3,784748
91,3,2,2,521193
89,2,2,1,467574
172,3,2,3,863932
275,4,4,3,1343886
243,4,4,4,1240608
46,1,1,0,249098
116,1,1,1,571390
263,5,4,4,1371470
290,6,5,4,1495435
162,3,3,2,829183
85,1,1,1,399731
258,5,4,4,1329907
177,4,3,4,949625
208,4,4,3,1095554
132,2,1,2,624378
106,3,2,3,630388
293,5,4,4,1485651
299,5,4,4,1505917
276,6,5,4,1466891
80,1,1,0,394409
163,2,2,2,808768
125,2,1,2,641670
155,3,3,3,806126
159,4,3,4,861631
214,4,3,3,1121592
177,3,3,3,922009
280,5,5,4,1445053
69,2,2,2,382117
108,2,1,2,551914
83,3,2,2,502436
64,1,1,0,340761
71,1,1,0,367399
288,5,4,4,1478230
133,3,2,2,687904
201,5,4,4,1131064
64,1,1,1,343978
233,4,3,3,1166979
251,4,4,3,1296214
285,4,3,3,1379738
298,5,4,4,1522803
112,2,2,1,569818
239,5,5,4,1284550
297,5,4,4,1504015
144,3,2,2,717707
253,5,5,4,1337983
127,3,3,2,684411
231,5,4,4,1230143
295,5,4,4,1474968
71,1,1,0,329954
73,1,1,0,356249
152,3,3,2,780243
276,5,5,4,1444052
136,3,2,3,742905
127,3,2,3,683747
87,2,2,1,470684
114,2,2,1,553409
118,1,1,1,572773
90,2,1,1,441156
155,4,4,4,874513
93,2,1,2,486156
46,2,2,2,279691
273,6,5,4,1459104
110,1,1,0,507357
295,4,3,4,1467220
124,2,1,1,585264
206,3,2,3,1039362
46,1,1,0,219275
83,1,1,1,436421
116,2,2,2,606812
188,4,4,4,1011619
242,4,4,3,1227177
276,5,4,4,1401415
175,3,3,3,911852
117,2,1,2,608028
77,1,1,1,403398
180,4,4,3,988000
196,5,5,4,1084969
132,2,2,1,635275
56,1,1,1,263387
132,3,3,2,736761
210,5,5,4,1170861
146,3,3,2,744551
96,3,3,2,537779
71,2,2,1,371739
128,3,3,3,697572
231,3,3,3,1154774
99,3,2,2,544207
249,5,4,4,1295400
106,2,1,1,549120
170,3,3,3,886718
165,2,1,2,796583
47,1,1,1,275955
110,3,3,3,606923
66,1,1,0,314162
267,6,5,4,1439708
78,1,1,1,377949
278,5,4,4,1452325
120,2,1,1,609205
191,4,4,4,1042380
248,5,5,4,1292305
214,3,2,2,1029435
208,4,4,3,1090470
148,2,2,1,736743
95,1,1,1,484523
210,3,2,2,1034723
46,2,1,2,275990
219,4,4,3,1164547
289,6,5,4,1540364
103,3,3,3,580471
85,3,2,3,519947
220,4,4,4,1143657
277,6,5,4,1466290
144,4,3,4,826514
223,5,4,4,1210871
147,4,4,3,811338
201,3,2,2,987784
59,1,1,1,322688
252,5,5,4,1307831
67,1,1,1,320743
142,4,4,4,858319
145,3,3,3,784600
73,1,1,0,347850
50,2,2,2,333098
155,3,2,3,824126
181,4,3,4,1003168
249,5,4,4,1292548
177,3,2,2,866119
145,2,1,2,718580
102,2,1,2,513730
110,2,1,2,581468
239,4,4,4,1264168
122,3,2,3,684409
139,2,2,1,683380
147,3,2,3,751208
208,3,3,2,1003349
243,3,3,3,1165456
298,6,5,4,1523623
110,2,1,1,517026
138,4,3,3,782712
209,4,3,4,1094172
57,1,1,1,277743
79,1,1,1,419073
83,2,2,2,449816
107,3,3,2,630406
252,5,5,4,1346355
66,1,1,0,343448
188,3,3,2,929075
141,3,3,2,759625
217,5,4,4,1174304
151,2,1,1,689046
233,5,5,4,1228942
209,5,5,4,1156951
121,3,3,2,697190
143,2,1,1,702468
111,1,1,1,509903
124,1,1,1,555336
238,4,3,4,1222240
192,4,3,3,979604
52,1,1,1,280522
102,3,2,2,551791
172,4,3,4,937759
76,1,1,1,378160
100,3,3,2,591214
266,5,4,4,1388157
253,6,5,4,1341687
271,5,5,4,1408386
136,1,1,0,614120
189,2,1,1,893979
81,2,2,2,458021
154,3,2,2,766341
50,1,1,0,224446
93,2,2,1,517198
273,5,4,4,1380086
154,3,3,3,821424
120,1,1,0,569768
54,1,1,1,269429
186,3,3,2,967797
133,1,1,0,611900
58,1,1,0,286992
190,4,3,3,968268
253,6,5,4,1359476
185,3,3,2,956388
235,4,3,4,1209573
138,2,1,1,637193
246,5,5,4,1301977
80,2,2,2,450903
126,2,2,1,645036
265,6,5,4,1411717
194,5,5,4,1074043
168,3,2,3,856691
69,1,1,0,332171
252,5,4,4,1287601
171,2,2,2,861657
220,5,4,4,1210005
164,3,2,2,839650
177,3,3,3,902843
175,3,2,3,865546
134,2,2,1,636239
268,4,3,4,1356472
284,4,4,3,1420023
288,4,3,4,1446205
78,2,2,1,416096
89,1,1,1,426825
294,5,5,4,1509323
185,3,2,3,960527
196,4,4,3,1060130
279,4,3,4,1411119
220,5,5,4,1223064
270,4,4,3,1348057
186,3,3,2,940412
206,3,3,2,998103
124,2,1,1,610364
101,3,2,2,584471
211,4,3,4,1089297
80,1,1,0,360442
62,1,1,0,278080
255,4,3,3,1274573
141,4,3,4,787609
259,5,4,4,1351813
145,3,2,2,730019
149,3,3,2,762659
117,2,1,1,569906
115,2,2,1,585668
200,5,4,4,1093279
182,3,3,3,953672
267,4,3,3,1347051
134,3,3,2,746024
182,3,2,2,876475
131,3,2,3,712314
129,3,2,3,681815
141,4,4,4,808988
272,5,4,4,1418350
140,4,4,3,834895
221,5,5,4,1182544
49,2,2,1,284511
119,2,1,1,582241
70,2,2,2,402094
276,5,5,4,1422056
105,2,1,1,522575
240,3,3,2,1191779
233,4,3,3,1190943
79,2,1,1,430964
179,3,3,2,931418
52,1,1,0,249765
119,1,1,0,539903
296,5,4,4,1520531
238,3,2,2,1152040
288,6,5,4,1498629
66,1,1,0,290775
126,3,3,3,711536
229,3,2,3,1136164
45,1,1,0,248632
126,3,2,2,690707
164,3,2,2,800355
64,1,1,0,288968
76,1,1,0,385849
131,1,1,0,619045
291,4,4,3,1467574
193,3,3,2,967482
232,4,3,3,1200599
246,4,4,3,1259168
226,4,4,3,1169632
291,4,4,3,1429996
199,4,3,3,1028363
147,3,2,3,747504
236,5,5,4,1252877
252,5,4,4,1340719
122,2,2,2,602206
204,5,4,4,1117267
181,3,2,2,926086
56,1,1,1,277867
95,1,1,1,468999
76,2,1,2,417291
68,1,1,0,309121
184,2,1,2,842851
51,1,1,0,240624
157,3,3,3,808302
227,3,2,2,1118182
173,3,2,3,858094
188,4,3,3,979952
159,4,3,4,894961
216,5,4,4,1159555
199,3,2,3,970150
140,4,3,3,813045
246,4,4,3,1261675
194,3,2,3,984747
146,3,2,2,763047
229,4,4,3,1170757
208,4,4,3,1105559
116,1,1,1,516556
50,2,1,2,314286
260,4,3,4,1295473
286,6,5,4,1503500
242,4,4,4,1237502
156,3,2,3,834938
124,2,1,2,626189
248,5,5,4,1309835
209,3,2,2,1040216
212,4,4,3,1081644
144,2,1,2,728312
111,1,1,1,537577
292,5,4,4,1470928
165,2,1,2,769447
85,3,2,2,487565
231,5,4,4,1239815
233,4,3,4,1196298
262,6,5,4,1407760
179,4,3,3,948569
45,1,1,1,236519
217,4,4,4,1155299
251,4,4,3,1275961
229,4,3,3,1134011
54,1,1,1,299799
104,2,2,2,528929
76,1,1,1,351177
171,4,3,3,936550
101,1,1,0,496745
278,4,3,3,1349562
259,6,5,4,1386248
152,3,3,2,817282
224,4,4,4,1191261
76,2,2,2,447775
100,2,1,2,499819
287,5,4,4,1439067
237,3,3,2,1182791
245,4,4,3,1266052
78,2,1,1,381579
58,1,1,0,276783
224,4,3,3,1123088
205,3,3,2,994370
89,2,2,1,489954
255,6,5,4,1400733
180,3,2,2,874363
79,2,1,2,409486
118,1,1,1,531882
256,4,3,3,1245148
48,1,1,0,255491
103,2,2,1,526653
204,4,3,3,1033020
117,1,1,1,558091
297,4,3,3,1461240
178,3,2,2,884594
48,1,1,1,261709
165,3,2,2,833592
97,2,1,1,463841
210,4,4,3,1109690
144,3,2,3,777733
258,4,4,3,1284685
59,2,2,2,390138
248,5,4,4,1316073
64,1,1,1,338817
214,5,5,4,1201800
86,2,2,1,468666
111,2,1,2,589623
183,3,2,3,925710
91,2,1,2,458927
50,1,1,0,262545
227,4,3,4,1174707
101,3,2,2,540385
121,2,1,2,631537
255,4,4,3,1316487
168,3,3,3,858939
233,3,2,3,1135853
118,3,3,2,647880
230,4,3,4,1193251
150,2,1,1,739127
181,3,3,3,918312
74,2,2,1,384896
287,6,5,4,1506114
45,1,1,0,228575
225,3,2,3,1082133
200,4,3,3,1033265
133,1,1,0,599254
217,5,4,4,1175089
300,5,4,4,1530548
192,2,1,1,872266
268,4,4,4,1360064
177,3,2,3,880959
217,4,3,4,1101899
60,1,1,1,331473
246,4,3,4,1227446
227,4,4,3,1171928
124,1,1,1,602113
231,3,3,2,1102196
179,3,2,2,904916
284,5,4,4,1435993
229,3,3,2,1148341
66,2,2,1,378835
170,3,3,2,864401
103,1,1,0,489153
152,2,2,1,753163
210,3,3,3,1066561
169,4,4,4,926966
79,1,1,0,377615
45,2,1,1,292313
93,2,1,2,500716
77,2,1,2,450291
245,3,3,2,1187799
294,5,5,4,1530520
54,2,2,2,345779
263,4,4,4,1339124
72,1,1,0,352103
230,5,5,4,1248914
91,2,1,1,442907
294,4,4,4,1462308
237,5,4,4,1266427
287,6,5,4,1501048
181,2,1,1,861139
236,4,4,4,1234579
74,1,1,1,360432
163,2,2,1,813424
100,2,1,1,518124
259,6,5,4,1394391
175,2,1,2,846364
178,2,1,1,828989
294,5,4,4,1486683
125,1,1,0,552755
217,4,4,3,1135470
106,2,2,1,537244
133,1,1,1,632390
117,2,1,1,594663
281,5,5,4,1456739
265,4,3,4,1305438
70,1,1,0,328806
246,4,3,4,1227322
292,5,5,4,1523616
106,2,2,2,543103
161,4,4,4,881882
257,5,5,4,1326440
129,2,2,2,629430
159,3,2,3,842761
236,4,4,3,1209329
244,3,3,3,1194578
288,5,5,4,1493909
228,4,3,4,1166256
170,3,3,3,888652
176,2,2,2,874696
264,5,4,4,1380372
197,3,2,2,949996
59,1,1,1,288971
177,3,2,3,886348
74,1,1,1,378227
279,5,4,4,1424023
205,4,3,4,1102756
85,2,2,1,458412
235,3,2,3,1142977
47,1,1,0,238501
280,5,4,4,1436224
292,4,4,3,1426324
218,4,3,4,1158092
94,2,2,1,498951
300,4,3,3,1440762
152,4,4,3,843031
158,2,1,2,754861
234,3,3,2,1146532
169,3,3,2,841456
234,5,5,4,1273052
84,1,1,0,406133
91,3,3,2,558654
100,1,1,0,452632
292,4,4,3,1449560
196,3,2,2,956418
190,2,1,1,873294
262,4,3,4,1286968
213,4,3,3,1104249
264,5,5,4,1359224
259,6,5,4,1365089
272,6,5,4,1438985
72,1,1,1,374834
202,4,3,4,1071707
235,5,5,4,1257960
74,2,1,1,383913
105,3,3,2,572737
166,3,3,2,827986
155,4,4,4,855560
62,1,1,1,292357
151,3,3,2,763628
259,6,5,4,1388478
171,4,4,3,921522
85,1,1,0,410839
193,4,4,4,1056017
98,2,1,1,475454
50,2,1,1,317910
84,3,2,3,511619
103,1,1,1,461934
113,3,2,3,643005
269,6,5,4,1405266
207,4,3,4,1060764
128,3,2,3,700385
228,4,4,3,1164136
123,2,1,2,613953
239,4,3,4,1198995
166,2,2,1,819443
172,3,2,2,853746
220,4,3,4,1133620
273,4,3,4,1376213
150,3,3,2,811187
120,1,1,1,538126
167,4,3,3,910711
94,2,2,1,491981
190,3,2,3,964668
216,3,2,3,1067437
180,2,1,2,826238
129,1,1,0,564289
99,2,2,2,553319
296,5,4,4,1523424
204,4,3,4,1078180
52,1,1,1,249426
98,2,2,2,543887
91,2,2,2,480103
99,2,1,2,532968
285,4,4,3,1440523
107,1,1,1,529737
47,1,1,1,233226
101,1,1,1,499972
293,6,5,4,1538105
181,3,3,2,911960
76,1,1,1,379994
96,2,2,2,541874
206,4,4,3,1066621
206,4,4,3,1090381
206,4,3,4,1102915
231,4,4,3,1163699
46,2,1,2,281219
50,1,1,0,241965
254,6,5,4,1347258
232,4,3,4,1176390
234,4,4,3,1198078
151,3,3,3,821492
49,1,1,0,263628
60,2,1,2,364833
278,5,5,4,1417798
115,2,1,2,553714
259,5,4,4,1371300
157,3,2,2,830302
122,2,1,1,616734
145,2,1,1,678007
116,3,2,2,637372
254,5,5,4,1339106
252,6,5,4,1376578
108,2,1,1,518584
131,1,1,1,590823
250,4,4,4,1289430
73,1,1,1,386309
200,4,4,4,1091339
178,3,2,2,905497
83,1,1,1,377530
67,1,1,0,309428
132,3,2,3,686553
281,4,3,4,1365494
201,4,4,4,1096004
250,5,4,4,1310905
203,3,2,3,1026320
176,4,3,4,964753
297,5,5,4,1514180
182,2,2,1,842253
126,3,3,2,708271
45,2,1,1,263944
142,2,1,2,665941
258,6,5,4,1404354
273,4,3,3,1317738
168,3,3,3,900566
98,2,1,1,519633
114,1,1,0,531826
190,3,3,3,946586
78,1,1,0,344614
139,2,2,1,713710
243,3,3,2,1176847
84,1,1,1,382654
284,6,5,4,1463216
139,3,2,2,725919
98,3,3,2,591897
125,3,3,3,704020
81,1,1,0,386132
193,3,3,3,1006876
164,2,2,2,783104
207,5,5,4,1160541
293,6,5,4,1559595
198,3,2,3,1001237
239,3,2,3,1143390
192,2,2,1,927691
200,4,4,4,1085365
265,6,5,4,1423332
50,1,1,0,255977
105,3,2,3,574495
169,4,4,4,955736
66,1,1,0,304015
165,3,2,2,819622
80,1,1,1,387355
293,6,5,4,1535901
158,2,2,2,789736
55,1,1,1,283708
52,1,1,0,233009
106,2,1,1,549919
110,2,1,2,547781
71,1,1,1,331563
164,3,3,3,864665
127,3,2,2,696594
101,3,3,3,583415
234,3,3,3,1163966
239,3,3,3,1151858
274,6,5,4,1452579
91,2,2,1,472158
252,5,5,4,1322801
278,5,4,4,1449424
295,4,3,4,1478199
163,3,3,3,870292
166,4,3,4,896392
75,1,1,0,381676
91,1,1,0,427930
169,3,2,3,876721
237,4,4,4,1205016
83,3,2,2,513686
241,4,3,4,1239064
93,2,1,1,454403
257,5,4,4,1356422
218,4,4,4,1173049
69,1,1,0,350137
199,4,4,3,1047707
283,4,3,4,1378569
226,5,5,4,1234370
197,5,4,4,1093410
86,3,2,3,545516
245,5,4,4,1272657
228,3,3,2,1120709
270,4,3,3,1317081
256,5,4,4,1314302
49,1,1,0,242460
273,6,5,4,1443133
203,5,4,4,1118466
227,5,5,4,1251564
96,2,1,2,484835
209,4,3,4,1077845
63,1,1,0,303545
281,5,5,4,1483917
121,2,1,2,591811
91,1,1,0,396707
59,1,1,0,266660
62,1,1,1,328359
68,1,1,1,332854
291,6,5,4,1499351
157,3,3,2,830494
188,4,3,4,983424
199,5,4,4,1092430
102,2,2,1,551095
200,3,3,2,1022257
167,3,2,2,840149
231,4,4,4,1176751
168,3,3,2,880900
116,1,1,0,555254
272,6,5,4,1442349
59,1,1,0,295790
68,1,1,0,328276
138,3,2,2,736762
103,1,1,0,469355
199,3,3,2,1009203
210,5,5,4,1175607
242,3,3,3,1180536
151,3,2,2,778674
217,3,2,3,1070135
136,3,3,2,750348
265,5,5,4,1367993
135,2,2,1,660653
170,4,4,3,907120
111,2,2,2,586210
180,3,2,3,888115
184,3,3,3,963450
125,1,1,0,558166
217,5,5,4,1185755
143,2,1,1,707725
90,1,1,0,434522
158,2,2,2,763650
220,5,4,4,1166251
114,1,1,1,564316
107,2,2,2,577372
278,5,4,4,1419235
82,1,1,0,409265
269,6,5,4,1441100
213,5,4,4,1140657
259,4,4,4,1339049
63,1,1,0,322987
91,1,1,1,410888
234,4,4,3,1191376
78,2,1,1,398928
225,4,3,4,1186935
277,5,5,4,1427108
200,4,3,3,1019581
143,4,3,3,782473
49,1,1,0,231023
109,1,1,1,521668
192,2,1,1,877317
226,4,4,4,1169178
246,4,3,4,1264726
113,1,1,0,519327
135,2,1,1,637195
284,6,5,4,1480207
179,3,2,3,902933
119,2,2,2,623238
202,4,3,4,1055295
243,4,4,4,1251018
173,2,1,1,779802
269,4,3,4,1323420
157,3,2,3,822345
154,2,1,2,763588
186,4,4,4,1038503
249,6,5,4,1361545
257,4,3,3,1280778
263,5,5,4,1354810
166,2,2,1,824045
117,3,2,3,663709
215,5,5,4,1152898
192,3,2,3,953393
186,3,2,3,909833
233,5,5,4,1264148
196,3,3,3,987328
183,2,2,1,850945
117,2,2,1,610915
235,5,5,4,1236900
239,4,4,3,1245148
102,2,1,2,524057
105,2,2,2,563334
60,1,1,1,330572
67,1,1,1,363073
299,5,4,4,1520362
52,1,1,0,282347
300,5,5,4,1534967
209,4,3,3,1071088
217,3,3,3,1067569
197,4,4,3,1053212
206,4,3,4,1062739
62,1,1,0,292304
116,3,2,3,637461
290,5,5,4,1504148
230,4,4,4,1169976
234,3,3,3,1150624
286,5,4,4,1481735
87,1,1,0,400943
188,3,3,3,944907
86,2,2,1,456140
146,2,2,2,752522
115,1,1,1,567512
114,3,2,2,639017
187,3,2,2,902502
292,5,5,4,1481492
275,5,4,4,1418676
202,4,3,4,1033850
79,1,1,0,397095
134,2,2,2,697671
57,1,1,0,276745
300,4,3,4,1452464
61,1,1,0,276624
97,1,1,0,429845
230,5,4,4,1232163
246,3,2,2,1164733
67,1,1,0,301288
211,4,3,4,1075773
295,5,4,4,1468634
110,3,2,2,597492
110,3,3,3,606296
173,2,1,2,801790
153,2,1,1,698853
184,3,2,3,915898
64,1,1,1,340632
102,2,2,2,546692
241,4,4,4,1247338
277,5,5,4,1413858
252,4,4,4,1285908
240,5,4,4,1263538
265,5,4,4,1379098
270,6,5,4,1423186
234,4,4,3,1195616
265,5,5,4,1380502
270,5,5,4,1400631
133,2,1,2,644009
102,3,2,2,547276
180,3,2,3,912631
136,2,1,1,634504
275,4,4,4,1376584
187,2,1,2,872786
92,2,2,1,467613
48,1,1,0,261710
288,4,4,3,1421822
268,4,3,4,1352157
284,6,5,4,1503772
230,4,4,3,1192895
206,3,2,2,986005
58,1,1,0,305248
292,6,5,4,1546922
252,5,4,4,1333902
89,3,3,2,503537
130,1,1,1,610924
153,2,1,1,720354
204,3,3,3,1044482
56,1,1,1,300259
140,2,2,1,677078
45,1,1,1,247091
113,2,1,1,535597
68,1,1,0,340135
265,4,4,3,1333284
120,1,1,1,590721
142,3,2,2,741018
292,5,5,4,1482801
144,3,2,3,753364
266,4,3,4,1314183
104,1,1,1,507244
223,4,4,3,1171732
279,4,4,4,1406164
246,4,4,3,1269300
266,5,5,4,1369488
263,5,4,4,1377352
152,4,3,3,867185
72,1,1,1,389203
187,2,1,2,854750
172,4,4,3,965440
216,4,3,4,1142495
157,2,2,1,738876
297,6,5,4,1523841
279,6,5,4,1475120
124,3,3,2,652914
149,2,1,1,703248
190,3,3,3,952261
208,4,4,4,1082989
152,3,2,3,777336
47,1,1,1,247460
223,4,3,3,1164792
164,2,2,1,762099
227,3,3,2,1125321
292,6,5,4,1529699
96,1,1,1,431741
215,3,2,2,1028463
96,1,1,0,474715
61,1,1,0,306076
247,3,2,2,1180722
186,4,3,3,976542
45,2,1,1,272816
172,3,3,3,906088
238,3,2,2,1120846
155,2,1,2,757084
76,1,1,1,347336
47,2,1,2,303822
132,2,2,1,629339
135,3,2,2,729773
203,5,4,4,1100769
68,1,1,1,327967
46,1,1,0,247244
264,6,5,4,1436778
98,2,1,1,495673
205,4,4,3,1071222
195,4,3,4,1027262
152,4,4,4,875294
180,2,1,1,834158
203,4,4,3,1057223
216,5,4,4,1188691
252,5,5,4,1351400
270,5,4,4,1366489
263,4,3,4,1328390
117,2,1,2,567888
85,1,1,0,399438
106,3,2,2,565698
105,3,2,2,570289
238,5,5,4,1246742
91,2,2,1,474836
226,5,4,4,1194241
170,2,1,2,836651
245,5,4,4,1273975
185,2,2,1,895221
160,3,3,2,802705
66,1,1,0,292747
195,4,4,4,1052053
245,4,3,4,1229329
162,3,2,2,801742
227,5,4,4,1238117
133,3,3,2,746196
204,3,3,3,1007422
267,5,5,4,1426299
122,1,1,0,569500
260,5,5,4,1342717
280,5,5,4,1456885
276,5,4,4,1441538
214,4,3,4,1104976
286,4,4,4,1421224
148,4,3,4,819377
75,1,1,1,355468
102,3,3,2,604425
254,6,5,4,1343572
119,1,1,1,537763
223,5,5,4,1201048
299,5,4,4,1514196
195,3,3,3,993230
218,5,4,4,1164256
284,5,5,4,1462270
277,6,5,4,1482910
122,2,1,2,589412
131,1,1,1,586399
123,2,2,1,643649
186,3,2,2,906800
124,3,3,3,679120
129,2,2,1,652808
169,3,3,3,889633
236,4,4,4,1208843
122,1,1,1,584589
52,1,1,0,260183
277,4,3,4,1352273
222,4,4,4,1137943
235,4,4,3,1189651
265,4,4,4,1351411
128,3,2,3,682183
54,2,2,2,329208
256,5,4,4,1323730
292,5,5,4,1496362
246,4,4,4,1253642
154,4,3,3,863973
270,4,3,4,1344034
254,6,5,4,1381469
128,2,2,1,663091
114,2,2,1,562610
56,1,1,0,274079
182,2,1,1,864953
275,4,4,4,1393870
162,3,3,2,855575
56,1,1,0,265579
59,1,1,1,327769
97,3,3,2,570678
155,3,3,2,835000
194,4,4,4,1072538
166,3,3,3,844293
154,4,3,3,825605
297,5,4,4,1505088
263,6,5,4,1401193
181,3,3,3,950709
296,5,4,4,1490123
111,1,1,0,529301
105,3,3,3,622277
132,3,2,3,725808
195,4,3,4,1048659
153,4,4,4,881488
73,1,1,0,369560
78,1,1,0,345752
48,2,1,2,307024
53,1,1,1,256966
147,4,3,3,843417
237,5,5,4,1290658
81,1,1,0,365697
182,4,3,3,984183
139,3,3,3,730794
298,5,4,4,1515651
298,6,5,4,1525534
74,1,1,1,355187
93,3,2,3,532273
91,2,1,2,508969
288,5,5,4,1479860
260,4,3,3,1310695
197,3,2,3,1001366
112,3,3,2,624168
204,5,4,4,1086007
175,3,2,3,904560
56,2,1,1,341294
122,3,3,3,694881
176,3,2,2,873659
68,1,1,1,357510
156,4,4,4,905977
45,2,2,2,326438
221,4,3,3,1111056
153,4,3,4,876841
173,3,3,3,879374
263,5,4,4,1388287
213,4,4,4,1101775
276,4,4,4,1396812
102,2,2,2,553965
52,1,1,0,255717
202,5,4,4,1103270
149,3,2,2,756625
218,4,3,4,1112149
66,1,1,1,361786
255,6,5,4,1397413
64,1,1,1,303176
249,4,3,3,1243416
229,5,4,4,1196909
159,2,1,1,763985
290,5,4,4,1490480
113,2,2,1,600644
258,5,4,4,1369790
82,2,1,2,420570
106,2,1,1,514443
106,3,2,2,580805
80,1,1,0,350392
68,1,1,1,313878
287,5,5,4,1464678
149,3,3,3,771707
233,5,5,4,1249358
181,2,2,1,842679
138,4,4,4,834414
134,1,1,1,636991
245,3,2,2,1174484
121,2,2,1,610346
285,5,4,4,1457514
149,2,2,1,742868
291,5,4,4,1489910
290,5,4,4,1477786
252,4,3,3,1277646
188,2,1,1,864242
65,2,1,1,330190
175,3,3,3,934907
261,5,4,4,1350038
294,4,4,3,1474761
94,2,1,2,509066
259,5,5,4,1372770
114,1,1,0,536314
114,2,2,2,607856
69,2,1,2,361304
282,6,5,4,1492263
166,3,2,2,842702
119,1,1,0,520501
224,4,3,4,1169752
201,3,3,2,1010308
165,3,2,3,848336
91,3,3,2,544944
226,3,3,3,1100363
277,6,5,4,1434980
156,4,3,4,898308
104,2,2,1,562365
149,4,4,4,852280
287,6,5,4,1519775
154,2,2,1,763868
151,2,1,1,699406
135,2,2,2,704067
63,1,1,1,294579
264,6,5,4,1433272
237,5,4,4,1257302
212,5,4,4,1119719
296,5,5,4,1528791
69,1,1,0,360840
229,5,4,4,1237186
254,6,5,4,1360290
257,5,5,4,1334087
111,2,2,1,575217
93,2,2,1,505117
173,3,2,2,882452
264,4,4,4,1360621
65,1,1,0,286549
298,6,5,4,1569756
115,2,2,2,572579
196,4,3,3,1050959
116,2,2,1,567344
212,5,5,4,1168996
143,4,3,4,791309
59,2,2,2,339433
282,5,5,4,1488681
91,2,2,1,492390
188,3,2,3,938294
131,2,2,1,628401
195,5,4,4,1092843
85,1,1,1,423977
281,5,4,4,1467106
171,3,2,2,838767
201,4,4,3,1064507
153,4,4,3,869920
223,5,5,4,1205016
253,4,3,4,1273073
240,3,3,2,1174742
237,4,3,4,1234986
247,4,4,3,1256094
274,5,4,4,1377966
70,1,1,1,380236
239,5,4,4,1232836
135,1,1,1,596805
78,1,1,1,401456
281,4,4,3,1403473
114,2,1,2,586403
296,4,3,3,1463495
126,3,2,3,660985
155,3,2,3,815391
65,1,1,0,337261
260,5,5,4,1391282
136,3,3,2,703308
249,4,3,3,1221457
101,2,2,1,521689
190,3,3,3,998708
125,2,1,1,590900
86,3,3,3,549945
285,5,4,4,1433384
51,1,1,1,272649
236,4,3,4,1180786
286,5,5,4,1479914
167,4,4,4,935388
102,2,2,2,554758
225,5,5,4,1200125
226,4,3,4,1153907
233,4,4,3,1221250
219,4,3,3,1122729
115,2,1,2,610254
107,2,1,2,552948
160,2,1,1,784665
220,3,2,3,1103468
88,2,2,1,473350
68,2,2,1,379958
89,2,1,2,493798
241,4,3,4,1256022
64,1,1,0,294524
134,1,1,0,630350
102,2,2,2,518416
233,4,4,3,1183930
232,5,5,4,1263441
74,1,1,1,388675
207,4,3,3,1079447
93,3,2,2,533322
166,3,3,3,870963
222,3,2,2,1090591
223,4,4,4,1180692
203,4,3,4,1092887
91,1,1,0,396278
273,4,3,3,1364568
222,5,4,4,1197460
95,1,1,1,472934
299,6,5,4,1566473
149,3,2,2,749127
61,2,2,1,385645
142,3,2,2,758077
65,1,1,1,337993
197,4,3,4,1024612
281,5,4,4,1435526
265,4,4,3,1348157
128,2,2,2,639695
127,2,2,2,625639
258,4,4,4,1309678
194,3,2,2,927892
100,2,1,1,515504
161,2,1,1,731836
215,3,2,3,1081767
175,3,3,2,880451
184,2,2,2,866887
143,3,3,3,769293
145,2,2,1,733368
280,5,5,4,1465323
259,4,3,3,1308007
133,2,1,2,675644
66,1,1,1,314195
201,3,3,3,990145
122,3,2,2,659684
78,2,2,2,433529
226,5,4,4,1199588
270,6,5,4,1440244
145,3,2,3,764676
149,3,3,2,779688
206,5,4,4,1103325
72,1,1,1,334658
246,4,4,3,1241691
80,2,1,2,419197
157,3,2,2,777849
201,4,3,4,1037010
89,2,1,2,450770
122,2,1,1,578283
195,4,3,3,1047445
269,4,3,3,1346657
167,2,1,2,783428
51,1,1,0,241938
120,2,2,2,647858
176,3,2,3,871854
146,4,4,4,818862
228,4,4,3,1147576
228,5,4,4,1234772
123,2,2,1,591048
127,2,1,1,644727
89,2,1,1,460747
138,3,2,2,741842
69,1,1,0,352215
237,4,4,4,1220409
242,3,2,3,1176564
270,5,4,4,1375644
199,5,4,4,1066362
138,3,3,3,781911
145,2,1,1,695644
128,2,2,1,633619
160,2,2,2,800073
165,4,3,3,898428
218,5,5,4,1203550
258,4,3,3,1264964
237,3,3,2,1146997
59,2,2,1,327753
157,2,2,2,748344
95,1,1,0,433656
114,1,1,0,500199
253,5,4,4,1296414
101,3,3,3,599318
87,2,1,2,438959
100,2,1,2,537740
250,4,4,3,1258311
154,4,3,3,859269
94,2,2,2,513530
285,6,5,4,1468979
67,1,1,0,295095
276,6,5,4,1484903
291,5,4,4,1488769
234,5,4,4,1246683
87,3,2,3,527030
122,1,1,0,584587
50,1,1,1,268647
212,3,2,3,1031454
157,4,4,4,912409
149,2,2,1,723400
211,5,5,4,1164799
252,5,5,4,1346321
139,3,3,3,785288
203,4,3,4,1082312
124,2,2,1,641506
174,3,2,2,847041
260,6,5,4,1368321
166,4,4,4,917677
276,5,4,4,1418731
283,5,4,4,1425586
86,2,2,2,491289
192,2,1,1,908007
59,1,1,0,272561
93,2,2,2,503039
151,3,2,2,782692
273,5,5,4,1443687
295,5,4,4,1480901
126,1,1,0,576756
151,2,2,2,773666
65,1,1,0,307408
242,4,3,4,1208539
166,2,1,2,819439
116,1,1,0,557006
141,2,1,2,669997
131,2,1,1,657208
193,4,3,4,1051609
241,4,3,4,1242245
195,5,5,4,1087637
260,4,3,3,1287132
224,4,4,3,1135962
219,5,5,4,1184503
284,6,5,4,1482080
170,3,3,2,855925
123,3,2,3,698839
168,3,2,3,839330
91,2,1,2,497320
49,1,1,1,271417
260,5,4,4,1332119
141,4,3,4,783238
276,5,4,4,1422249
128,3,3,2,698104
102,3,3,2,560954
293,5,4,4,1478280
82,2,2,2,463782
201,4,4,3,1034096
90,3,3,3,558644
272,4,3,4,1383907
289,5,5,4,1481149
155,2,2,1,765510
284,6,5,4,1511602
239,4,4,3,1212892
191,2,1,1,891309
121,3,2,3,663939
215,4,4,4,1157521
252,4,3,4,1269243
96,2,2,2,507071
235,3,2,3,1163313
220,4,4,3,1148510
122,1,1,1,541444
229,5,5,4,1265805
115,2,2,2,581077
154,2,2,2,750872
195,4,4,4,1039390
160,4,4,4,911916
51,2,2,1,318853
183,2,2,2,862514
232,5,5,4,1277847
199,3,3,2,1011799
155,3,2,3,786253
252,5,5,4,1356748
72,1,1,1,355445
258,4,4,4,1297002
76,1,1,0,377459
102,2,1,1,484663
56,1,1,1,265253
84,3,2,3,498271
202,3,2,2,974341
284,5,4,4,1449839
127,2,1,2,616110
72,1,1,1,375328
55,1,1,0,297079
148,2,1,2,720096
133,2,2,1,667569
214,4,4,4,1117395
133,2,2,1,685617
103,3,3,3,622658
46,1,1,0,239316
66,1,1,1,343252
67,1,1,1,343498
189,3,3,2,981025
139,2,1,2,662530
212,3,2,3,1023346
265,5,4,4,1362935
271,5,4,4,1376576
218,3,3,3,1068668
283,5,4,4,1442545
288,6,5,4,1490984
144,3,3,2,769991
273,4,4,3,1366224
203,5,4,4,1102080
113,1,1,1,525675
62,2,1,1,345998
279,6,5,4,1449932
100,2,2,1,531076
243,3,3,2,1175745
257,5,5,4,1343014
104,1,1,0,471193
261,5,4,4,1327938
246,4,3,3,1242590
268,5,5,4,1415310
85,1,1,1,429942
246,3,3,3,1192718
88,2,2,1,461594
290,5,5,4,1508254
182,3,3,3,914127
248,4,4,3,1285283
191,2,1,2,875567
224,5,4,4,1167859
287,5,5,4,1459098
187,3,3,2,973366
88,1,1,1,398688
250,5,5,4,1308960
198,4,4,3,1036689
51,1,1,1,281520
266,5,5,4,1396338
51,1,1,0,262846
129,2,2,2,669481
142,3,2,3,779685
129,2,2,2,670058
213,3,2,3,1066953
61,2,2,1,328104
47,2,2,2,313994
93,1,1,0,457761
100,1,1,1,492983
119,2,1,2,592128
245,4,3,3,1240717
163,4,3,4,917419
64,1,1,0,287979
52,1,1,0,274409
127,1,1,1,621387
130,2,2,2,676007
76,2,1,2,427942
193,4,4,3,1041235
235,3,2,2,1154196
112,1,1,1,544286
209,3,2,3,1006321
98,2,1,1,488673
200,5,4,4,1080993
187,3,2,3,918411
162,4,3,3,896704
202,3,2,3,976109
108,2,2,1,554622
47,1,1,1,228365
129,2,1,1,639924
251,5,5,4,1335175
280,5,5,4,1458631
93,1,1,1,427531
79,2,2,2,476508
66,1,1,0,325782
279,5,5,4,1452691
143,3,2,2,717165
285,4,4,4,1425285
191,2,1,1,911610
92,3,2,3,514113
143,3,3,2,785933
140,3,3,2,731664
275,5,5,4,1433176
266,5,5,4,1378863
292,4,4,3,1469590
189,4,3,4,1018566
296,6,5,4,1569238
75,1,1,0,352794
292,5,4,4,1478867
49,1,1,0,231263
153,2,2,1,773373
290,6,5,4,1524435
298,5,4,4,1494506
98,2,1,2,537005
93,2,1,1,472094
224,4,3,3,1132930
98,3,3,3,601192
196,5,5,4,1100385
98,2,2,1,502513
161,3,2,3,809800
295,5,5,4,1504708
170,3,3,3,867541
144,2,1,1,704649
148,4,3,4,819765
193,4,4,4,1047494
241,5,4,4,1261506
141,3,3,2,767150
52,1,1,1,305098
78,2,1,2,451754
242,4,3,4,1202604
219,3,2,3,1054939
289,5,5,4,1485306
165,3,3,2,872917
215,5,4,4,1177597
172,4,3,3,908328
160,3,3,3,821671
235,5,5,4,1286355
194,4,4,3,1018928
253,4,4,3,1280954
84,2,1,2,478074
102,2,2,1,504982
208,5,4,4,1128080
70,2,2,1,377760
94,2,1,1,504443
279,5,5,4,1472380
166,3,2,3,828412
113,2,2,2,607335
104,1,1,1,478202
150,3,2,2,769367
222,4,3,3,1157658
47,1,1,1,239989
199,3,3,3,1000609
261,4,4,3,1300640
66,1,1,0,345377
58,1,1,0,301509
280,5,5,4,1463996
240,4,4,4,1251705
236,5,5,4,1286774
176,3,2,3,901511
123,2,2,2,603091
200,4,4,4,1094162
240,5,4,4,1280727
258,5,5,4,1368962
81,2,2,2,464961
77,1,1,0,361373
239,3,3,2,1156047
270,5,5,4,1379774
155,2,1,1,721058
182,2,1,1,838233
176,3,2,2,886836
199,4,3,3,1048940
47,2,2,2,302275
224,4,4,3,1135875
73,2,2,1,387237
235,5,4,4,1252107
279,5,4,4,1457206
246,5,5,4,1305474
196,4,3,4,1014334
237,4,4,4,1209455
297,4,3,4,1479851
125,2,2,2,647892
70,2,2,2,403408
208,4,4,4,1090236
61,1,1,1,320318
263,6,5,4,1391195
72,1,1,1,344250
237,4,4,4,1210463
300,5,4,4,1520063
296,6,5,4,1563572
182,3,2,3,898725
233,4,3,4,1163808
131,3,2,3,707655
206,5,5,4,1134680
183,3,3,2,915319
134,2,1,2,661687
203,5,4,4,1107509
253,5,4,4,1304445
213,5,5,4,1149733
68,1,1,1,359985
250,6,5,4,1361250
300,4,4,4,1506017
147,2,2,2,740974
115,2,2,2,599681
241,5,4,4,1291382
54,1,1,0,290332
93,2,2,1,511751
259,5,4,4,1336045
205,4,4,3,1105558
236,4,3,4,1216432
69,1,1,0,342249
75,2,2,1,443965
263,6,5,4,1391437
277,6,5,4,1477069
67,1,1,0,301134
134,3,2,3,726731
134,1,1,1,637985
290,6,5,4,1522363
248,6,5,4,1351031
171,2,1,1,809830
116,3,2,3,647561
226,4,4,4,1210120
45,1,1,0,222370
221,3,2,3,1107028
97,3,3,2,561849
83,2,2,1,426310
107,1,1,1,490607
224,4,3,4,1158495
176,3,2,2,879233
77,1,1,0,380360
149,3,3,3,805556
184,2,2,2,889987
272,4,4,4,1374913
253,5,5,4,1337094
129,2,1,2,635113
82,2,1,2,443637
88,1,1,0,396107
293,6,5,4,1508741
196,5,5,4,1073307
279,5,5,4,1451817
294,6,5,4,1522493
244,5,4,4,1286786
224,4,3,3,1115374
128,3,3,2,671809
213,4,3,4,1118417
45,1,1,1,258931
93,2,1,2,504146
105,3,2,3,589306
88,2,2,1,453294
47,1,1,0,261843
106,2,2,1,569173
179,3,3,2,884292
254,6,5,4,1362698
295,4,3,3,1446884
97,2,2,2,528211
291,6,5,4,1505074
297,5,5,4,1520854
283,5,4,4,1463555
232,5,4,4,1207989
53,2,1,1,329515
220,5,4,4,1192650
49,1,1,1,266404
84,2,1,2,434563
67,2,2,1,406296
106,3,2,3,614632
145,3,3,3,806606
180,3,3,3,907718
155,3,2,2,815087
111,2,2,2,593675
130,3,2,3,723104
70,1,1,1,354117
106,1,1,0,472917
168,3,2,2,821901
125,3,3,3,723655
175,3,2,3,914779
264,6,5,4,1421716
200,4,3,3,1041004
268,6,5,4,1429106
172,2,1,1,829010
264,6,5,4,1388097
149,4,4,4,885290
159,3,2,3,842444
179,3,3,2,909885
170,3,3,2,870183
248,4,4,4,1298269
94,1,1,1,455901
120,2,2,2,629138
75,1,1,0,335056
220,4,4,3,1120225
217,4,4,4,1155852
111,1,1,1,498096
118,2,1,2,565050
173,2,2,1,803250
161,3,2,2,831136
216,5,4,4,1149955
175,3,3,3,916750
194,4,4,4,1016941
86,3,2,3,520601
225,4,4,4,1194397
217,5,4,4,1155880
106,2,1,2,531649
47,1,1,0,215713
129,1,1,0,602514
87,1,1,1,436192
169,4,4,3,905562
47,1,1,0,249814
145,3,2,2,731597
226,4,4,4,1163051
58,1,1,0,278571
113,2,1,1,563149
217,4,4,4,1144709
243,4,3,3,1204702
226,5,4,4,1179791
47,1,1,1,259220
148,3,2,3,804454
93,2,1,2,486058
228,4,3,3,1147341
292,4,3,3,1422856
208,3,2,2,1011067
223,3,3,2,1094974
61,1,1,1,302290
45,1,1,1,258954
284,6,5,4,1480235
207,4,4,4,1103706
88,2,1,2,467354
122,2,1,1,610349
116,2,1,2,581718
94,2,1,2,462851
264,5,4,4,1361757
98,2,1,1,516405
115,2,2,1,586944
91,2,1,1,445962
145,3,3,3,782792
197,4,3,3,1051487
193,3,3,2,974446
177,3,2,2,908750
223,3,2,3,1098162
132,3,2,2,682120
230,4,4,3,1167409
193,4,4,3,1043993
154,3,2,2,762709
174,4,3,3,956952
81,2,1,1,451947
240,4,3,3,1236362
99,1,1,1,453809
165,4,4,4,922932
281,4,3,3,1391911
68,1,1,1,333704
160,2,1,1,774450
110,1,1,1,505411
132,3,3,2,721886
235,4,3,3,1190086
237,4,4,4,1205588
109,3,3,2,588628
217,5,4,4,1172771
122,2,1,1,596861
286,6,5,4,1519881
196,4,3,4,1053261
178,4,3,4,973718
220,4,4,4,1162379
300,4,4,4,1495188
238,5,4,4,1269294
226,3,3,3,1118682
259,5,5,4,1347620
144,3,2,2,759252
81,2,2,1,456723
185,3,3,3,924472
156,3,3,2,842489
143,2,1,2,719527
210,4,4,3,1100621
191,4,3,3,1014863
221,3,3,3,1102122
203,5,4,4,1092957
283,5,5,4,1474234
65,1,1,1,318112
252,5,5,4,1331310
300,5,5,4,1539756
228,4,4,3,1196230
180,3,2,2,926410
78,1,1,1,389577
235,3,3,2,1171748
269,6,5,4,1442987
188,2,2,1,908765
136,2,2,1,685015
117,2,2,1,613036
55,1,1,0,288565
137,2,1,2,695095
222,4,3,4,1148939
283,6,5,4,1483003
70,1,1,0,366554
83,3,2,3,533343
287,6,5,4,1521766
48,1,1,1,279378
291,5,5,4,1486265
212,3,2,2,1042760
227,4,4,4,1178245
173,3,3,2,869619
134,1,1,0,593817
51,1,1,1,254642
221,5,4,4,1160181
300,4,3,4,1494435
136,3,2,2,737313
113,2,2,2,605277
192,4,4,3,1021639
89,2,1,2,462008
153,3,2,3,792412
298,5,4,4,1515019
246,3,2,3,1218775
189,3,3,3,988253
230,3,3,2,1125955
113,2,2,1,589808
164,3,2,2,821663
254,5,5,4,1336745
146,4,4,3,834762
286,5,4,4,1488091
188,3,3,2,967432
234,3,2,3,1142007
45,1,1,1,244918
241,4,4,3,1234825
283,5,5,4,1446089
208,4,3,3,1097398
254,5,4,4,1317353
141,4,3,4,789539
132,3,3,2,714147
261,5,5,4,1381212
90,2,1,1,487343
128,2,2,2,624944
169,3,2,2,859281
139,4,4,3,807052
127,1,1,1,612572
191,3,3,3,977843
155,3,2,2,771165
101,3,2,3,562477
60,1,1,0,274008
139,4,3,3,761535
52,1,1,1,295435
296,5,4,4,1494208
59,1,1,0,307306
113,2,2,2,567724
188,2,1,2,890037
149,4,4,4,830670
247,5,5,4,1302529
252,4,3,4,1293394
281,6,5,4,1491018
86,1,1,0,419462
277,5,5,4,1438401
156,4,4,4,863483
142,2,2,2,682459
178,4,4,4,958586
180,3,2,3,933950
167,2,1,2,777438
152,4,4,3,866564
73,2,1,1,381370
222,4,4,4,1152732
284,4,3,4,1432597
125,2,2,2,632033
105,1,1,0,475546
175,3,3,2,874936
297,5,4,4,1494577
278,6,5,4,1471539
140,3,2,2,711965
95,1,1,1,434814
272,5,4,4,1428513
205,4,4,4,1099710
115,1,1,1,540767
121,3,2,3,687320
57,1,1,1,283734
222,3,2,3,1100147
289,4,4,3,1416415
137,2,1,1,662960
243,4,4,3,1242444
56,1,1,0,294840
144,4,4,3,805150
63,2,2,2,393286
217,4,4,4,1119801
177,3,2,2,874504
56,1,1,1,321662
256,5,4,4,1326252
101,3,2,2,545052
151,4,4,4,859336
74,1,1,1,349717
123,2,2,2,632935
204,4,3,3,1049486
221,4,4,4,1181124
223,3,2,2,1089771
168,4,3,3,928216
286,5,4,4,1432281
138,3,3,2,743959
106,2,2,1,537278
213,3,3,3,1066466
207,4,3,4,1091969
104,2,2,1,529739
285,4,3,3,1419853
129,3,2,2,673681
262,6,5,4,1400598
153,3,2,3,803213
191,3,3,3,967554
211,4,3,3,1068001
146,3,2,3,771287
149,4,3,4,812449
133,1,1,0,583295
291,6,5,4,1532964
90,1,1,1,422608
244,3,2,2,1190021
102,2,2,1,558674
245,4,4,4,1282622
231,4,3,3,1171267
265,6,5,4,1424298
65,1,1,0,339663
45,1,1,0,246768
90,1,1,0,424813
237,4,3,4,1198436
186,3,2,2,921369
81,1,1,1,379690
204,4,4,3,1050509
300,5,5,4,1562457
86,2,2,2,479186
89,2,1,1,438702
178,3,3,2,905593
77,1,1,1,411154
141,4,3,3,793253
142,2,2,1,683021
174,3,3,2,886815
233,3,2,2,1101833
52,1,1,0,281388
296,5,5,4,1505394
136,3,3,3,724861
145,3,3,2,774877
47,1,1,1,237127
57,1,1,0,261365
231,5,4,4,1238832
131,1,1,1,604775
280,5,4,4,1430511
241,4,3,4,1223188
286,4,4,4,1416505
195,4,4,3,1029758
249,5,4,4,1322419
262,6,5,4,1386278
185,3,3,3,972488
183,2,2,2,892482
126,3,2,2,643129
145,4,3,4,830691
64,1,1,1,320687
264,6,5,4,1434173
265,5,4,4,1347733
116,2,1,1,562615
156,3,2,3,827892
241,4,4,3,1251285
194,3,2,3,963600
88,3,2,3,532926
185,3,2,2,937056
84,2,1,1,438714
255,4,3,3,1264562
133,2,1,2,670195
210,4,4,4,1137999
292,5,5,4,1528223
203,4,3,4,1050233
125,2,2,1,610712
118,2,2,2,612907
108,3,2,2,572840
248,5,5,4,1291809
196,3,3,2,1006123
196,5,5,4,1101974
202,4,4,4,1088420
281,5,4,4,1457972
135,1,1,1,653516
95,1,1,1,439209
171,2,1,1,818520
275,5,5,4,1448845
164,3,3,2,869006
108,3,2,2,580839
251,6,5,4,1376754
158,4,4,3,898003
270,6,5,4,1410670
279,5,5,4,1452048
169,3,2,2,861526
287,5,4,4,1465760
119,2,1,2,585360
171,2,1,2,831711
75,1,1,0,329030
126,1,1,1,561153
138,3,2,2,701420
49,1,1,1,274803
269,5,5,4,1420187
248,6,5,4,1369645
225,4,3,3,1168880
49,1,1,1,287606
180,4,3,4,975532
292,4,3,3,1434286
215,3,3,2,1066888
99,1,1,1,455334
289,6,5,4,1495180
179,3,3,3,909813
185,2,2,1,906377
182,3,3,2,945371
177,2,2,2,844624
248,5,4,4,1307365
131,2,1,2,648702
159,4,3,4,902919
275,6,5,4,1453669
164,3,3,3,837263
65,1,1,0,327424
201,4,4,4,1101881
285,6,5,4,1478767
220,5,5,4,1177661
300,5,5,4,1541055
115,2,2,2,583887
272,5,5,4,1389944
73,1,1,1,344814
48,2,1,2,317245
279,4,3,4,1390522
206,4,3,4,1087705
150,3,3,2,780955
228,3,3,3,1121881
143,3,3,3,748376
296,5,4,4,1514008
91,2,1,1,436472
101,1,1,0,492766
65,1,1,0,313239
144,3,3,2,777049
184,3,3,3,918860
174,2,1,1,813302
272,5,4,4,1387904
198,5,4,4,1089661
267,5,4,4,1355701
286,5,4,4,1478445
273,5,4,4,1427798
275,4,4,4,1396170
222,4,4,4,1144306
237,3,3,3,1187995
82,2,2,2,487869
221,4,3,3,1130999
195,5,5,4,1102831
271,5,5,4,1431960
92,3,2,3,564785
85,1,1,1,413164
170,2,1,1,816976
228,5,4,4,1203922
228,4,3,3,1165202
96,2,2,1,521913
294,5,5,4,1506647
295,6,5,4,1561918
198,4,3,4,1040357
245,4,4,3,1244799
63,2,1,1,351251
77,1,1,0,341093
58,1,1,0,297924
91,3,3,3,579465
201,4,4,3,1071720
160,3,2,3,831594
110,2,1,2,564103
219,4,3,3,1110699
116,2,2,1,603434
184,4,3,3,946191
291,6,5,4,1513912
148,3,3,3,816339
276,4,3,3,1371561
112,1,1,1,531674
127,2,1,2,647533
189,2,2,2,903764
131,2,1,2,645507
49,1,1,0,276479
205,4,3,4,1052097
166,4,4,4,915030
197,4,4,4,1084050
87,2,2,1,483134
239,4,4,4,1258815
146,3,2,2,741744
236,4,3,3,1210467
298,6,5,4,1560958
231,4,3,4,1170387
210,3,3,2,1051799
204,3,3,3,1046048
174,3,2,2,877187
268,4,4,4,1373622
236,3,2,2,1110809
80,1,1,1,389448
252,6,5,4,1347545
51,2,1,2,296579
144,4,3,4,788920
262,5,4,4,1351082
166,4,4,3,928283
190,2,2,1,917409
163,3,3,3,832942
100,3,3,3,578898
271,6,5,4,1449523
255,5,5,4,1331121
90,2,2,2,496034
236,5,4,4,1219558
277,5,5,4,1419481
137,2,1,2,703205
82,1,1,0,378006
53,2,2,1,322388
154,3,3,2,828578
138,2,2,2,712974
123,2,1,2,619261
98,2,2,2,548318
295,6,5,4,1528566
170,4,4,4,950126
291,5,4,4,1486350
181,4,4,4,1018441
258,4,3,4,1306314
93,2,2,2,513687
56,1,1,1,313478
89,3,3,3,518427
86,3,3,2,529108
66,1,1,0,334940
139,4,3,3,763347
76,2,2,1,410352
263,6,5,4,1424684
92,2,2,1,502407
172,3,2,3,880842
220,4,4,3,1156483
199,4,4,3,1078189
139,3,2,2,726382
74,1,1,1,360641
280,4,4,4,1431930
183,2,1,2,854103
110,3,3,2,615074
165,3,3,3,864167
282,4,3,4,1402229
242,3,2,3,1173073
239,4,3,3,1178475
178,4,3,3,964908
228,4,4,4,1182405
141,3,2,3,771773
270,6,5,4,1463181
190,3,3,3,965265
261,5,5,4,1351511
284,6,5,4,1505462
205,3,3,3,1036898
65,1,1,1,336747
188,3,3,3,974598
63,1,1,1,321291
262,4,3,4,1311697
190,2,2,2,897876
204,4,3,3,1049349
141,4,3,3,790376
171,2,2,1,792581
62,1,1,1,321836
84,2,2,1,432291
173,4,3,3,945618
297,5,5,4,1508802
68,1,1,1,329445
124,2,1,2,591187
181,2,1,1,865027
69,1,1,0,333780
283,5,5,4,1492526
274,5,4,4,1421325
256,5,5,4,1327609
72,1,1,0,319554
103,2,1,2,503264
275,4,4,3,1370157
248,5,4,4,1289177
141,3,3,3,760101
167,3,3,3,880753
274,6,5,4,1479483
165,4,4,4,906266
278,5,4,4,1412992
204,3,3,3,1014371
262,6,5,4,1384788
256,5,4,4,1311485
293,5,5,4,1479557
270,4,3,4,1349749
234,5,5,4,1273636
285,6,5,4,1517961
79,1,1,1,409327
229,4,3,3,1173358
184,3,2,3,941850
273,5,4,4,1395440
270,5,5,4,1384711
274,4,4,4,1404654
145,4,4,4,868749
53,2,2,2,346276
109,3,2,2,603814
132,2,1,1,608621
224,4,3,3,1134564
272,4,4,3,1346736
118,2,1,2,566732
268,6,5,4,1446619
252,5,4,4,1302694
241,4,4,4,1240878
148,2,1,1,687424
98,2,2,2,532415
279,4,4,4,1399183
272,6,5,4,1419608
149,2,1,2,727249
230,4,3,4,1167342
156,4,3,3,837614
228,4,4,3,1163388
74,1,1,0,350152
139,3,3,2,764439
81,2,2,2,457465
121,3,2,3,636013
231,3,2,2,1125419
147,3,2,3,780242
165,3,2,3,851879
76,1,1,1,359879
88,1,1,1,413535
146,2,2,2,751473
222,4,4,3,1171775
207,3,2,2,1039285
152,2,1,2,712636
216,5,4,4,1142374
137,2,2,1,699915
125,2,2,1,605962
133,2,2,1,652440
211,3,3,2,1037312
126,2,2,2,655643
270,4,3,4,1359517
60,1,1,0,299231
261,6,5,4,1413691
164,3,3,3,842330
296,4,3,3,1430593
125,2,1,1,610626
190,4,3,3,994788
204,4,3,3,1067656
287,5,4,4,1434586
61,2,1,1,365639
160,2,2,1,743865
188,2,2,1,874810
102,2,2,2,546967
148,2,1,1,701206
193,5,4,4,1058138
227,4,3,4,1194581
283,5,5,4,1438685
194,4,3,3,1031404
264,5,4,4,1348282
254,4,4,4,1286407
159,3,3,2,839199
111,3,2,2,619441
259,5,4,4,1355824
258,5,5,4,1365526
244,4,4,3,1270393
234,4,4,3,1215859
130,3,3,3,747196
64,2,2,2,381856
68,2,2,2,394862
129,2,2,2,665559
217,3,3,3,1074864
130,2,1,1,630478
167,3,3,3,850264
48,1,1,1,284434
117,3,2,3,656525
64,2,1,1,327678
281,5,5,4,1435169
45,1,1,1,236157
243,3,2,2,1158407
229,5,5,4,1254298
90,2,1,2,462009
155,2,2,2,767784
215,3,3,3,1074621
183,3,2,3,927184
138,2,2,1,710585
140,3,3,2,754129
68,1,1,1,343615
203,5,5,4,1099270
192,3,2,2,964018
230,4,4,4,1207357
264,4,3,4,1350120
198,4,4,3,1053368
267,4,4,4,1324551
296,6,5,4,1551228
234,3,2,2,1112764
154,3,2,2,785608
225,4,4,3,1189444
209,5,4,4,1153504
274,6,5,4,1423966
99,2,1,2,512552
219,4,3,3,1089409
148,2,2,2,717835
84,2,1,1,440630
106,3,3,2,591183
112,2,1,1,563061
185,3,2,3,903605
262,5,5,4,1360721
201,4,3,4,1057642
179,2,2,1,844652
273,4,3,4,1344073
165,3,2,2,843988
223,3,2,2,1093153
213,4,4,4,1099362
272,5,5,4,1404653
75,1,1,0,345593
155,3,3,2,835060
77,1,1,0,348360
81,1,1,1,369205
140,3,3,2,758652
95,2,1,2,481260
228,4,4,4,1192615
184,2,2,2,912123
278,5,5,4,1435142
221,5,5,4,1198486
290,4,4,3,1424879
181,4,4,4,977600
147,2,1,2,743240
221,5,5,4,1177285
195,4,3,4,1057433
71,2,2,2,441451
95,2,1,2,521703
156,4,3,4,844749
110,2,2,1,535469
271,5,4,4,1394121
215,5,4,4,1149983
107,2,1,2,537582
211,3,2,2,1042233
215,4,3,3,1128450
235,5,4,4,1234954
89,3,3,3,569520
273,5,5,4,1404469
281,6,5,4,1498916
56,2,2,2,369473
203,4,3,4,1084568
106,2,2,1,575327
51,1,1,1,250261
266,6,5,4,1421391
228,5,4,4,1196336
160,3,3,2,824303
90,2,2,1,454459
281,5,5,4,1438594
266,5,4,4,1365233
182,2,2,1,869643
102,3,3,3,617744
287,5,5,4,1470999
97,3,2,3,590643
116,2,1,2,608678
195,5,4,4,1095828
239,4,4,3,1232525
279,5,5,4,1458386
79,1,1,1,371480
163,2,2,1,809200
86,2,1,1,447329
131,3,2,3,696692
163,3,3,3,887994
299,4,3,3,1429185
117,2,2,2,633003
204,3,3,2,1028923
239,5,5,4,1286055
204,4,3,4,1058797
90,2,1,2,491033
226,4,3,3,1151614
286,5,4,4,1459922
250,5,5,4,1299705
270,4,3,4,1320857
144,3,2,3,758851
124,2,2,1,616766
235,5,5,4,1265283
264,4,4,4,1315155
49,2,1,1,288976
213,5,4,4,1160926
120,2,1,1,604934
171,2,1,2,842193
259,6,5,4,1390383
144,4,3,3,817398
200,4,4,4,1049709
233,5,4,4,1261267
112,2,1,1,542083
229,4,3,3,1169037
57,1,1,1,281408
260,4,4,4,1308578
49,1,1,1,266871
214,4,4,4,1134648
157,3,2,3,841351
254,6,5,4,1355565
267,5,4,4,1363445
131,3,3,2,715134
238,5,4,4,1250021
126,3,2,3,684162
256,6,5,4,1370756
131,1,1,1,605100
239,3,3,3,1205387
240,5,5,4,1256206
70,1,1,1,378815
122,3,2,3,667804
294,6,5,4,1547098
119,3,2,2,646464
79,1,1,0,376781
248,5,4,4,1294534
209,5,4,4,1116035
262,5,5,4,1402611
99,2,1,1,511980
164,4,3,3,902051
297,6,5,4,1576926
243,3,2,2,1155163
288,5,4,4,1437653
291,4,3,4,1430157
49,2,2,1,295418
247,4,4,4,1263484
207,4,4,4,1099984
247,4,3,4,1278580
228,5,4,4,1225059
71,2,2,2,425880
84,3,3,2,516042
83,1,1,0,413093
51,1,1,0,271289
197,4,4,3,1024249
125,1,1,1,608787
90,2,1,2,472971
93,3,3,3,593918
141,2,1,2,708531
185,3,3,2,912971
297,6,5,4,1530142
163,3,3,2,842524
236,3,3,2,1126432
175,3,3,3,913165
77,2,2,2,432318
120,1,1,0,519423
274,6,5,4,1429605
82,2,1,1,441345
71,1,1,1,372281
221,5,5,4,1177329
57,1,1,0,301998
246,3,2,2,1181785
254,5,5,4,1315078
176,3,2,3,888132
275,4,4,3,1400999
236,3,3,3,1146702
69,1,1,1,351492
91,2,1,2,454449
54,1,1,1,264108
230,5,5,4,1250117
63,2,1,1,354965
180,3,2,3,916776
290,5,5,4,1483644
278,4,4,4,1399414
220,4,4,4,1139102
191,3,2,3,939958
50,1,1,0,265074
112,2,2,1,592167
259,5,4,4,1344635
140,4,4,4,841051
185,2,1,1,834728
113,2,2,2,601124
129,1,1,0,610575
79,1,1,1,415828
55,1,1,0,276478
297,5,4,4,1497917
123,2,2,2,621497
76,2,2,2,462720
284,6,5,4,1476724
120,2,2,1,612896
211,3,2,2,1003687
232,5,4,4,1218947
87,2,1,1,476543
171,4,4,4,940896
131,2,2,2,647470
253,5,4,4,1345939
276,4,4,4,1406761
163,4,3,3,909072
289,5,5,4,1507572
108,3,2,2,608727
83,2,2,2,491776
204,5,5,4,1157114
117,2,2,1,587212
70,1,1,0,347932
114,2,1,1,566398
65,1,1,0,296185
220,4,4,3,1127335
202,4,4,3,1045004
178,3,3,3,926953
299,5,5,4,1527724
206,4,3,4,1094320
113,2,1,1,547238
196,4,4,3,1028241
259,5,5,4,1343140
65,1,1,0,309136
172,3,2,3,867689
169,4,3,4,935713
132,2,2,2,675285
142,3,2,2,726785
224,5,5,4,1241837
246,5,5,4,1289530
190,3,2,2,916024
192,3,2,2,938212
183,2,1,2,847356
98,3,3,3,575073
84,2,1,2,447116
115,3,2,3,625474
214,4,4,4,1151201
232,4,4,3,1171818
168,3,3,3,898675
139,2,1,2,662183
298,5,5,4,1521171
159,3,2,3,831206
242,4,3,4,1219609
97,1,1,0,427520
171,3,2,2,855445
287,5,5,4,1510104
298,6,5,4,1524529
134,1,1,1,641811
201,4,3,3,1055272
181,4,4,4,1016313
150,4,4,3,825220
294,4,4,3,1470516
55,1,1,1,281068
96,2,2,2,499007
156,2,2,2,785477
100,2,1,2,514541
268,5,5,4,1373037
250,5,4,4,1293822
231,5,4,4,1205259
99,2,1,2,537750
181,3,3,3,911748
81,1,1,0,366821
174,4,4,3,933084
48,1,1,0,270210
96,3,2,3,535091
73,1,1,0,372399
83,2,2,2,474355
123,1,1,0,575828
119,3,2,3,681416
86,2,2,1,457100
286,4,4,3,1412106
164,3,2,2,801732
285,5,5,4,1475696
145,2,1,2,686840
88,2,1,2,487113
198,3,3,3,991347
256,5,4,4,1342868
48,1,1,0,250708
260,4,3,3,1287489
244,5,5,4,1328365
73,1,1,0,336118
212,4,4,3,1111319
89,1,1,1,411851
230,5,5,4,1217190
170,4,4,3,933088
210,4,4,3,1087513
162,2,1,1,783643
191,3,2,3,946061
250,6,5,4,1346824
288,5,5,4,1504296
273,6,5,4,1449662
287,4,4,4,1421381
49,1,1,1,236004
109,1,1,1,528613
64,2,2,2,393927
264,5,4,4,1377664
103,3,2,2,601856
222,3,3,2,1113151
234,5,4,4,1266837
53,1,1,0,255212
278,4,3,3,1360809
103,2,2,2,532849
66,1,1,1,342464
76,1,1,0,349032
96,1,1,1,471119
132,2,2,1,646352
198,3,3,2,1009738
148,3,3,2,806453
134,3,2,2,707102
135,3,2,2,713129
233,5,5,4,1251089
233,4,4,3,1169503
111,3,2,3,641518
217,3,2,2,1064466
174,2,2,2,852945
203,3,3,3,1054833
104,1,1,0,490504
148,2,2,1,741375
160,2,2,1,783865
292,6,5,4,1516054
140,3,2,3,725429
72,1,1,1,386841
231,5,5,4,1254524
297,5,4,4,1495610
99,3,2,3,565656
99,2,2,2,561432
167,3,3,2,831275
123,1,1,1,602071
122,1,1,1,567988
156,3,2,2,799858
74,1,1,0,344998
163,3,2,2,824591
165,4,3,4,912662
201,4,4,4,1082271
241,4,4,4,1231969
144,3,2,2,742987
188,4,4,3,980318
216,4,4,3,1148651
295,5,4,4,1503852
64,1,1,1,299979
198,4,3,3,1024588
288,4,4,4,1419960
79,1,1,0,395040
238,4,3,3,1212530
100,3,2,3,564331
87,3,3,2,537865
171,3,3,3,877849
81,1,1,0,400344
106,2,1,2,515660
283,5,5,4,1456252
87,3,3,2,528419
218,4,4,4,1164069
116,3,3,3,686946
67,1,1,1,343011
66,1,1,0,300846
208,4,4,4,1115523
290,5,5,4,1502380
272,4,4,3,1341121
65,1,1,1,352383
216,3,2,2,1065046
296,4,3,4,1429187
119,2,1,2,605369
292,5,4,4,1489972
267,6,5,4,1429049
85,3,3,2,491810
231,4,3,3,1143817
97,2,1,2,516626
139,4,4,3,791431
82,2,2,1,419946
96,3,3,3,556924
100,2,2,1,544443
71,2,2,1,427936
272,6,5,4,1432773
64,1,1,0,283820
152,3,2,3,815826
234,5,4,4,1243500
208,5,4,4,1108146
217,5,5,4,1159731
201,5,4,4,1121056
277,5,4,4,1399011
100,3,2,2,560882
286,6,5,4,1503356
87,3,3,2,496543
59,2,1,2,348408
188,3,3,3,991021
89,3,2,2,488807
148,4,4,3,861927
170,2,1,2,818371
174,3,2,2,856925
77,1,1,1,409045
191,3,2,3,946055
155,3,2,3,823097
104,2,1,2,506049
104,1,1,0,479432
201,4,3,3,1053273
136,3,3,2,729663
245,4,3,4,1214909
197,4,4,3,1034435
226,4,3,4,1145510
48,1,1,0,241315
141,4,4,4,815213
220,3,3,3,1120519
238,3,3,2,1183175
141,3,3,3,737838
252,4,3,4,1256328
139,3,3,3,762956
249,6,5,4,1320576
48,2,1,2,300082
276,5,5,4,1445389
177,2,1,2,814816
169,3,3,3,909471
153,2,2,1,720447
74,1,1,0,367889
244,4,4,3,1248592
274,5,4,4,1382542
274,5,4,4,1380416
175,4,4,4,972805
184,4,4,4,984234
270,4,3,3,1311885
189,2,1,1,900217
138,4,4,3,795800
165,3,3,3,840329
172,4,4,3,925216
169,3,3,3,894758
139,2,2,2,716207
212,3,2,2,1014225
200,4,3,4,1048265
102,2,1,1,513971
260,5,5,4,1381754
224,3,3,2,1083809
292,4,4,4,1452650
96,2,1,1,513781
176,3,3,3,888029
83,2,2,2,458071
297,6,5,4,1528236
277,5,4,4,1395445
103,1,1,1,515984
59,1,1,1,312431
162,2,1,1,734164
269,4,3,4,1372262
297,4,4,4,1471454
253,5,5,4,1348999
167,4,3,3,874384
63,1,1,1,306683
162,4,3,4,867766
124,2,1,2,639938
184,3,2,3,935075
138,4,4,3,821749
74,1,1,0,369952
163,3,3,3,834537
122,1,1,0,528525
172,3,2,2,852146
266,5,4,4,1401197
173,3,3,2,908893
62,1,1,1,341477
131,2,1,2,663487
179,4,3,3,971033
158,3,3,3,866057
65,2,2,1,392105
54,1,1,0,262183
115,2,2,1,590795
196,5,5,4,1069362
63,1,1,1,340887
298,6,5,4,1557325
106,1,1,1,513782
70,1,1,0,355667
268,6,5,4,1437839
247,5,5,4,1285654
273,5,5,4,1422108
226,5,4,4,1228204
136,1,1,0,635926
159,3,3,2,826232
125,3,3,3,717209
115,2,1,1,557450
183,3,3,2,938154
251,5,4,4,1308147
97,3,3,3,564310
145,2,1,2,683034
205,4,4,4,1093036
176,3,3,2,926606
250,6,5,4,1357505
191,3,3,3,988778
172,2,1,1,796778
208,3,3,3,1021466
148,3,3,3,810280
128,3,3,2,701505
225,4,4,3,1151597
232,5,4,4,1238191
96,3,2,3,569882
259,4,4,3,1299980
274,4,4,4,1382827
81,2,2,2,473918
157,2,2,1,740617
180,4,4,4,960646
211,3,2,2,1023172
217,3,3,3,1114178
116,1,1,1,557593
102,1,1,0,466150
122,3,2,3,654669
211,5,4,4,1155447
153,4,3,4,853692
248,5,5,4,1325064
72,1,1,1,333622
287,5,4,4,1463675
260,5,4,4,1321135
247,5,5,4,1299707
282,5,4,4,1463120
80,1,1,0,372211
288,4,3,3,1421278
134,3,3,3,716672
58,1,1,1,302306
200,3,2,3,1009520
150,2,2,1,719255
183,3,2,3,952494
142,2,1,2,711762
210,5,5,4,1178342
72,1,1,1,361439
174,3,3,2,869484
83,2,2,2,493800
119,2,2,1,574154
292,5,4,4,1455467
292,5,5,4,1522875
259,6,5,4,1400413
46,1,1,1,259932
157,4,4,4,913564
124,3,2,3,670931
142,2,2,2,734355
223,3,3,2,1085121
183,3,3,3,960218
101,1,1,1,458040
253,5,4,4,1301621
188,3,2,2,945752
138,2,1,2,657226
227,5,5,4,1210286
254,5,5,4,1331164
159,2,2,1,785688
116,2,1,1,546481
295,6,5,4,1565032
198,4,3,4,1032918
84,2,2,2,467177
72,1,1,1,389841
249,5,4,4,1286684
281,6,5,4,1470334
155,3,2,3,830220
196,5,4,4,1085308
215,4,3,3,1131327
71,1,1,0,314797
280,6,5,4,1501253
295,6,5,4,1533514
143,3,2,3,754119
231,5,4,4,1235732
201,5,4,4,1081023
178,3,2,3,919540
163,3,3,3,876461
137,3,3,2,735441
138,4,3,4,779414
150,3,2,3,795787
289,5,4,4,1477562
162,4,4,4,919105
103,2,2,2,544692
251,5,4,4,1315253
280,5,4,4,1443104
251,6,5,4,1327273
128,2,2,1,649293
269,6,5,4,1418363
267,6,5,4,1421985
281,5,5,4,1482099
213,4,4,3,1134221
144,3,3,2,747424
247,4,4,4,1257903
204,4,4,3,1078633
291,4,3,4,1440418
108,2,1,1,553376
207,4,3,3,1077852
128,2,2,2,678177
222,3,3,2,1082321
246,4,3,3,1205434
63,1,1,0,279262
276,5,4,4,1414611
69,1,1,0,317443
82,1,1,1,416156
117,2,2,2,594101
240,4,3,4,1243329
243,4,3,4,1229875
169,4,3,3,912272
249,5,5,4,1337894
231,4,4,4,1172995
257,4,4,3,1290393
204,3,3,2,996847
294,4,3,3,1435961
263,5,4,4,1364485
285,5,4,4,1444993
65,1,1,0,310280
113,2,2,1,590195
210,4,3,3,1053262
91,2,2,2,507942
168,2,1,1,806946
94,1,1,1,472122
72,1,1,0,371531
158,3,3,3,855056
300,6,5,4,1580096
248,4,3,4,1279849
88,2,2,1,456158
137,1,1,0,634218
188,2,1,2,911627
46,1,1,1,260855
103,3,3,2,612686
275,5,5,4,1441261
177,4,3,3,966139
283,5,4,4,1439407
232,3,3,3,1160414
203,4,3,3,1039932
182,4,4,3,985673
220,4,3,4,1118839
140,3,2,2,750470
50,1,1,1,272870
194,4,3,3,996098
289,4,4,4,1424624
124,2,2,1,610124
249,5,4,4,1303208
189,3,2,2,926236
49,2,2,2,326492
206,4,4,4,1078161
184,3,3,3,944171
180,2,1,2,861555
262,5,5,4,1352852
254,5,5,4,1358942
165,4,3,3,912458
193,3,3,3,958916
67,1,1,1,341353
213,5,5,4,1182123
123,2,2,2,627417
240,4,4,3,1253272
88,1,1,0,432820
129,2,2,1,637284
141,4,4,3,781614
276,4,3,3,1379349
108,3,3,2,640829
170,3,2,2,831466
262,5,5,4,1362132
84,3,2,3,514770
52,1,1,1,298344
93,2,2,1,468960
63,1,1,0,295108
196,3,2,2,984208
169,4,3,3,938576
153,2,1,2,766539
94,3,2,3,568988
264,4,3,4,1339616
241,4,3,3,1207539
150,2,2,1,718142
157,3,2,3,832396
186,3,3,2,934759
168,3,2,2,867710
135,2,1,2,655530
139,4,3,4,794728
233,4,3,3,1205320
95,2,1,2,482658
270,6,5,4,1454424
87,2,1,1,451688
228,4,3,3,1147006
147,3,2,2,753824
133,2,1,2,628562
182,4,3,4,980474
145,3,3,3,799056
147,3,3,3,770975
266,6,5,4,1447146
218,3,2,3,1070583
171,4,4,4,921113
264,5,5,4,1404956
279,6,5,4,1462680
275,5,5,4,1454655
224,4,4,4,1201961
61,2,1,2,357658
175,2,1,2,808766
195,5,5,4,1089789
196,4,4,3,1044035
77,1,1,0,383070
92,3,3,3,551617
60,1,1,0,305110
147,3,3,3,773958
278,6,5,4,1487059
293,4,3,4,1474345
128,2,1,1,607866
111,1,1,0,538769
214,4,4,3,1103742
178,3,3,2,931908
279,5,4,4,1454515
108,2,2,2,598080
248,6,5,4,1318022
108,2,1,2,537324
67,1,1,1,323607
154,3,3,3,822008
287,6,5,4,1482069
131,3,3,3,701597
176,3,3,2,868679
75,2,1,1,422386
184,2,1,1,852865
253,5,4,4,1314881
263,4,3,3,1323200
65,1,1,1,318887
232,3,2,3,1129673
279,5,4,4,1405736
85,1,1,0,370186
163,2,2,2,785268
292,4,4,3,1424908
187,3,3,3,937015
232,3,2,2,1096028
113,3,3,3,621402
58,1,1,0,309995
226,5,5,4,1212615
211,5,5,4,1138971
177,3,3,2,883890
51,1,1,1,288827
108,2,1,2,536111
245,4,4,4,1278253
243,5,5,4,1316427
162,2,1,2,781988
94,1,1,1,444587
268,4,4,3,1323384
56,1,1,0,265774
146,3,3,3,785058
112,2,2,1,556053
131,1,1,1,580505
289,6,5,4,1497120
160,3,3,3,844991
254,5,4,4,1313306
300,6,5,4,1582511
181,3,2,2,887324
258,6,5,4,1381590
136,3,3,2,741717
148,4,4,3,829125
91,3,2,3,531932
291,5,4,4,1485515
143,4,3,3,803726
101,2,1,1,521707
72,1,1,0,360438
190,2,1,2,877782
292,5,5,4,1509338
221,4,3,4,1120490
158,3,3,3,824510
214,4,3,3,1095522
58,2,2,1,343824
156,2,1,2,724878
85,2,2,1,477843
142,4,3,3,792909
49,1,1,0,241718
272,5,5,4,1410799
226,4,3,3,1161280
152,2,1,2,721238
231,4,3,3,1145329
161,3,3,3,831735
250,5,4,4,1331985
212,3,3,3,1087281
240,3,2,2,1124139
252,5,4,4,1285475
69,1,1,0,343083
156,4,3,4,851890
142,2,1,2,691872
245,3,3,2,1160820
241,4,3,4,1246582
63,1,1,0,333217
194,4,3,4,1053000
103,1,1,0,455519
145,2,1,2,682908
232,4,4,4,1201037
227,4,3,4,1153684
124,2,1,2,645265
181,4,4,4,993127
244,4,4,3,1250751
260,4,4,4,1304933
137,1,1,0,599062
263,5,5,4,1385189
228,4,3,4,1195575
160,2,2,2,766576
71,1,1,1,331965
55,2,1,1,310649
209,3,3,2,1058118
257,6,5,4,1370800
61,1,1,1,327312
122,3,3,3,694939
161,3,3,2,843163
267,5,4,4,1396688
106,2,2,1,552572
192,4,4,4,1062586
167,3,3,2,855668
219,4,4,4,1150040
77,1,1,0,383515
290,6,5,4,1536626
258,5,4,4,1356982
285,4,4,3,1443426
191,2,1,1,883816
284,6,5,4,1506015
185,2,2,2,865901
129,1,1,1,583323
123,2,2,2,660548
76,1,1,0,365804
52,1,1,1,273908
214,3,2,2,1028981
57,1,1,1,268069
160,2,2,2,806897
139,3,3,2,762545
286,6,5,4,1512646
258,4,4,3,1317442
248,5,5,4,1315497
173,4,3,3,939184
88,1,1,0,423557
72,1,1,0,338655
299,5,4,4,1508665
55,1,1,1,272269
54,1,1,1,257399
168,3,3,2,882172
231,4,3,3,1198846
276,6,5,4,1430507
143,3,3,3,784638
109,2,1,1,531564
92,2,2,2,479648
137,3,3,2,706084
148,4,4,4,864459
248,4,4,4,1271426
186,3,2,3,936667
144,4,4,3,801544
289,6,5,4,1494517
93,2,1,2,488628
176,3,3,3,942324
105,1,1,1,475868
292,5,5,4,1490502
136,2,1,1,643110
145,2,2,1,724174
270,4,4,3,1362707
67,1,1,0,336585
156,3,2,3,783863
251,4,3,3,1238325
257,5,4,4,1316846
176,2,1,2,840782
116,3,2,2,642734
155,3,3,2,839483
94,1,1,0,416201
221,3,3,2,1071043
178,3,2,3,885600
101,1,1,1,487698
100,1,1,0,435852
161,2,2,1,798395
276,4,3,4,1359956
80,1,1,0,395401
198,4,3,4,1074364
226,4,4,3,1157995
230,4,4,4,1185387
206,4,4,4,1092858
231,3,3,2,1148846
150,2,1,2,705068
95,3,2,3,542961
157,3,3,3,817819
78,1,1,0,343920
126,3,2,2,682166
162,3,2,3,811824
169,2,1,1,765592
273,4,4,4,1377806
151,3,2,2,793531
95,3,3,3,547636
91,3,2,3,518475
168,2,2,2,818181
268,5,4,4,1386115
141,3,3,2,739255
92,3,3,3,534475
170,4,3,3,922318
86,2,1,2,473395
106,2,2,1,555630
84,1,1,1,433040
253,5,4,4,1331100
112,3,3,2,612539
188,3,2,3,918407
242,4,3,4,1248482
119,2,2,1,571735
145,3,2,3,782355
97,2,2,2,523127
215,3,3,2,1039523
128,1,1,0,557020
79,2,1,2,432219
52,1,1,1,262862
106,2,2,1,556353
153,4,3,3,842685
253,4,4,3,1250295
102,2,1,1,487657
68,1,1,1,340589
287,5,5,4,1505692
75,2,2,1,421206
203,3,3,2,1024001
95,1,1,0,426272
185,2,1,2,871123
172,3,2,2,872637
151,3,3,2,789554
83,3,3,3,534526
148,3,3,3,808206
182,3,2,2,931653
116,2,1,2,611740
236,3,3,3,1194475
282,4,4,4,1432223
200,3,2,2,1001355
186,2,1,1,866170
70,1,1,0,332939
116,1,1,0,504628
218,5,5,4,1166320
225,5,5,4,1212934
212,3,2,3,1033280
167,2,1,2,821897
189,3,2,3,948629
128,2,1,2,648556
296,4,3,4,1467309
132,3,2,2,716843
128,3,3,3,739273
120,1,1,1,569230
61,1,1,0,323738
267,5,4,4,1365286
184,4,4,4,1034112
278,4,4,4,1394882
68,2,2,1,357755
91,2,1,1,444597
198,4,3,3,1002988
52,1,1,0,245404
204,4,4,4,1118786
191,4,3,3,1008045
108,3,2,2,589742
214,4,4,4,1146546
289,4,4,4,1449398
235,5,5,4,1254086
128,2,2,1,666954
158,3,3,3,841550
66,1,1,1,362879
143,3,3,3,782741
286,6,5,4,1481071
218,5,4,4,1162442
256,6,5,4,1386700
63,1,1,0,309473
137,2,1,1,672114
82,1,1,0,373486
248,4,4,3,1270788
294,6,5,4,1507933
244,3,2,2,1186754
241,4,3,3,1230696
138,2,2,1,663109
161,2,2,1,766262
297,5,4,4,1481668
123,2,2,2,613289
146,3,2,3,771471
208,5,5,4,1142846
127,2,2,2,630639
159,4,4,3,856811
178,3,2,3,895210
151,2,1,2,708869
187,4,4,4,1032515
102,2,2,1,515359
232,4,3,3,1171181
246,4,3,3,1213421
45,2,2,2,333294
137,1,1,0,608882
265,5,5,4,1371813
197,5,5,4,1072881
70,2,1,1,367486
283,5,5,4,1487498
119,2,2,1,592110
247,4,4,3,1262059
106,1,1,0,458360
264,5,5,4,1395070
269,5,4,4,1382122
215,4,3,3,1125976
99,2,1,1,527119
227,4,3,3,1165585
56,1,1,1,314929
255,5,4,4,1317408
164,2,2,2,797059
278,5,4,4,1448269
194,4,4,3,1019433
157,2,2,1,752131
267,4,3,4,1310309
80,1,1,0,372103
215,4,3,3,1123629
58,1,1,0,278870
208,4,4,3,1103185
60,1,1,1,298711
53,1,1,0,255454
208,5,5,4,1133137
213,3,3,3,1056279
264,4,4,4,1368916
58,1,1,0,273416
267,5,4,4,1380296
123,2,2,2,612178
80,1,1,0,395495
164,2,2,2,816096
217,4,4,4,1146576
178,2,1,1,856535
283,5,5,4,1492909
205,5,4,4,1098069
144,3,2,3,755508
291,5,5,4,1498135
155,2,2,2,745177
283,4,4,4,1430851
240,4,3,3,1207528
248,5,4,4,1327271
117,1,1,1,521531
157,4,4,3,874860
287,5,5,4,1467543
88,1,1,1,440815
130,3,2,2,699296
239,4,3,3,1212587
74,1,1,1,340792
270,6,5,4,1438833
251,5,5,4,1355077
222,4,3,4,1147976
183,3,3,2,906896
85,3,2,2,469171
257,5,5,4,1335473
159,3,3,2,814168
89,2,1,1,440544
260,6,5,4,1404098
270,4,4,4,1369775
225,3,3,2,1090007
173,3,3,3,894260
238,3,3,2,1146903
185,3,2,2,933474
66,1,1,0,344070
208,3,2,2,1033634
245,5,4,4,1295281
242,3,2,3,1189706
45,2,1,2,294563
63,1,1,0,325870
240,4,3,3,1229173
215,3,3,3,1074848
151,4,4,3,879447
167,2,2,1,806505
211,4,3,4,1073004
106,2,1,2,525797
89,2,2,1,450532
112,2,2,1,567973
210,5,4,4,1153037
178,3,3,2,880284
108,2,1,2,540979
70,1,1,0,366135
217,3,3,3,1056401
207,4,3,4,1070120
108,1,1,0,495876
121,1,1,0,544521
273,5,5,4,1433604
187,3,2,3,924385
179,3,3,2,891485
166,3,2,3,824690
137,3,3,2,754291
264,4,3,3,1332192
165,2,2,2,819605
51,2,1,2,323452
118,2,1,2,600976
194,4,3,3,991541
248,5,5,4,1327576
188,4,3,4,1020683
200,5,5,4,1109470
72,1,1,0,347460
169,3,2,2,842449
156,3,3,2,822384
78,1,1,0,394664
58,1,1,1,279082
275,4,3,3,1335612
64,1,1,0,337164
113,3,2,2,591317
100,2,1,2,520001
149,3,3,3,774435
195,4,4,4,1057016
138,2,1,2,687532
71,1,1,0,346861
298,5,4,4,1533677
238,5,4,4,1271109
206,4,4,4,1116406
227,4,3,4,1170037
111,2,2,2,554597
212,5,4,4,1142669
47,1,1,1,271062
117,1,1,0,562642
175,4,3,4,923953
119,2,2,1,587499
179,3,2,2,862993
230,4,4,4,1216824
113,3,3,2,655503
230,5,5,4,1258409
155,3,2,3,787996
154,3,3,3,833025
296,5,5,4,1505091
142,2,2,2,736540
189,3,2,2,924074
215,3,3,3,1086627
177,4,4,4,965590
95,2,1,2,507478
213,4,3,3,1092168
242,4,4,3,1255454
285,4,4,4,1415929
176,3,3,3,920831
258,5,5,4,1362485
191,4,3,3,1020848
146,3,3,2,788724
141,2,1,1,660582
57,1,1,0,254117
231,5,4,4,1250337
60,1,1,1,321589
117,1,1,1,536345
114,1,1,1,550224
263,5,5,4,1377729
164,4,4,3,906513
244,3,3,3,1177557
76,1,1,0,374838
221,4,3,3,1133634
185,2,2,2,899921
274,5,5,4,1397664
103,1,1,1,494720
103,2,1,1,544463
47,1,1,1,269859
88,2,2,1,453049
249,4,3,4,1259939
293,5,5,4,1489264
81,1,1,1,415191
93,1,1,0,413195
284,5,4,4,1467740
224,5,4,4,1218689
248,6,5,4,1354443
300,5,4,4,1540036
182,3,2,2,877846
249,4,4,4,1307611
140,3,3,3,788408
226,4,3,3,1174821
223,5,5,4,1186931
206,3,2,3,1033367
213,4,3,3,1091229
293,5,5,4,1493598
239,4,4,3,1209965
102,1,1,0,491553
250,4,3,3,1230522
213,4,4,3,1105179
70,1,1,1,341301
113,3,2,2,603471
297,4,4,3,1467688
67,1,1,1,347896
231,4,4,3,1212577
166,2,2,2,810888
252,4,4,4,1311297
122,2,2,1,597714
127,2,1,2,602167
138,3,2,2,727181
179,4,3,3,972836
216,4,4,4,1163938
54,2,2,1,337429
243,4,4,4,1266091
266,6,5,4,1411043
127,2,2,2,666220
96,2,1,1,466709
293,4,3,3,1436993
115,2,2,2,584591
293,5,4,4,1481918
64,1,1,0,312939
93,3,3,2,534337
106,1,1,0,505485
298,4,3,3,1421957
205,4,3,4,1103216
297,5,4,4,1484580
186,4,4,3,982688
87,2,1,1,444913
267,5,5,4,1421480
218,3,3,3,1071846
83,3,3,2,479395
70,1,1,1,333229
216,5,5,4,1177105
190,3,3,3,999461
84,1,1,0,366337
53,2,1,1,312229
132,3,3,2,730790
216,4,3,3,1110110
100,1,1,1,456917
184,3,2,2,937826
180,4,4,3,990561
212,4,4,3,1077680
298,5,5,4,1540210
267,6,5,4,1428110
273,4,3,4,1348190
127,3,3,2,701851
153,2,2,2,730949
295,6,5,4,1552283
62,2,2,2,353438
262,5,4,4,1334757
226,3,3,3,1106019
98,2,1,1,487901
247,3,3,2,1224621
230,3,3,2,1111188
215,3,2,3,1031726
193,3,2,2,958923
114,2,1,1,541312
52,1,1,1,269386
242,4,3,4,1221274
80,2,1,1,425967
249,4,3,4,1240726
110,2,2,1,559197
269,5,4,4,1407062
255,4,4,3,1292166
188,3,3,2,937907
53,1,1,0,249992
127,2,2,1,627771
168,3,3,3,864684
197,4,4,3,1050242
100,2,1,2,508376
286,5,5,4,1458690
90,2,1,2,470821
218,4,3,3,1105492
184,4,3,3,975539
50,1,1,0,260700
96,2,1,1,480403
216,5,4,4,1140872
75,1,1,1,363078
292,5,5,4,1527873
158,4,4,3,894693
251,5,4,4,1333507
254,4,3,4,1263738
225,3,2,3,1099733
47,1,1,0,252373
119,2,1,1,594604
82,1,1,0,404472
189,3,2,3,925842
269,4,3,3,1338252
91,2,2,1,463980
123,2,1,2,601072
133,1,1,1,599365
151,3,2,2,792275
140,4,3,4,829207
73,1,1,0,337217
215,4,3,3,1079676
169,4,3,3,933066
224,3,3,3,1113904
226,5,5,4,1206920
258,4,3,3,1284075
247,4,4,3,1243473
61,1,1,0,321635
178,2,2,1,836691
207,4,4,3,1110329
70,1,1,1,348301
207,3,2,2,1032288
57,2,2,1,337013
91,2,2,2,508417
162,3,2,3,866310
271,6,5,4,1423060
162,3,3,2,854244
59,1,1,1,297607
45,1,1,0,238833
182,3,2,2,926272
235,4,3,3,1170868
64,1,1,0,332513
204,5,4,4,1121518
54,1,1,1,266902
125,2,1,2,644229
176,3,2,2,893875
91,1,1,0,424875
292,5,5,4,1479307
269,6,5,4,1403151
181,3,2,2,873154
213,5,5,4,1160092
200,4,4,3,1027250
222,3,3,2,1108587
49,1,1,0,277535
105,2,2,2,538652
266,6,5,4,1438174
282,6,5,4,1494004
91,2,2,2,524723
115,2,2,2,582066
222,4,3,3,1106095
75,1,1,1,364137
291,6,5,4,1524783
116,2,2,2,578578
226,4,3,4,1154963
269,4,4,3,1366986
284,5,4,4,1436184
58,1,1,1,287750
224,4,3,3,1140588
67,1,1,0,298111
53,1,1,0,275708
168,3,3,3,907213
190,2,1,2,893087
220,3,3,2,1099590
198,3,3,2,1014523
175,4,4,4,945597
84,1,1,0,398805
178,3,3,3,932187
69,1,1,1,340392
101,1,1,1,452445
297,6,5,4,1532257
101,1,1,1,510873
169,3,3,2,872029
229,3,3,2,1115538
276,5,5,4,1429620
114,2,2,2,582438
237,4,4,4,1224687
110,2,2,2,582670
185,2,1,2,854332
254,5,4,4,1297523
192,2,2,2,909876
168,4,3,3,876447
163,2,2,1,795747
91,2,1,2,452396
67,2,1,2,375147
158,2,2,2,801220
56,1,1,0,263862
127,2,1,1,602427
277,4,3,4,1383560
166,2,2,1,799487
76,1,1,1,379777
294,4,4,4,1440902
186,3,2,3,942258
168,2,2,2,836262
263,5,4,4,1387905
54,1,1,1,294955
188,2,1,2,880569
236,4,4,4,1230495
223,5,5,4,1186293
155,4,3,3,834134
93,2,1,1,445505
293,4,3,3,1418099
280,5,5,4,1472985
120,2,2,2,641764
162,3,3,2,846085
195,5,4,4,1046330
119,2,1,1,569944
268,6,5,4,1418626
149,4,4,4,856047
257,4,4,3,1278306
287,6,5,4,1481096
55,2,1,2,350786
154,3,2,3,804138
47,1,1,0,254921
297,6,5,4,1541543
265,5,5,4,1389434
152,3,2,2,756359
276,6,5,4,1478423
229,3,3,2,1130133
76,2,2,2,435524
72,1,1,1,356397
123,2,2,2,635780
57,1,1,0,306373
200,5,4,4,1110199
193,5,5,4,1063395
130,3,3,2,679753
189,2,1,1,858621
164,4,4,4,904766
267,4,4,3,1337534
79,1,1,1,377934
217,4,3,4,1112282
294,5,4,4,1481295
251,4,3,4,1260915
207,5,4,4,1100820
161,2,2,1,803020
236,5,4,4,1241778
94,2,2,1,481727
98,2,2,1,541090
265,4,4,3,1318048
229,4,4,4,1219976
151,2,1,1,735567
75,1,1,0,376088
258,5,5,4,1346729
137,2,2,1,681980
131,3,3,3,739322
156,2,2,1,745938
87,3,3,3,550950
99,2,2,2,540246
249,5,5,4,1350309
156,4,4,3,889493
83,3,3,2,495392
297,4,3,4,1471342
177,2,2,2,834088
95,1,1,0,429502
275,4,4,4,1379967
167,3,3,2,885638
133,2,1,1,617586
116,1,1,1,538669
202,3,3,2,1003952
289,5,4,4,1498191
150,3,2,3,785824
129,1,1,1,586348
234,5,4,4,1258170
257,6,5,4,1351697
250,5,4,4,1318175
148,2,2,2,724213
275,4,4,3,1381303
267,6,5,4,1429215
244,5,4,4,1253723
78,1,1,0,353135
193,3,2,3,968101
217,3,2,2,1060742
153,2,1,2,730682
56,1,1,0,275014
212,4,3,4,1095871
150,3,3,3,801411
49,1,1,1,267826
241,4,3,4,1250967
70,1,1,1,372511
75,2,1,1,385509
84,2,1,2,479220
140,4,3,4,799369
209,3,2,3,1006078
127,1,1,1,604390
141,2,1,2,704016
231,4,4,4,1204240
251,6,5,4,1361837
104,3,2,2,566757
171,3,2,2,875679
248,5,5,4,1319294
136,2,1,2,685828
241,3,2,3,1167070
111,2,2,1,591975
212,5,5,4,1161543
196,4,4,4,1048393
100,2,1,1,497929
89,2,1,2,488885
270,4,4,4,1395657
102,2,2,1,515578
54,1,1,1,314472
103,2,1,2,526628
262,5,4,4,1360387
229,4,3,4,1195490
196,4,3,3,1037507
185,3,3,3,964619
174,3,3,2,870410
185,4,4,4,1028280
187,3,2,2,934055
279,4,3,3,1348983
178,4,3,3,970053
215,4,4,3,1121312
93,3,2,2,521507
118,1,1,0,534127
242,4,3,3,1205190
162,2,1,2,788138
284,5,4,4,1456428
141,2,1,2,698978
177,3,3,3,910815
298,5,5,4,1545502
252,4,4,3,1279337
297,4,4,4,1458270
211,3,2,2,1037233
53,2,1,1,304521
153,3,3,2,816366
176,3,3,3,922895
297,5,5,4,1530250
91,2,2,2,523589
70,1,1,0,332336
84,3,3,3,514168
217,5,5,4,1182491
236,5,5,4,1289878
247,4,4,3,1247507
118,1,1,0,557040
199,5,4,4,1072762
281,5,5,4,1457653
88,2,2,2,513007
167,3,2,2,815506
246,5,5,4,1315646
51,2,1,2,283430
272,5,4,4,1402291
271,5,4,4,1414323
136,1,1,1,657943
218,3,3,2,1091914
78,2,2,1,456602
266,5,5,4,1394772
124,1,1,0,576258
169,4,3,4,913663
236,5,4,4,1222868
247,3,2,3,1197455
127,2,1,2,644012
79,1,1,0,348409
60,2,2,1,382039
292,4,4,3,1424077
286,6,5,4,1499833
130,3,3,3,704534
162,3,3,3,847801
292,5,4,4,1504169
118,3,3,3,653104
54,1,1,1,257753
167,2,2,2,789842
275,5,5,4,1432573
157,3,2,3,840450
81,2,2,1,444614
278,5,5,4,1470908
135,2,1,1,624373
188,2,2,1,866958
96,3,3,3,595887
157,3,3,3,804469
182,3,3,3,965537
260,5,5,4,1358882
173,4,3,3,909235
72,1,1,1,370478
159,4,3,4,879731
293,6,5,4,1553801
54,1,1,1,314226
134,2,1,1,624689
128,3,2,2,649280
281,4,3,4,1382273
204,3,3,3,1013561
160,3,3,2,826670
211,4,4,4,1124349
207,5,4,4,1119208
67,1,1,1,358897
255,6,5,4,1365084
254,5,4,4,1294249
50,1,1,0,253663
203,3,2,3,1020635
159,3,3,3,870412
181,2,1,1,828235
171,3,3,3,879996
130,2,1,2,619707
269,6,5,4,1421337
248,5,5,4,1325112
108,1,1,1,498626
267,5,5,4,1389780
129,2,2,2,677826
218,3,3,2,1069220
192,3,2,3,957212
88,3,3,3,529725
116,2,2,2,589831
134,3,3,2,729831
284,6,5,4,1518857
111,3,3,2,615754
45,1,1,0,223701
98,3,3,3,582303
154,3,2,2,771076
116,2,1,2,583823
127,3,2,3,665544
89,1,1,0,435625
250,4,4,4,1271582
60,2,1,1,347719
76,1,1,0,350789
132,3,3,3,703934
114,3,2,3,638120
81,1,1,0,373631
249,5,5,4,1330656
51,1,1,1,294608
130,3,2,3,693663
59,1,1,1,285660
293,5,4,4,1468699
288,6,5,4,1537182
169,2,1,1,787805
224,4,3,4,1158173
165,2,2,2,802319
161,4,4,4,885373
176,2,1,1,807840
295,5,4,4,1501085
300,4,3,4,1501543
299,4,4,3,1453934
274,5,5,4,1399076
207,5,5,4,1147425
216,4,3,3,1103019
237,5,4,4,1239980
183,3,2,3,927940
210,4,3,3,1097904
262,4,4,4,1348184
143,3,2,3,736875
79,1,1,0,385926
258,5,4,4,1343781
277,6,5,4,1446633
108,2,2,1,539707
223,5,5,4,1197585
220,3,2,3,1084677
252,5,4,4,1342783
58,2,2,1,353549
247,5,4,4,1320484
149,4,4,4,854680
148,3,2,2,751797
183,4,4,3,964272
295,6,5,4,1539739
62,1,1,0,308462
151,3,2,2,773645
60,1,1,1,304768
181,2,2,2,905704
139,2,1,2,688719
105,2,1,1,530708
54,1,1,1,269056
77,1,1,0,389125
70,2,1,2,403640
254,5,4,4,1301483
98,2,1,2,507144
271,5,5,4,1397735
144,4,3,4,820037
297,5,5,4,1527352
167,2,2,1,779855
175,4,4,3,957855
260,5,4,4,1369519
170,3,3,3,905639
124,2,2,1,599525
108,2,2,2,564337
106,3,2,3,628956
95,1,1,0,418337
86,1,1,0,404258
114,2,1,1,566157
78,1,1,1,399600
57,1,1,0,284868
290,5,4,4,1451514
188,2,2,1,899252
192,3,2,2,973559
59,1,1,1,295256
189,2,1,1,879112
129,3,3,3,734304
171,2,1,2,790307
172,4,4,4,931229
166,2,2,2,822444
86,2,1,2,444115
190,4,3,3,1001199
191,4,4,3,1000036
203,3,3,2,1020832
149,4,4,4,831222
183,4,4,4,1009033
171,3,2,2,864788
200,3,3,3,1021966
210,4,4,3,1082450
251,6,5,4,1351214
103,2,1,1,517267
156,2,1,2,733950
85,2,2,1,460649
151,2,1,1,740433
186,3,2,3,923888
290,6,5,4,1541675
71,1,1,0,363360
217,3,3,3,1067753
60,1,1,1,309413
103,2,1,2,537592
94,3,2,3,560678
88,2,1,2,462439
201,4,4,4,1054644
285,5,4,4,1468238
293,5,5,4,1515837
163,3,3,3,867653
75,1,1,1,353675
46,2,1,2,297575
257,5,4,4,1322041
184,3,2,2,896160
123,1,1,1,546090
288,6,5,4,1501845
60,2,2,1,337056
253,5,4,4,1341839
275,5,4,4,1426479
281,5,4,4,1415462
100,1,1,0,482420
238,4,3,4,1195819
210,3,3,2,1061514
260,5,5,4,1342517
251,5,4,4,1299354
167,3,3,3,892284
52,1,1,0,289371
89,3,2,3,529859
62,2,2,1,343613
121,2,2,1,587933
150,3,2,3,807030
124,2,2,2,626120
170,3,3,2,877187
248,5,4,4,1275108
267,5,5,4,1397437
46,2,2,1,312036
128,1,1,1,568776
66,2,1,1,383614
85,3,3,2,538550
293,5,5,4,1500587
165,3,3,2,849327
138,3,2,3,710638
108,2,2,2,562413
289,6,5,4,1520025
128,2,2,2,660902
70,1,1,1,343376
173,3,3,2,909193
144,3,2,3,790696
138,4,3,4,801427
140,4,3,3,777784
263,5,5,4,1377679
237,3,2,3,1181056
71,1,1,1,334358
240,4,4,3,1226400
143,3,2,3,738514
73,1,1,1,366919
259,6,5,4,1397259
125,3,2,3,706078
162,2,1,2,759186
155,3,3,2,831951
104,2,2,2,564244
256,4,4,3,1274119
222,4,4,3,1174876
245,5,5,4,1306343
264,4,4,4,1358231
75,1,1,0,379128
50,1,1,1,294465
109,1,1,0,521588
233,5,4,4,1221263
272,5,4,4,1415613
75,1,1,1,354921
255,6,5,4,1365045
284,4,3,4,1435033
106,2,1,2,516059
235,4,3,3,1187765
158,3,3,3,810690
230,5,4,4,1207233
196,5,5,4,1082162
245,4,3,3,1257528
237,3,3,2,1139510
207,5,5,4,1153756
196,4,4,4,1064830
228,3,2,3,1114126
209,4,3,4,1101884
242,5,5,4,1303514
161,4,3,4,872218
300,5,4,4,1529711
71,2,1,2,395043
117,3,2,2,643726
170,3,3,3,912474
293,4,3,4,1446403
159,4,4,3,885621
151,3,2,3,817972
59,2,2,1,319217
263,5,4,4,1341087
67,1,1,0,308886
56,1,1,0,258574
53,1,1,0,260700
213,5,4,4,1167170
232,4,4,4,1222460
146,2,1,2,686227
266,5,5,4,1376540
265,5,4,4,1341552
241,5,5,4,1297773
94,3,3,3,559608
203,3,3,3,1021747
266,5,4,4,1389415
267,5,4,4,1407009
136,3,2,3,736161
71,1,1,1,334885
59,2,2,2,364698
246,5,4,4,1260311
160,2,2,1,749954
207,5,5,4,1127082
92,2,1,1,456849
297,5,4,4,1511273
119,1,1,1,547055
148,2,1,2,735204
139,3,2,2,753125
52,1,1,0,277885
131,3,2,2,683031
202,4,4,4,1106471
205,3,2,2,980235
244,4,4,4,1240931
176,4,3,4,966114
191,4,4,3,1047631
94,2,2,2,540649
132,3,2,3,706255
137,2,2,1,653981
73,1,1,1,379500
173,4,3,4,916738
282,6,5,4,1506093
54,2,1,1,304865
220,5,4,4,1192178
91,2,1,2,509519
275,5,4,4,1430089
86,1,1,1,441694
120,2,1,2,619802
291,6,5,4,1527728
207,4,3,3,1049073
268,6,5,4,1444696
165,2,2,2,829348
142,3,3,3,769918
103,1,1,0,494630
149,4,4,3,868317
130,2,1,2,655626
156,3,3,3,826265
76,1,1,1,402595
103,2,1,1,538397
181,4,4,4,990891
77,1,1,1,398530
296,5,5,4,1488270
108,2,1,2,551108
169,4,3,3,931703
239,4,4,4,1217856
290,5,4,4,1464167
60,1,1,1,282635
220,3,3,3,1097083
219,3,3,2,1050822
110,3,3,3,621849
157,4,3,3,873294
88,1,1,0,433640
169,4,4,4,957690
102,2,1,2,534006
230,5,4,4,1203410
98,2,1,1,508833
196,4,4,3,1016350
297,5,4,4,1515287
271,5,4,4,1383416
133,1,1,1,600821
62,1,1,0,325270
116,2,2,2,618825
272,4,4,4,1381093
217,5,5,4,1166511
263,4,4,3,1298742
291,5,5,4,1515473
63,1,1,1,299119
120,3,2,2,663278
57,1,1,1,275874
265,4,4,4,1366300
87,2,2,1,470441
73,2,2,2,434799
245,5,4,4,1313156
199,3,3,2,1012963
271,5,5,4,1408939
85,1,1,1,388323
290,5,4,4,1500654
230,4,3,3,1143151
226,5,4,4,1232526
193,4,4,3,1039951
285,4,3,3,1415423
236,3,3,2,1173662
260,6,5,4,1420265
99,3,3,2,563422
145,2,2,1,699816
202,4,3,4,1040047
109,1,1,1,540099
119,3,3,2,642348
237,4,4,4,1213335
265,5,4,4,1369302
234,4,3,4,1189531
129,2,2,1,659304
112,2,1,2,582613
245,3,3,2,1194186
215,5,4,4,1161977
157,3,2,2,828441
48,1,1,0,264317
234,3,2,2,1099351
190,3,2,3,931398
92,2,1,1,473938
120,2,2,2,636315
274,4,3,3,1349371
104,2,2,1,530330
112,2,2,1,563721
211,3,2,3,1037071
254,4,3,3,1276204
279,5,5,4,1472936
235,4,3,3,1215766
115,2,1,2,575223
252,5,4,4,1328598
178,2,2,2,878295
268,5,5,4,1391915
268,5,5,4,1389474
134,2,1,2,637752
47,2,2,2,335999
273,5,5,4,1444900
94,1,1,0,418668
143,3,2,2,725679
244,4,4,3,1255895
104,3,3,2,596404
265,4,3,4,1336401
190,4,4,3,999796
76,1,1,0,385426
222,5,4,4,1165025
142,3,2,3,739666
285,5,4,4,1458931
285,6,5,4,1512808
127,1,1,0,549688
218,5,4,4,1149580
230,4,3,4,1208761
116,2,1,1,594978
160,4,3,4,878817
192,4,3,3,1008599
218,5,4,4,1151061
233,5,4,4,1262948
184,2,2,1,860138
49,1,1,1,273557
122,3,3,3,657805
165,4,3,3,865710
95,3,2,2,541086
295,5,4,4,1518870
89,1,1,0,420584
157,2,1,1,712761
141,4,4,4,804255
235,5,5,4,1274927
196,5,4,4,1095949
66,2,1,1,357785
99,1,1,0,446864
264,4,4,3,1321245
186,3,2,2,905385
61,2,1,1,330114
287,4,3,3,1426613
111,2,1,2,536893
263,4,3,3,1299194
63,2,1,2,380580
133,2,2,2,662448
86,2,2,1,447042
77,1,1,0,373105
283,5,4,4,1417009
270,6,5,4,1459937
234,4,4,4,1202587
283,5,5,4,1434355
122,2,1,2,634526
226,4,3,3,1125702
125,2,1,1,599833
175,4,3,3,947138
256,4,3,4,1262446
168,3,3,3,877587
102,2,1,2,540685
273,4,3,3,1357234
141,3,2,3,777131
276,5,4,4,1397859
62,2,1,2,357865
215,3,3,2,1078686
77,2,2,2,430157
297,6,5,4,1577068
185,2,2,1,891919
269,4,4,3,1365733
85,2,2,2,455668
264,5,5,4,1371584
147,2,2,1,732309
264,5,5,4,1354524
118,3,2,3,661748
151,4,4,3,827780
286,6,5,4,1511383
188,2,1,1,867531
88,3,2,3,516396
104,1,1,0,496696
56,1,1,0,290744
270,4,3,4,1365667
253,5,4,4,1335403
163,3,3,2,855114
72,1,1,1,333865
74,1,1,0,338136
79,2,2,2,469074
105,2,1,2,512512
101,2,1,1,534846
114,3,2,2,599733
56,1,1,1,288441
105,2,2,1,516890
81,1,1,1,374819
286,4,4,3,1415574
300,5,4,4,1510234
242,5,5,4,1318441
212,3,2,3,1024431
228,5,4,4,1189286
167,3,3,2,863004
250,4,3,4,1293128
257,6,5,4,1401523
227,5,4,4,1216822
263,5,5,4,1394850
106,1,1,1,485980
87,1,1,0,420473
156,3,3,2,828137
138,3,3,2,735396
153,2,2,1,743517
166,3,2,2,852585
278,5,5,4,1464195
197,4,4,4,1080646
170,3,3,3,891790
46,2,2,1,290017
112,3,2,2,635761
217,5,5,4,1171632
274,5,4,4,1424321
237,4,3,4,1225838
250,5,5,4,1330187
277,5,4,4,1396942
141,2,2,1,663590
216,3,2,3,1067845
257,5,5,4,1343909
228,4,4,4,1162863
165,3,2,3,821453
154,3,2,2,785315
84,2,2,1,449986
158,3,3,2,811903
87,2,1,1,455262
224,4,3,3,1134183
117,3,2,2,635756
92,1,1,0,455334
62,1,1,1,314021
216,5,5,4,1155576
231,3,2,2,1119685
297,4,3,3,1465153
278,4,4,3,1364637
164,3,3,3,887577
298,6,5,4,1546488
291,5,4,4,1462218
188,3,3,2,956884
184,3,3,2,934213
179,2,2,2,865432
188,3,3,2,921805
238,3,2,2,1144214
204,3,2,2,977494
63,1,1,1,322188
151,3,2,2,778550
202,5,4,4,1084466
169,2,1,2,826447
231,3,3,2,1147772
255,5,4,4,1300736
129,2,2,2,660317
156,2,2,2,776107
222,3,3,2,1093830
180,3,2,2,915844
273,5,5,4,1406297
277,5,4,4,1437281
297,4,4,3,1467922
175,3,2,2,853646
227,5,4,4,1219705
85,2,1,1,449495
128,1,1,1,568286
200,4,3,4,1062631
159,3,2,2,813087
79,1,1,1,377546
231,4,3,4,1160460
207,5,5,4,1129432
142,3,2,3,727047
108,2,2,1,576226
188,4,4,3,1028543
118,2,2,1,570478
121,2,1,2,610181
269,5,5,4,1418442
160,3,2,3,834558
244,4,3,3,1235093
107,2,1,1,549909
289,4,4,3,1437762
246,4,4,4,1239810
297,5,4,4,1493732
125,2,1,1,611071
268,4,4,4,1369726
207,5,5,4,1144573
149,3,2,3,761737
61,2,1,2,377223
157,3,3,2,790179
227,4,4,3,1175769
220,4,3,3,1111791
184,4,4,3,963342
54,1,1,1,296734
143,3,2,3,739125
136,2,2,2,697291
122,2,2,2,634291
242,3,2,3,1142909
73,1,1,0,368246
130,2,2,2,640520
185,4,4,4,1000121
84,3,3,3,511700
45,1,1,1,260286
121,1,1,1,546934
200,4,3,3,1036201
240,3,3,3,1154633
46,1,1,0,252130
141,3,3,3,780729
253,6,5,4,1358265
61,1,1,0,310317
287,4,3,3,1396059
213,4,4,3,1114342
299,6,5,4,1533577
283,5,4,4,1448142
87,2,1,1,427545
106,2,2,2,588769
59,1,1,0,315573
63,1,1,1,326513
76,1,1,1,375469
290,5,4,4,1487597
234,4,3,4,1173855
281,5,4,4,1436460
263,5,5,4,1359493
48,1,1,0,253308
219,5,5,4,1190456
127,2,2,2,627068
141,3,3,3,741082
205,4,3,3,1037064
140,2,1,2,671702
200,3,2,3,989465
141,2,2,2,732563
290,5,4,4,1458218
164,2,2,2,822873
201,4,3,3,1019365
55,1,1,1,263161
109,2,1,2,579009
53,2,1,1,289336
76,1,1,1,388553
129,3,2,2,678664
246,4,3,4,1222770
54,1,1,1,305691
203,3,3,2,996986
228,4,3,3,1131410
111,2,1,2,585765
73,1,1,1,374358
150,2,2,1,710776
282,5,4,4,1450224
142,3,3,2,776106
273,5,5,4,1414504
222,3,3,2,1110688
197,4,3,4,1052492
296,6,5,4,1513722
90,1,1,0,411764
108,2,2,2,548221
283,6,5,4,1463286
60,1,1,1,329874
155,4,4,4,874582
106,3,3,3,638021
54,1,1,0,297449
271,4,3,3,1348886
85,2,1,1,437872
127,3,2,3,679090
82,1,1,0,415599
140,3,2,3,725879
162,3,2,2,793714
280,4,3,3,1370306
113,1,1,0,505137
110,2,2,2,594350
159,4,3,3,849633
140,4,3,3,782285
262,5,5,4,1396177
291,5,5,4,1479184
269,5,5,4,1385110
65,2,2,1,354992
270,6,5,4,1411960
189,3,3,3,954157
146,3,3,3,760698
147,3,3,2,763990
193,5,5,4,1077971
204,4,4,4,1097144
112,1,1,1,524792
99,2,1,1,499894
216,5,4,4,1161991
263,4,4,3,1297425
159,4,3,4,866482
60,1,1,1,303329
125,2,2,1,632560
56,2,2,1,329460
183,3,3,2,947393
239,4,3,3,1187784
226,3,3,3,1106172
101,2,1,2,500187
144,3,3,3,803766
70,1,1,1,342714
156,3,2,2,797223
190,4,4,4,1023773
159,2,2,1,780163
288,6,5,4,1515740
46,1,1,1,236797
177,4,4,3,965512
123,2,2,2,637918
232,4,4,4,1197189
54,1,1,1,290700
293,4,4,3,1476612
239,3,3,3,1201285
136,2,2,1,682148
110,2,1,1,515472
213,3,3,3,1074330
196,3,3,2,992772
177,3,3,3,940671
181,4,4,4,995994
122,3,3,2,660781
210,4,3,4,1068297
104,3,2,3,594453
134,3,2,2,724343
146,3,3,2,763223
148,3,3,2,760362
265,6,5,4,1386545
268,5,5,4,1419898
134,2,2,2,686477
68,1,1,1,337191
249,5,4,4,1285694
244,5,5,4,1285706
176,2,2,2,882745
270,4,4,3,1325478
268,5,5,4,1427622
292,5,5,4,1512835
52,1,1,0,250600
161,4,4,4,897127
221,4,4,4,1133586
47,1,1,0,239730
276,6,5,4,1438291
61,1,1,1,322051
180,2,1,2,832373
127,3,3,3,680697
173,2,1,2,848161
286,5,5,4,1489955
156,2,2,2,769203
229,5,5,4,1248953
271,6,5,4,1445211
168,3,3,2,846815
279,5,4,4,1439766
125,2,1,1,628136
185,2,2,1,877950
256,6,5,4,1360397
129,2,2,2,649402
181,3,2,3,932402
189,3,3,2,955446
95,2,1,2,478395
119,2,1,1,572557
259,6,5,4,1371489
292,5,4,4,1491537
250,5,4,4,1318758
49,1,1,1,250622
258,6,5,4,1393679
172,3,2,3,856663
199,4,3,3,1042020
176,3,2,2,895584
281,4,3,4,1423118
110,2,2,2,582006
81,1,1,0,364978
63,1,1,0,299586
111,3,2,3,593081
178,2,2,1,841423
251,5,4,4,1283229
54,1,1,1,266678
236,4,4,4,1211432
244,3,3,3,1208400
136,3,2,2,701582
236,3,3,3,1150948
45,1,1,1,240713
209,3,2,3,1055918
250,5,5,4,1309945
164,2,1,2,776487
267,5,5,4,1374412
73,1,1,1,376824
154,3,3,3,816007
247,4,3,4,1226241
268,5,4,4,1408415
172,4,4,4,926598
175,2,2,1,806656
249,4,3,4,1239184
76,2,1,2,416618
159,3,2,2,782989
195,4,3,4,1025245
295,5,5,4,1506603
260,4,4,3,1309591
269,4,3,3,1341160
174,3,2,3,909644
107,2,2,1,531037
115,1,1,0,555296
174,2,2,1,833001
98,2,2,1,540021
103,2,1,1,488323
131,1,1,0,605573
171,3,3,2,892243
235,4,4,4,1237857
205,4,3,4,1101879
136,2,2,1,689061
129,2,1,1,643626
86,1,1,1,436082
142,4,4,4,816241
46,1,1,1,234123
247,4,3,4,1277345
191,2,2,1,893958
148,2,1,1,728533
229,4,3,3,1157811
221,5,5,4,1195711
254,6,5,4,1349792
68,1,1,1,330332
154,4,3,3,872181
245,5,5,4,1294559
108,2,2,2,565540
56,2,1,2,349947
81,1,1,0,402979
72,1,1,1,353184
200,5,5,4,1096683
262,5,5,4,1387684
47,1,1,0,260205
77,1,1,1,361980
248,6,5,4,1325105
244,3,3,3,1206332
246,4,3,4,1245388
223,5,4,4,1210850
131,2,1,1,617514
161,4,4,3,912577
298,4,4,3,1463503
202,3,3,2,1033573
231,5,4,4,1212783
228,5,4,4,1212841
118,2,2,1,568830
246,4,3,3,1230244
50,1,1,1,243788
165,4,4,3,908085
107,2,2,2,539337
180,2,2,1,870118
57,2,1,1,298644
213,3,3,3,1078641
132,3,3,2,684165
274,4,3,3,1326273
145,4,3,3,832320
275,4,3,4,1386198
101,2,1,2,525087
276,4,3,4,1397375
63,1,1,1,335571
278,4,3,4,1392557
236,4,3,3,1209482
235,5,5,4,1232341
65,2,2,2,398915
95,2,1,1,466895
188,4,3,3,980983
281,5,4,4,1447818
151,3,2,3,778968
199,3,3,3,1030936
102,2,2,1,539204
47,1,1,1,262995
94,2,2,1,466534
255,5,5,4,1337271
84,2,2,2,488874
139,4,4,3,775735
269,6,5,4,1434002
89,2,1,2,449867
127,1,1,1,594545
167,3,2,2,858065
101,3,3,2,556231
221,5,5,4,1229885
227,4,3,3,1124280
124,1,1,1,574603
186,2,2,2,875204
167,4,4,3,896474
291,6,5,4,1499088
155,3,3,3,836146
140,2,1,2,666458
253,4,3,4,1256251
189,2,1,2,915722
60,1,1,0,284292
299,5,5,4,1554779
73,2,2,1,378330
117,1,1,0,508648
218,4,3,3,1121715
147,3,2,2,758487
298,4,3,4,1455403
99,2,2,2,509187
178,2,2,2,853502
215,4,4,4,1108976
76,2,2,2,465162
167,3,2,3,853795
232,4,4,3,1167472
117,3,2,2,632959
87,3,3,2,510612
124,2,2,1,614534
281,4,3,3,1400746
282,4,3,4,1416705
87,3,3,2,531152
269,6,5,4,1435967
269,5,4,4,1399944
263,4,3,3,1290242
272,5,5,4,1400120
83,2,1,1,444876
85,3,2,2,470620
245,4,3,4,1270619
116,3,3,2,651991
139,4,4,4,838685
214,3,2,2,1056965
181,3,3,3,908019
154,3,3,3,810096
182,3,3,2,932430
146,4,3,4,823547
133,1,1,1,634800
53,1,1,1,286390
276,6,5,4,1441457
281,4,4,3,1380189
97,3,2,2,557453
68,1,1,1,334883
261,6,5,4,1376440
63,1,1,0,318987
126,1,1,0,558333
134,2,1,1,636785
190,4,3,3,1014420
150,3,3,3,824579
142,4,3,3,803629
296,6,5,4,1532091
256,6,5,4,1395008
299,4,3,4,1495580
66,1,1,0,342603
64,1,1,0,308500
206,4,4,4,1126272
213,4,4,3,1118183
199,3,3,2,990073
150,3,2,3,788149
272,5,5,4,1427250
228,4,3,4,1184878
101,2,1,1,505662
126,1,1,0,581616
166,3,2,2,828617
77,1,1,1,386884
274,4,4,4,1358703
118,2,1,2,591733
274,4,4,4,1397543
235,5,5,4,1249082
241,5,5,4,1310866
218,3,3,3,1063035
220,5,4,4,1175747
190,4,4,3,985095
109,1,1,1,517322
86,2,2,1,445284
210,3,2,2,1035977
130,2,2,2,683779
220,3,3,2,1110476
272,6,5,4,1468959
165,2,2,1,811308
274,6,5,4,1436398
227,4,3,3,1145710
146,3,3,3,795876
116,2,2,1,601820
190,2,1,1,891022
287,6,5,4,1518519
198,4,3,4,1027335
155,4,4,4,895127
281,4,4,3,1394827
281,5,4,4,1444167
209,4,4,4,1089536
117,2,1,2,578555
66,1,1,0,299196
230,3,2,3,1100677
290,4,4,3,1418995
254,5,5,4,1351131
91,3,3,3,581549
177,2,1,1,844411
242,5,4,4,1247069
263,5,4,4,1383898
59,2,2,1,330806
287,5,5,4,1467756
117,2,1,1,586305
300,4,4,3,1449368
89,3,3,3,559171
274,5,4,4,1407837
192,3,3,2,938506
224,3,2,2,1053692
250,5,5,4,1324634
89,2,1,1,461249
105,3,3,3,606878
113,2,2,2,586687
180,2,2,2,858554
51,2,2,1,290650
265,5,5,4,1380318
163,4,3,3,869732
271,5,5,4,1408784
176,3,3,3,927597
59,1,1,0,312720
213,4,3,3,1091266
190,2,1,2,919747
242,4,3,4,1237358
274,6,5,4,1457781
45,1,1,1,254656
157,3,3,3,836368
221,5,4,4,1186704
73,2,2,2,439590
74,1,1,0,376573
225,4,4,4,1187521
236,4,3,4,1217981
108,1,1,1,501604
159,2,1,1,722165
103,2,1,1,519404
188,2,2,2,887846
118,2,2,2,583367
221,4,4,3,1134887
296,5,5,4,1528638
193,5,4,4,1064846
168,3,2,3,861630
120,2,1,2,578046
194,3,2,3,967013
169,2,1,1,769710
210,4,4,3,1073557
198,3,2,3,966785
212,3,2,2,1056300
70,2,2,2,434257
174,2,2,1,853780
93,2,2,1,500793
191,3,3,3,987871
128,3,2,2,693849
95,1,1,0,428584
219,3,3,3,1102213
75,2,2,2,414139
225,3,2,3,1118497
50,1,1,1,295378
226,4,3,3,1132402
206,4,4,3,1096754
284,5,4,4,1441968
212,4,3,3,1069189
272,5,4,4,1408702
106,1,1,1,527362
67,1,1,1,335329
231,4,3,4,1172914
97,2,1,1,515055
120,2,1,1,606329
179,4,4,4,998179
197,4,3,3,1004974
134,1,1,0,578366
174,3,3,3,898228
124,2,1,2,628518
76,2,1,1,410452
124,2,1,2,599598
248,5,5,4,1331661
259,5,4,4,1371167
165,2,2,1,818483
75,2,1,2,409511
95,2,2,1,486474
169,3,3,2,858286
161,4,3,3,877203
73,1,1,1,383954
49,1,1,0,254412
215,4,3,3,1120484
288,5,5,4,1459166
191,4,4,4,1029168
51,2,2,1,298060
98,2,2,2,526131
105,1,1,0,466211
226,3,3,3,1119704
187,3,2,2,951829
130,3,3,2,706702
165,3,3,3,854914
137,3,2,3,755653
274,4,3,4,1377546
168,3,2,3,858200
207,3,2,2,1023959
109,3,3,3,615272
80,2,2,1,433198
115,1,1,0,540710
299,5,4,4,1504845
251,5,5,4,1328647
95,3,3,2,554131
92,2,1,1,442038
270,5,5,4,1381176
281,5,4,4,1437109
54,1,1,1,306798
134,1,1,1,643007
161,3,3,2,837259
56,1,1,1,305066
86,2,1,1,465044
160,2,2,2,771657
142,2,2,1,690609
168,2,1,1,769247
127,2,2,2,658979
254,5,5,4,1352612
92,2,1,1,454271
275,4,4,3,1356345
231,4,3,4,1158866
165,2,2,2,782888
290,6,5,4,1508919
65,1,1,0,320339
230,4,4,3,1170396
101,2,1,2,493859
200,4,3,4,1062299
141,2,1,1,658768
97,1,1,0,453787
286,4,3,4,1410728
206,5,4,4,1130363
294,5,4,4,1515976
138,3,3,2,749397
292,5,5,4,1490036
294,4,4,4,1476460
269,5,5,4,1391131
279,6,5,4,1474404
201,4,4,3,1081792
152,4,3,4,857462
45,2,1,1,249061
120,2,2,1,595619
91,2,1,2,507468
126,2,2,1,619987
199,4,3,3,1012644
261,4,3,4,1318500
145,4,3,4,838407
123,3,2,2,684637
291,6,5,4,1530020
253,5,4,4,1328934
137,3,2,3,712148
227,3,3,3,1142514
297,5,5,4,1518433
150,3,2,2,780035
172,3,2,2,884832
198,5,5,4,1134632
143,4,3,3,825992
128,1,1,1,588564
70,2,2,2,422600
130,1,1,1,576549
167,3,2,3,847566
250,5,5,4,1334735
246,3,3,3,1188080
130,3,2,2,676894
171,2,2,1,799104
78,1,1,1,383167
258,5,5,4,1359770
279,5,4,4,1435167
56,1,1,0,265267
227,4,4,3,1173276
216,4,3,3,1097522
144,3,2,3,787550
128,2,2,1,643776
244,5,5,4,1296982
60,1,1,1,320647
204,4,3,4,1057771
90,2,2,2,490571
77,1,1,0,343436
291,5,4,4,1495458
237,5,5,4,1260906
187,3,3,2,970355
64,1,1,0,299002
154,3,3,3,833232
140,4,4,3,828580
224,3,3,2,1125841
69,1,1,1,347080
258,5,4,4,1352585
280,5,5,4,1445393
265,6,5,4,1416860
63,1,1,0,299379
61,1,1,0,310260
165,4,3,3,896978
167,4,3,3,871710
121,3,2,3,688581
159,4,3,4,896862
190,3,2,3,939727
281,5,5,4,1463313
186,2,1,1,888247
117,2,1,1,575859
185,3,2,3,949115
61,2,2,1,357557
67,1,1,1,356247
297,6,5,4,1528826
119,2,2,1,608367
116,2,1,1,581974
73,2,2,1,425201
230,5,4,4,1251478
261,6,5,4,1424161
63,1,1,1,328914
88,2,1,2,439249
202,3,2,2,1009589
259,5,4,4,1329903
78,1,1,0,396999
203,4,4,4,1061180
105,2,2,1,524695
225,4,4,4,1172112
94,3,2,2,515943
267,5,5,4,1389354
291,4,4,3,1435710
131,2,2,1,628453
118,2,2,1,597022
162,3,3,3,876813
124,2,2,1,644009
278,6,5,4,1484910
148,2,1,2,731439
224,5,4,4,1205959
88,3,3,3,533031
199,3,3,3,1008611
234,4,3,3,1179788
215,5,5,4,1150981
136,3,2,2,733384
265,4,4,4,1367325
181,3,3,3,959784
240,3,3,3,1201258
249,5,5,4,1342111
88,2,1,1,443105
142,4,3,4,810839
129,2,1,1,641671
78,1,1,1,390034
222,3,2,3,1109102
293,5,4,4,1496174
176,3,2,3,881694
66,1,1,1,316504
183,2,1,1,863002
229,4,3,4,1202297
190,3,3,3,974811
171,3,3,2,872822
248,4,4,4,1255915
264,6,5,4,1430970
282,6,5,4,1461325
278,4,3,3,1337376
119,2,1,2,599817
287,5,4,4,1476859
250,6,5,4,1330464
154,3,2,3,794904
266,4,3,4,1322320
286,6,5,4,1500188
242,5,4,4,1250165
258,5,4,4,1350657
168,2,1,2,829875
227,3,2,3,1120177
250,6,5,4,1348507
95,3,2,2,520785
274,4,3,3,1346266
92,3,3,3,544479
197,4,3,4,1015407
244,4,4,3,1213708
91,2,2,1,479307
268,4,4,3,1347898
243,4,3,3,1228226
159,4,4,4,927668
92,3,3,2,568275
287,6,5,4,1506907
167,3,3,3,849676
273,4,4,4,1359785
130,2,1,2,662988
104,1,1,1,522056
153,2,2,1,717301
182,3,3,2,950479
103,3,3,2,584108
74,1,1,0,326997
245,4,4,3,1229818
160,4,3,3,867569
147,2,2,2,741739
254,6,5,4,1394673
74,2,2,1,425998
204,4,3,3,1064674
263,5,4,4,1388453
166,4,3,4,889875
289,6,5,4,1524859
170,3,3,3,884425
93,2,1,2,510689
213,4,3,4,1121573
209,4,3,4,1106032
166,3,3,3,862343
290,5,4,4,1446862
161,3,2,3,835734
220,4,3,4,1134326
70,1,1,0,335901
126,1,1,1,558281
283,4,4,3,1405465
235,4,4,4,1198687
66,1,1,1,347782
180,3,3,2,903609
256,6,5,4,1383597
241,3,2,2,1135889
51,1,1,0,241810
205,3,3,2,1012839
227,4,4,3,1162672
107,1,1,0,517851
226,4,4,4,1177510
166,3,3,3,856948
89,2,2,2,502487
263,5,4,4,1362584
277,5,4,4,1426750
80,1,1,1,379915
204,4,3,4,1051942
204,4,4,4,1093345
178,3,2,2,916217
52,2,1,1,281090
139,4,3,3,798185
202,4,4,4,1060628
209,4,3,4,1068508
240,4,4,4,1224706
45,1,1,1,261212
176,2,2,2,871653
276,5,4,4,1397283
205,5,5,4,1141887
206,4,4,3,1102614
68,1,1,1,345150
144,2,2,2,717680
276,6,5,4,1434769
151,3,3,2,778081
73,1,1,0,360577
196,3,2,2,985986
213,4,3,4,1083008
287,5,4,4,1474307
226,4,3,3,1132675
255,6,5,4,1374391
95,3,3,2,536570
241,3,2,2,1166026
202,4,3,3,1027866
213,4,4,4,1115893
202,4,4,3,1059708
160,3,3,2,804962
146,3,3,3,793452
277,6,5,4,1441560
166,2,1,2,783800
198,4,3,3,1020697
258,4,4,3,1300556
248,6,5,4,1328289
72,2,2,1,403162
160,2,1,1,783047
96,1,1,1,438304
265,5,4,4,1386471
212,5,5,4,1155010
189,4,4,4,1043693
119,1,1,1,546366
55,2,2,2,317446
122,2,2,2,634793
221,4,4,4,1181197
108,2,1,2,561679
285,6,5,4,1474529
232,4,3,3,1155853
195,3,2,2,977298
77,1,1,0,352642
287,6,5,4,1533668
285,5,5,4,1457543
257,4,3,3,1261157
109,1,1,1,544427
162,2,2,2,826357
103,2,1,1,505066
190,3,3,2,951988
260,4,4,3,1318100
225,4,3,4,1150532
295,5,5,4,1503380
137,2,2,2,718347
147,3,3,2,759506
156,3,3,2,801720
71,1,1,0,350203
59,1,1,1,320045
87,2,2,1,450072
138,3,2,3,754268
147,3,3,2,764804
98,1,1,1,486715
227,4,4,3,1147409
179,3,2,2,907171
293,5,4,4,1469027
113,1,1,1,531491
169,4,4,4,936260
233,3,3,3,1170521
246,4,3,3,1252045
143,4,4,4,849567
222,4,3,3,1141269
98,2,1,1,498798
71,1,1,0,322479
251,5,4,4,1328748
99,3,3,2,578471
122,3,2,2,658737
92,2,2,2,474456
284,6,5,4,1507308
69,1,1,0,346836
72,1,1,1,377710
132,1,1,1,592742
280,4,3,4,1417334
117,2,2,2,590355
63,2,2,2,388152
238,4,4,3,1236719
186,2,1,2,889903
119,2,2,2,624200
226,4,3,3,1124202
265,6,5,4,1440665
170,3,2,2,877140
279,5,5,4,1444646
167,4,4,4,917841
113,2,2,2,596745
250,6,5,4,1376924
155,4,3,4,849851
253,6,5,4,1336214
147,3,3,3,810597
198,4,3,3,1038715
147,2,2,1,694053
86,2,1,1,423736
81,1,1,0,355520
104,3,2,2,569118
264,6,5,4,1413304
289,5,4,4,1487497
61,2,2,1,352954
212,3,3,3,1049891
198,4,4,4,1067445
130,2,1,2,644810
80,1,1,1,372239
273,6,5,4,1452379
70,2,2,1,385931
234,4,3,3,1177687
265,6,5,4,1419306
98,3,3,2,555134
139,2,2,1,711536
208,5,4,4,1109946
213,3,3,2,1078396
164,2,2,1,766420
218,4,4,4,1175110
196,3,2,2,992294
86,2,1,2,470162
267,4,3,4,1339914
279,5,4,4,1411527
216,5,4,4,1145566
243,3,2,2,1143506
285,4,3,3,1411277
201,4,3,4,1078222
101,1,1,0,440105
49,1,1,0,259796
270,4,4,3,1371287
290,5,4,4,1454037
112,2,2,2,583942
84,2,1,1,436036
72,2,1,1,396194
295,4,4,4,1487210
283,6,5,4,1487386
238,5,5,4,1270804
157,4,4,3,894542
275,5,4,4,1398638
283,5,5,4,1437939
79,1,1,0,381306
217,5,5,4,1178005
234,4,3,4,1171756
166,3,2,2,838354
247,5,5,4,1315691
176,3,3,3,932245
194,5,5,4,1072718
200,4,4,3,1035739
280,6,5,4,1496628
291,4,4,4,1426176
106,1,1,0,478058
146,3,2,3,766715
203,4,3,3,1029262
210,3,2,2,1041558
251,5,4,4,1335373
50,1,1,1,282037
239,5,4,4,1270793
233,5,4,4,1212113
45,1,1,0,260482
76,1,1,1,374044
300,5,5,4,1561046
252,5,5,4,1344221
297,5,4,4,1490442
229,3,2,2,1085517
160,2,1,1,762920
127,1,1,1,591796
165,3,2,2,830387
56,1,1,0,254023
230,4,3,4,1183937
267,4,4,4,1339174
147,4,4,3,830010
62,1,1,0,283975
71,2,2,1,404670
137,1,1,0,611509
107,3,2,2,586948
222,5,4,4,1209365
193,4,3,4,1024322
144,3,2,2,742533
160,3,2,3,804650
209,3,3,2,1035458
261,6,5,4,1375148
206,5,4,4,1149481
266,5,5,4,1387508
233,5,5,4,1276014
56,1,1,1,266223
115,1,1,0,555649
134,2,2,1,643661
260,6,5,4,1385936
294,5,5,4,1490184
94,2,2,2,525565
126,2,1,2,610626
215,5,5,4,1150517
251,5,5,4,1321252
173,3,3,2,875728
77,1,1,0,364986
293,5,4,4,1513956
244,5,4,4,1283784
298,4,3,3,1421290
129,1,1,1,585836
109,1,1,1,514189
61,1,1,0,295347
181,3,3,3,911949
93,2,2,1,490960
154,3,2,3,797350
60,1,1,1,315694
159,2,1,2,773454
219,4,3,4,1151801
144,3,2,2,753853
73,1,1,1,338673
59,2,1,1,309505
97,3,3,3,593704
134,3,2,2,675226
198,4,4,4,1050177
262,5,4,4,1377390
168,3,2,3,868102
119,1,1,1,562024
233,4,4,4,1196896
113,1,1,0,541717
144,3,2,2,762002
279,4,3,3,1377913
277,5,5,4,1419050
105,2,2,1,518986
91,2,2,2,508396
286,6,5,4,1484246
98,2,1,2,484213
192,3,3,2,974702
132,2,2,1,659880
163,3,3,2,823264
93,2,2,1,501361
219,4,4,3,1131578
139,4,4,3,779883
210,4,3,4,1081811
219,3,2,2,1075408
218,4,4,3,1143927
273,5,5,4,1450843
212,4,4,3,1122238
177,3,2,3,900770
261,4,3,4,1295042
179,3,2,2,887183
58,2,2,2,348941
174,4,4,3,947197
186,2,2,2,877571
48,2,1,2,328755
261,5,4,4,1327419
269,4,3,3,1331181
287,6,5,4,1495751
239,4,4,3,1195697
204,5,5,4,1130903
75,1,1,0,353982
186,3,3,2,918635
235,4,4,3,1197020
77,2,1,1,430115
209,4,3,3,1076387
234,4,3,4,1179451
290,4,3,4,1458731
80,1,1,0,382201
166,3,3,2,839453
75,1,1,1,360217
105,3,2,3,624801
84,2,2,2,474852
59,2,1,1,346541
70,1,1,0,357966
140,4,3,4,801235
142,3,2,2,763197
112,2,1,2,580047
150,4,3,3,825101
81,1,1,1,417276
50,2,1,2,284708
131,1,1,1,629698
149,3,2,2,765607
157,2,1,2,776181
144,2,2,1,709733
48,1,1,0,245595
291,4,3,4,1409291
59,1,1,0,262609
219,3,2,3,1094488
128,3,3,3,708840
63,1,1,1,293416
148,3,2,3,778516
81,2,2,2,440016
184,4,3,3,965684
135,1,1,0,635358
61,1,1,0,302898
162,2,1,1,735602
99,1,1,1,460888
298,4,4,4,1457326
212,5,5,4,1160302
140,2,2,2,690482
245,4,4,4,1290272
249,4,4,4,1289205
194,4,4,4,1025191
228,3,2,3,1133567
210,3,2,3,1061474
167,2,1,2,785404
147,2,1,2,692388
46,1,1,1,255948
126,2,1,2,623784
207,4,3,4,1087751
128,3,2,2,670668
223,3,2,3,1108577
58,1,1,1,308010
120,1,1,1,534377
244,4,3,3,1196366
276,5,5,4,1429950
110,1,1,0,513388
173,3,3,2,868284
81,1,1,1,425993
66,2,1,2,360965
54,1,1,1,281273
60,1,1,1,338359
286,6,5,4,1494158
280,6,5,4,1492062
67,1,1,0,322775
106,1,1,1,479980
144,4,3,4,803544
210,5,4,4,1160963
55,1,1,1,287715
279,4,4,4,1421096
114,1,1,0,543300
94,2,1,2,471559
104,3,3,2,576699
121,1,1,0,577436
187,3,2,2,954582
56,2,2,1,357775
292,5,4,4,1507540
191,4,3,4,1012266
134,3,3,2,708496
125,2,2,2,655663
169,3,2,3,844114
286,5,4,4,1476794
220,5,5,4,1175232
191,4,4,4,1011450
176,3,3,3,925451
76,1,1,0,380965
132,1,1,0,614605
47,1,1,1,277557
103,2,2,2,537571
159,3,2,2,838088
108,2,2,1,562952
134,1,1,0,633195
296,5,4,4,1477768
85,3,3,3,537028
164,3,3,2,868317
138,2,1,2,661370
214,4,4,4,1149962
189,2,1,2,920408
255,5,5,4,1348370
186,2,2,1,893663
83,2,2,2,471519
185,2,2,2,922686
145,3,2,3,757447
73,1,1,1,376015
85,2,1,1,448566
153,3,2,3,807517
167,4,3,3,919664
174,3,2,2,864186
153,4,4,4,859906
226,4,4,4,1172080
289,5,4,4,1488181
126,1,1,0,592235
291,6,5,4,1492933
202,3,3,3,1034488
172,2,1,1,821084
256,5,5,4,1328390
139,2,1,1,679732
159,2,1,1,763174
247,4,4,3,1233593
183,2,1,1,855841
66,1,1,0,306254
111,2,1,1,571743
97,2,1,2,505751
131,3,2,2,676823
97,2,1,1,516781
132,2,1,2,638242
60,1,1,1,302033
209,4,4,3,1114692
136,2,1,2,641376
202,3,2,2,975462
271,5,4,4,1416322
70,1,1,1,330072
115,3,3,3,665992
290,5,5,4,1494625
241,3,2,2,1147021
187,3,3,2,949320
271,4,4,3,1368561
151,3,2,3,792108
96,2,1,1,483931
182,4,3,4,989747
296,4,3,3,1414858
276,5,4,4,1436376
98,1,1,0,462626
268,5,5,4,1399820
268,5,5,4,1377959
289,5,4,4,1442891
147,3,2,3,789008
49,1,1,1,273497
240,5,4,4,1294261
299,5,5,4,1510153
164,3,2,3,849428
131,2,1,2,639783
172,3,2,3,850551
158,3,2,2,798426
60,1,1,0,292663
211,5,5,4,1166627
108,3,2,2,564930
129,3,2,3,701290
243,3,2,2,1168290
282,5,4,4,1462699
113,1,1,0,535174
259,6,5,4,1396997
135,2,1,2,642692
108,2,2,1,540367
92,3,3,2,518287
89,3,2,2,539765
67,2,2,1,400988
285,5,5,4,1482316
285,5,4,4,1442582
134,3,2,2,696217
221,4,3,4,1120473
255,4,3,3,1276242
93,2,2,2,533070
226,3,2,2,1087835
276,4,4,3,1386035
218,5,4,4,1192162
94,2,2,2,516335
181,2,1,2,878481
292,5,5,4,1506641
227,5,4,4,1205863
241,4,4,3,1236012
271,5,5,4,1418528
283,6,5,4,1495644
112,1,1,0,489946
297,5,4,4,1483152
252,4,3,4,1256695
125,2,2,1,618954
106,2,2,1,555082
121,3,3,2,661955
186,3,2,3,946880
237,3,2,3,1153648
137,3,2,2,696941
191,2,1,1,902039
255,6,5,4,1378044
203,4,3,4,1070015
71,1,1,1,328762
130,2,2,2,643046
245,5,4,4,1279106
162,2,1,2,780710
68,1,1,1,359008
99,3,3,3,576835
144,3,3,3,761002
199,5,5,4,1133102
185,3,2,3,918510
294,5,5,4,1522917
109,2,2,1,535260
50,1,1,1,291155
218,4,3,3,1104366
257,6,5,4,1379352
95,2,2,2,499254
114,1,1,0,519355
193,3,3,2,998226
278,5,5,4,1468918
229,5,5,4,1261374
136,1,1,0,641242
213,4,4,3,1090992
118,3,3,2,663481
209,4,4,4,1104344
270,5,4,4,1389257
110,2,2,2,578586
132,3,2,3,697241
82,1,1,0,386199
189,4,3,3,1015992
168,4,3,4,927473
46,1,1,1,235576
79,1,1,0,354052
57,1,1,1,293831
172,3,2,3,903962
251,6,5,4,1329752
244,3,2,2,1169726
45,2,1,2,298995
209,3,2,2,1001612
126,3,3,3,712874
285,5,4,4,1483425
201,4,3,3,1058820
270,4,3,4,1373520
169,4,3,4,923422
182,2,1,1,826119
124,3,2,2,683805
69,1,1,0,341481
66,1,1,0,292776
228,4,3,4,1167478
91,3,3,3,550983
140,4,3,3,767919
121,1,1,0,556021
52,1,1,0,237647
286,5,4,4,1438661
277,4,3,4,1396714
268,5,5,4,1405913
186,3,2,3,935519
214,4,3,4,1089750
47,1,1,0,224997
171,2,2,2,851358
226,3,2,3,1086445
167,3,3,2,861548
54,1,1,0,244845
134,2,1,1,655264
111,3,3,2,618172
121,3,2,3,652333
245,4,4,4,1277652
94,2,2,2,488892
76,1,1,0,382557
163,3,3,3,873769
121,1,1,0,539464
56,1,1,1,271929
299,5,5,4,1530360
86,2,2,2,479259
112,3,3,2,616986
85,2,2,2,453173
180,4,3,3,948350
287,5,5,4,1493665
169,4,3,3,912064
122,2,1,1,578190
77,2,1,2,439064
148,3,3,3,816684
153,3,3,3,815832
165,3,3,2,835591
190,3,3,2,962251
264,6,5,4,1395716
275,5,4,4,1404682
227,5,4,4,1199277
55,2,1,2,320782
140,3,3,2,774437
229,4,3,4,1192872
149,3,3,2,780162
278,4,3,4,1360469
211,4,4,4,1101351
121,1,1,0,571341
136,2,1,1,683150
163,3,3,3,834314
180,3,2,2,882253
263,5,5,4,1375739
74,1,1,1,360709
171,3,3,2,871150
273,5,5,4,1416000
187,2,2,2,871509
225,4,3,3,1134003
224,4,3,4,1171952
227,4,3,4,1196470
268,6,5,4,1446359
120,3,2,3,679930
256,5,5,4,1355456
215,5,4,4,1155736
67,1,1,1,338332
70,1,1,1,381599
146,3,2,3,794398
77,2,2,2,426907
166,3,2,3,849889
210,4,4,4,1132198
293,6,5,4,1517371
225,3,3,3,1132889
79,1,1,1,414624
181,3,3,2,906391
221,3,2,3,1059642
221,4,4,3,1130410
251,6,5,4,1368165
134,1,1,1,647115
82,1,1,0,377213
100,3,3,3,608688
236,4,3,4,1200335
248,5,5,4,1330912
151,2,2,1,764454
48,1,1,0,226123
298,4,4,3,1459863
199,5,5,4,1091627
164,2,2,1,781747
127,2,1,2,607380
141,3,2,3,757519
281,5,4,4,1462614
229,5,5,4,1244900
151,2,2,1,754223
280,4,4,4,1401473
284,5,4,4,1445231
46,1,1,0,208345
83,1,1,0,370420
208,5,4,4,1125470
201,3,3,2,1006849
255,5,5,4,1340432
292,5,5,4,1521660
270,6,5,4,1420240
88,1,1,1,405420
102,1,1,1,503528
278,6,5,4,1470986
252,6,5,4,1370113
147,3,3,3,785028
78,1,1,1,402528
216,3,3,3,1067509
235,4,3,4,1199949
270,5,5,4,1384041
57,2,1,2,317022
185,4,4,3,1012446
92,3,2,2,534622
142,4,3,3,816003
230,4,4,3,1193643
117,1,1,0,538525
78,2,1,1,440153
153,3,2,3,811661
103,2,2,1,549549
47,2,2,1,302698
99,2,2,2,525466
62,1,1,0,313927
52,1,1,1,280499
156,2,1,2,762632
131,2,1,2,645042
291,5,4,4,1465406
108,3,3,2,618602
110,2,1,1,538170
119,2,1,1,611834
195,3,2,3,997971
259,5,5,4,1364458
252,5,5,4,1307801
198,3,3,2,1013861
297,5,5,4,1498717
240,3,3,3,1159807
169,3,2,3,836141
54,2,1,1,291803
189,2,2,1,892256
140,3,3,3,754171
204,3,2,2,1007746
92,2,2,2,483202
253,4,4,3,1254660
244,3,3,2,1165623
151,4,3,4,827581
65,1,1,1,341593
70,1,1,1,372779
90,1,1,0,432476
259,6,5,4,1415783
104,2,1,1,490792
150,2,1,1,683905
168,3,3,3,857129
138,3,2,3,765580
299,6,5,4,1540628
164,2,1,1,777953
295,5,4,4,1473231
65,1,1,1,313717
57,1,1,1,280863
65,1,1,1,344542
206,4,4,3,1070209
178,2,2,2,868731
259,4,3,3,1293824
124,2,1,1,601828
152,2,1,2,745677
177,2,1,1,811370
267,4,4,4,1325862
149,3,2,3,796006
52,1,1,0,284634
218,5,5,4,1203194
96,2,1,2,476219
214,5,5,4,1199352
48,1,1,1,237688
255,5,4,4,1347961
297,4,3,3,1427743
105,2,2,2,568328
64,1,1,1,329949
300,5,5,4,1514693
279,6,5,4,1496346
211,4,3,3,1099848
209,4,4,4,1122262
95,2,1,1,508151
268,6,5,4,1442289
57,1,1,1,305227
128,3,2,3,694045
123,3,2,2,677417
242,3,3,2,1185520
152,3,2,2,749746
246,5,5,4,1307886
154,3,2,3,804359
83,2,2,2,442122
163,3,2,3,820394
107,2,2,2,547675
239,4,3,4,1231577
174,3,2,3,865527
175,2,2,1,831362
243,4,4,3,1259031
165,3,2,3,864173
182,3,2,3,925060
84,2,1,2,451149
148,3,3,3,822025
108,3,2,3,616231
119,3,3,3,701318
231,4,4,4,1179590
148,3,2,2,737061
159,3,2,2,794893
152,4,3,3,857870
241,3,2,2,1178337
203,4,3,4,1075996
104,3,2,2,586193
166,3,3,3,844706
96,1,1,0,451917
277,6,5,4,1466250
114,2,1,1,562605
283,6,5,4,1473550
131,3,3,2,686173
85,2,1,2,476557
67,1,1,1,361848
170,3,2,3,870934
55,1,1,1,305810
100,1,1,0,475145
233,3,2,3,1144987
76,2,1,1,395263
215,3,3,3,1088891
67,2,1,2,393160
166,3,3,2,838824
162,2,2,1,773223
148,3,3,2,787469
76,1,1,0,345415
142,3,3,3,741641
76,2,1,1,372302
49,2,1,2,290828
131,3,2,3,684834
97,2,2,1,518001
98,2,2,1,484301
247,4,4,4,1263331
110,1,1,0,499370
238,5,5,4,1261519
279,5,5,4,1452632
73,1,1,0,329568
52,2,2,2,337968
93,1,1,0,407894
281,4,3,3,1406305
230,3,3,3,1168418
230,4,4,4,1219688
157,3,2,3,787189
153,4,3,3,812520
135,2,1,1,665325
274,5,5,4,1426651
297,6,5,4,1537651
111,1,1,1,516482
201,4,4,3,1050476
88,1,1,1,451229
236,4,3,4,1220447
51,1,1,0,237386
90,1,1,0,419893
159,2,1,1,771141
164,4,3,3,869777
295,4,3,3,1418958
132,2,1,1,626875
80,1,1,0,367935
231,4,3,3,1183174
242,3,3,3,1219768
121,3,3,2,661702
187,4,3,3,973378
97,2,2,1,536242
130,2,2,2,687991
113,3,3,3,658735
58,1,1,1,324104
276,4,4,4,1395282
76,1,1,1,356420
248,5,5,4,1291879
77,1,1,0,349272
167,3,2,2,858009
84,3,2,2,493195
144,2,2,2,734010
236,4,3,3,1198345
88,3,2,3,548167
262,5,4,4,1374443
143,4,4,3,843933
173,3,2,2,893457
270,4,4,3,1337930
146,3,2,3,783656
124,2,1,1,627317
172,2,2,2,851415
274,5,5,4,1440045
203,3,3,2,990551
75,1,1,0,346341
227,5,4,4,1210447
211,5,5,4,1171586
267,4,4,4,1335628
269,6,5,4,1418259
166,3,3,2,828214
271,5,5,4,1383933
180,3,3,3,934908
177,3,3,3,888751
45,1,1,1,233927
254,4,3,3,1285058
281,4,3,4,1416292
61,1,1,0,295770
291,5,5,4,1478385
201,4,3,3,1041747
241,5,4,4,1273272
120,1,1,1,574304
213,5,5,4,1191881
206,5,5,4,1156401
146,2,1,2,689012
256,5,4,4,1310169
254,5,5,4,1352083
144,3,3,3,761934
113,3,3,3,652351
163,2,2,2,806337
127,3,3,2,719761
74,1,1,0,382376
47,1,1,1,266540
46,2,2,2,302590
98,2,1,2,504442
145,3,2,3,756449
177,3,3,2,904388
48,1,1,1,243249
53,1,1,1,286800
128,1,1,1,607382
150,3,2,2,745447
283,5,4,4,1458914
110,2,2,2,585028
109,2,1,1,554542
63,1,1,0,317501
86,1,1,1,431802
231,4,3,3,1159135
240,5,5,4,1278091
176,4,3,4,939414
165,3,2,3,877866
191,2,1,2,915051
86,3,3,2,490428
285,5,4,4,1448581
172,4,3,3,948529
143,2,1,2,680881
91,2,1,2,475833
128,2,1,2,620812
198,5,4,4,1102105
167,4,3,4,895665
298,6,5,4,1533647
267,5,4,4,1390549
270,4,3,3,1342477
291,5,4,4,1471451
293,5,5,4,1478700
236,3,3,3,1138279
239,4,4,3,1213768
90,1,1,0,434761
224,4,3,3,1151846
56,2,2,1,309075
90,2,2,1,490195
267,6,5,4,1416018
133,2,1,2,675079
231,5,5,4,1229323
291,5,5,4,1502643
69,1,1,0,332087
256,6,5,4,1400272
292,5,5,4,1488044
146,3,3,2,742251
159,4,3,3,858693
191,3,3,2,935988
156,4,4,3,894300
75,1,1,0,384702
64,1,1,0,293296
91,2,1,1,451235
92,1,1,1,438174
140,4,4,3,809668
189,4,3,4,1012273
249,5,5,4,1348833
92,3,2,3,558784
63,1,1,0,318810
208,3,2,2,1029717
162,2,1,2,804507
192,4,4,4,1033302
97,3,2,2,532571
131,3,2,2,704125
286,6,5,4,1487299
269,5,4,4,1416705
298,4,4,4,1474967
264,4,4,3,1314408
205,4,4,3,1055441
80,1,1,1,377451
222,4,3,3,1130012
126,1,1,1,606973
91,1,1,0,427341
248,4,4,4,1270998
227,3,2,3,1095480
222,5,4,4,1199467
255,5,5,4,1352127
97,2,2,1,511564
114,2,2,1,582804
230,4,4,3,1198514
230,4,3,4,1178465
220,4,3,4,1121809
61,1,1,0,283908
199,5,4,4,1107346
162,4,3,4,886704
185,3,3,2,916327
267,6,5,4,1413570
89,1,1,0,392644
69,1,1,1,347858
186,4,4,3,1024958
154,2,2,1,751112
92,2,2,1,508466
188,2,1,2,893759
217,4,4,4,1165720
202,4,4,3,1071378
75,1,1,1,360107
183,2,2,1,898500
292,6,5,4,1548720
207,5,5,4,1154096
174,3,2,3,894107
57,1,1,1,309644
193,4,4,3,1021171
266,5,5,4,1412418
80,2,1,2,410145
115,2,1,1,579893
55,1,1,0,292356
231,4,4,4,1215362
293,4,3,3,1424442
226,4,3,3,1149976
286,5,4,4,1461586
76,1,1,0,339130
82,1,1,0,400130
288,6,5,4,1523710
153,4,3,4,846841
205,4,4,4,1094087
102,3,2,2,565966
186,4,3,4,1008483
118,2,1,1,598709
108,2,2,1,579274
69,1,1,0,332389
226,3,3,2,1132362
256,5,4,4,1305565
173,2,2,2,827978
166,4,4,4,919118
169,3,2,3,887827
71,1,1,0,335897
157,3,3,3,806215
196,3,2,3,964770
115,2,1,1,588915
251,6,5,4,1334509
85,2,2,2,464337
72,2,2,1,382227
252,5,4,4,1345007
260,4,3,3,1280602
153,2,1,1,754753
153,2,2,2,770185
256,5,4,4,1310887
273,6,5,4,1430757
58,1,1,0,274614
98,2,2,2,536318
59,1,1,1,303733
194,4,4,3,1036452
90,3,3,3,554370
201,4,4,4,1081659
234,4,3,4,1218621
239,3,2,3,1186696
195,5,5,4,1097195
265,5,4,4,1381006
101,2,2,1,547314
242,4,3,4,1240591
97,2,2,1,491227
288,5,4,4,1465469
48,1,1,0,258543
184,3,3,3,969588
89,3,2,3,534835
293,6,5,4,1536542
195,4,3,4,1062470
241,5,4,4,1269791
119,3,3,2,670301
153,3,2,2,773814
117,3,2,2,611859
125,2,1,1,614691
157,3,3,3,812648
244,4,4,3,1246377
201,3,3,3,1032209
190,4,4,4,1027727
220,4,3,3,1096186
268,5,5,4,1426711
154,2,1,1,734503
194,4,3,3,998655
264,5,5,4,1387329
101,2,1,2,499910
152,2,1,2,735413
132,2,1,2,676301
160,3,2,2,811526
210,3,3,3,1035577
151,4,3,4,861989
48,1,1,1,266842
125,2,2,2,640394
122,3,3,2,648808
220,3,3,2,1077293
182,3,2,3,914254
149,4,3,3,831606
59,1,1,1,281233
177,2,1,2,858976
296,5,5,4,1499543
66,2,2,1,362811
109,3,3,3,613086
144,2,1,1,706779
45,1,1,0,243670
180,2,1,1,831247
56,2,2,1,351740
96,2,2,1,528195
140,3,2,2,725667
258,4,4,3,1327486
256,5,4,4,1345078
114,2,2,2,585312
67,1,1,0,325783
103,2,2,2,522208
298,5,5,4,1550782
293,5,5,4,1531387
83,2,1,2,420733
49,2,1,2,296236
220,4,3,4,1145553
185,3,2,2,922980
85,2,2,1,428754
210,5,4,4,1120222
156,4,3,4,862841
111,3,3,2,596329
247,4,3,4,1230110
74,1,1,0,383750
195,4,4,3,1045316
122,2,1,2,593447
242,4,3,4,1206114
64,1,1,0,303114
254,5,4,4,1328585
186,3,3,2,955360
264,5,4,4,1378733
82,1,1,1,379911
45,1,1,0,232626
292,5,5,4,1480737
225,3,3,3,1113381
263,4,3,3,1284592
96,1,1,0,428731
264,6,5,4,1391180
83,2,1,1,421423
240,4,4,3,1244361
105,1,1,0,510724
286,4,4,3,1418288
57,2,2,1,356975
264,6,5,4,1426323
293,6,5,4,1542430
251,6,5,4,1370874
214,5,5,4,1189555
164,3,2,3,833760
218,3,2,3,1055596
219,4,3,4,1117106
178,3,3,2,882831
241,4,4,3,1256914
169,3,3,2,850409
204,4,3,4,1070108
49,1,1,0,230664
270,5,4,4,1368777
198,5,4,4,1085251
67,1,1,1,322336
55,2,2,1,335343
78,2,2,1,429734
55,1,1,1,282734
84,1,1,1,412272
239,5,4,4,1239016
226,5,4,4,1221647
113,2,2,1,588342
65,2,1,1,365524
193,4,4,3,1049413
107,1,1,0,520226
113,1,1,1,507889
173,3,3,3,872028
263,4,3,4,1334867
60,1,1,1,304719
58,1,1,1,282070
150,2,2,2,732866
256,5,5,4,1365085
288,5,4,4,1495196
227,4,3,4,1193612
129,3,3,2,680936
206,3,2,3,998817
68,2,1,2,358850
298,5,5,4,1553764
72,1,1,0,335213
143,2,1,2,695101
49,2,2,2,298377
245,5,4,4,1314272
257,6,5,4,1364660
95,2,1,2,518738
263,6,5,4,1407844
86,3,3,3,522140
221,4,4,3,1162564
214,4,3,4,1087766
77,1,1,1,388176
274,5,5,4,1424641
115,2,2,1,560382
191,2,1,1,877772
106,2,1,2,526803
211,3,3,3,1078241
269,6,5,4,1441000
223,4,4,4,1139960
205,4,3,3,1030617
141,4,4,4,795802
273,5,5,4,1431973
201,3,2,3,1015018
156,3,3,2,810953
116,3,2,2,634428
148,2,1,1,725569
252,6,5,4,1351537
112,3,2,2,625108
258,4,4,3,1275747
118,2,2,1,583141
152,3,3,2,799132
71,2,1,2,423885
170,3,3,3,873473
155,3,2,2,801146
250,5,4,4,1305249
139,2,1,1,662134
127,1,1,1,595703
234,4,4,3,1207067
52,1,1,1,279935
123,3,3,3,713204
135,2,1,1,642232
291,5,5,4,1481208
290,5,4,4,1446811
282,5,4,4,1422288
283,4,3,3,1392346
51,2,2,1,309232
182,4,4,4,1020654
229,5,5,4,1259693
102,3,3,2,601846
253,5,4,4,1289818
227,4,4,3,1178338
157,4,3,3,880049
188,4,4,4,1033509
264,5,5,4,1406916
134,3,3,2,738265
140,2,2,2,694447
149,4,4,4,849922
90,3,2,3,524014
281,4,3,3,1357809
95,2,2,1,509617
117,2,2,1,601225
247,3,3,2,1196036
260,5,4,4,1323309
274,4,3,3,1347155
244,4,4,4,1249489
56,1,1,0,300453
49,1,1,1,244766
125,2,1,2,621407
219,4,4,4,1166373
184,4,4,3,1002137
225,5,5,4,1230307
125,3,2,3,676195
132,2,2,2,670921
63,2,2,1,356734
111,2,2,1,563636
260,5,5,4,1370914
119,1,1,0,515638
268,6,5,4,1401734
294,5,4,4,1499328
296,5,5,4,1528642
256,5,5,4,1377485
135,1,1,0,598947
298,5,5,4,1512763
292,5,5,4,1526620
275,5,4,4,1389074
61,1,1,0,272805
52,2,1,2,300745
85,2,1,1,422924
223,5,5,4,1212508
77,1,1,0,379707
112,1,1,0,520139
271,4,3,4,1380272
237,4,3,3,1190522
255,5,4,4,1307479
232,5,4,4,1249643
248,5,4,4,1327560
166,4,3,3,893764
91,2,1,2,486900
261,6,5,4,1401233
224,4,3,3,1146829
193,3,3,2,988852
116,2,1,2,565084
235,3,3,3,1148390
254,5,5,4,1332316
162,3,2,3,824942
214,4,4,3,1141119
219,5,4,4,1178816
46,2,1,1,276575
246,4,3,4,1266152
238,3,2,3,1129936
217,4,4,3,1134313
180,2,1,2,882932
230,4,3,3,1136483
81,1,1,0,410771
269,6,5,4,1421960
197,4,4,3,1041159
60,1,1,1,326310
187,3,2,2,906773
276,4,4,4,1384418
176,4,3,4,945687
199,5,4,4,1100711
295,4,3,3,1445922
58,1,1,0,272895
300,4,4,3,1501205
274,6,5,4,1463028
94,3,3,3,570331
166,3,3,3,894253
265,4,3,4,1335452
259,4,4,4,1318008
237,5,4,4,1280460
286,4,4,3,1425033
117,1,1,1,554356
164,4,4,4,912226
199,4,4,3,1080992
69,1,1,1,357041
170,3,3,3,917603
199,4,3,4,1025550
141,4,3,4,834556
127,1,1,1,601897
246,4,3,3,1234365
290,5,5,4,1485725
260,5,5,4,1353806
291,5,5,4,1513256
144,3,2,3,788786
277,4,3,4,1354078
148,4,4,3,812651
159,3,2,2,819853
154,2,1,2,760728
133,3,2,2,671725
172,3,3,2,867013
288,5,5,4,1454968
85,1,1,1,394451
124,3,2,2,677794
218,4,3,4,1151379
275,6,5,4,1444707
215,3,2,3,1078146
220,4,4,3,1119790
151,4,4,4,880730
157,3,3,3,814664
107,2,2,1,569056
77,1,1,1,352030
136,2,2,1,686590
247,5,5,4,1301183
214,5,5,4,1193032
46,1,1,1,249692
148,3,2,3,797685
236,4,3,3,1188041
276,4,4,4,1385402
47,1,1,1,257634
87,3,3,2,521433
238,3,3,3,1196960
240,4,3,3,1199328
259,4,4,3,1316836
158,4,4,3,865107
74,1,1,0,329972
57,1,1,1,280420
100,3,3,2,595986
223,4,3,3,1155947
79,1,1,0,345100
113,2,1,1,559970
181,3,3,3,921993
108,3,3,2,638050
228,5,4,4,1230991
281,5,4,4,1418208
220,3,3,3,1093904
239,4,3,3,1181042
193,5,4,4,1093815
129,2,2,2,655488
164,2,2,1,764147
154,3,3,3,795725
278,4,3,4,1389402
156,2,2,2,780740
144,4,3,4,790391
285,4,3,4,1430023
80,1,1,0,358446
93,3,2,2,545624
50,1,1,0,233697
221,3,3,2,1108753
161,4,3,4,896900
178,4,4,4,961380
291,5,4,4,1491150
124,2,1,2,610515
158,3,2,2,795125
158,4,3,4,850784
105,2,1,2,539311
189,4,4,3,1033549
259,5,4,4,1361630
220,4,3,4,1111018
182,3,2,3,920138
59,1,1,0,281610
271,5,5,4,1433319
78,1,1,0,398536
250,5,4,4,1300686
194,4,3,3,998471
88,2,1,2,470499
62,1,1,1,293894
251,5,4,4,1286370
185,2,1,1,863248
120,1,1,0,548838
293,4,3,4,1474425
262,5,4,4,1334494
241,4,3,3,1237636
196,5,5,4,1112708
180,3,2,2,887291
234,4,4,4,1190455
86,2,2,2,471407
201,4,3,4,1037472
250,4,3,3,1253476
202,4,4,4,1057729
75,1,1,1,347332
108,2,2,2,548873
247,4,4,3,1257145
135,1,1,1,637728
172,3,3,2,884618
186,3,3,3,953538
239,5,4,4,1262216
201,3,3,3,1015967
138,3,2,3,732826
109,3,2,3,591512
179,3,2,2,920769
299,6,5,4,1526234
151,2,2,1,737649
263,4,3,4,1335640
173,3,3,3,876018
264,5,4,4,1392598
113,1,1,0,535608
95,2,1,1,458603
280,5,4,4,1430900
90,2,1,1,440166
280,5,4,4,1417295
46,1,1,0,237612
202,5,5,4,1110731
148,3,3,3,766083
235,4,3,3,1180396
55,1,1,0,303611
173,3,2,3,860387
199,4,4,3,1072189
295,4,4,4,1493719
231,3,3,3,1157749
214,5,4,4,1156192
230,3,3,3,1137766
120,1,1,0,553534
243,5,5,4,1293926
93,3,3,2,525369
143,2,2,1,697211
53,1,1,1,284954
109,1,1,0,485157
240,3,2,3,1187799
293,5,5,4,1518361
240,3,2,2,1120157
90,2,1,1,452748
219,5,5,4,1167230
117,2,2,2,635198
143,3,2,2,744573
240,4,4,3,1212119
95,2,2,2,513189
216,3,3,2,1071536
201,4,4,3,1056042
199,4,3,3,1058103
111,3,3,2,618837
57,1,1,0,252962
161,2,1,1,733221
193,3,3,3,963391
215,4,4,4,1150682
217,4,3,3,1121081
68,1,1,0,331418
227,4,4,4,1208914
194,4,3,3,1014263
109,3,3,3,639018
82,2,2,1,457694
202,3,2,2,1008770
197,4,3,4,1031766
60,1,1,0,288420
270,5,5,4,1427612
167,2,1,1,802892
152,4,4,3,877844
193,4,4,3,1027097
210,4,3,4,1116605
125,2,2,1,608016
282,5,4,4,1439672
228,4,3,4,1192786
151,3,3,3,832551
236,5,4,4,1223410
67,1,1,0,304011
116,2,2,1,559781
291,5,4,4,1493039
277,6,5,4,1449151
140,3,3,2,746569
157,3,3,3,838490
260,4,3,3,1274958
216,3,3,3,1054517
128,2,2,2,675316
162,3,3,3,882031
91,3,2,3,518837
146,4,3,3,833948
150,3,2,2,778362
285,6,5,4,1484116
274,4,4,4,1364303
270,6,5,4,1420498
131,2,1,1,649902
116,1,1,0,544114
238,3,3,2,1186197
108,3,3,3,618251
129,3,3,2,671697
260,5,4,4,1338724
62,1,1,1,307824
224,3,3,3,1138955
111,2,2,1,555230
54,2,1,1,326847
149,2,2,1,713740
90,2,1,1,464815
289,6,5,4,1494390
242,4,3,3,1215046
213,4,3,4,1125892
162,2,1,1,754859
221,4,3,3,1156440
282,5,5,4,1435906
270,5,5,4,1379942
243,4,4,3,1267464
196,5,4,4,1062982
262,5,4,4,1355587
93,2,2,2,534494
119,2,1,1,560104
272,4,4,4,1348130
145,4,4,3,810955
174,4,4,3,930507
199,5,5,4,1126898
151,3,2,2,802838
267,6,5,4,1442535
162,3,2,3,816530
299,4,3,3,1460301
248,6,5,4,1327103
256,5,4,4,1339436
222,3,2,2,1044397
251,4,3,3,1267706
213,4,3,4,1111990
163,2,1,2,764059
212,5,5,4,1155301
154,2,2,2,777879
228,4,4,3,1192365
156,2,1,2,724383
177,3,3,2,921464
212,5,4,4,1151537
271,5,4,4,1386539
107,2,1,1,549859
253,5,4,4,1335820
115,1,1,1,525185
92,2,2,1,469864
164,2,1,2,783142
176,3,3,3,919373
298,5,5,4,1516134
50,1,1,0,253337
134,3,3,3,721039
275,5,5,4,1411785
76,2,2,2,444196
65,1,1,1,336100
291,6,5,4,1512572
215,3,2,2,1057148
120,1,1,0,535219
81,2,2,2,467233
271,5,4,4,1373783
66,1,1,1,362875
94,3,3,3,563305
282,5,5,4,1460394
127,1,1,1,579755
289,5,4,4,1484460
264,6,5,4,1401904
253,6,5,4,1378280
214,3,2,3,1049556
140,2,2,2,715225
286,4,3,3,1376555
77,1,1,1,362616
140,3,2,3,735907
220,3,2,3,1086346
132,3,3,3,741677
267,5,4,4,1348926
290,4,4,3,1443876
275,6,5,4,1457048
113,2,2,2,590947
77,1,1,0,377165
233,3,2,3,1122882
84,3,2,2,498770
240,5,5,4,1275610
131,1,1,1,589245
144,3,2,2,751896
101,1,1,1,504729
59,2,2,2,334497
168,3,2,2,829313
199,5,4,4,1120502
51,1,1,1,244902
49,1,1,1,236808
138,2,1,2,697094
172,3,2,2,881459
153,2,2,2,761382
117,1,1,0,563005
138,3,2,2,742812
165,2,2,1,803874
145,4,4,3,810949
143,4,4,3,832715
111,2,1,1,541515
293,4,3,3,1441836
128,3,2,2,701574
90,2,2,2,515644
211,4,4,3,1093393
270,5,5,4,1387092
126,3,3,2,689056
246,3,3,3,1189666
207,4,4,3,1058052
96,1,1,0,451955
109,1,1,1,542504
108,1,1,0,504090
104,2,2,1,564222
161,2,2,1,749539
264,4,3,4,1333942
147,3,2,2,781389
125,1,1,1,612096
283,5,5,4,1452101
241,4,4,4,1257780
188,2,1,2,864339
296,4,4,3,1453721
248,5,4,4,1325064
79,1,1,0,381504
168,3,3,2,837420
106,2,2,1,542663
179,4,4,4,971236
265,5,5,4,1384521
112,2,1,2,562126
156,2,1,2,779146
126,2,1,1,586990
56,2,1,1,323716
165,4,3,4,902470
146,3,3,3,778634
179,3,2,2,881757
149,2,2,1,732770
267,5,5,4,1409853
247,4,4,3,1226312
179,2,1,1,835447
287,5,4,4,1486751
189,2,1,1,854430
97,1,1,0,428280
113,1,1,0,489701
46,1,1,1,243890
261,5,5,4,1389227
146,3,3,3,790871
286,4,3,4,1441779
270,6,5,4,1435264
78,1,1,1,389351
219,4,4,4,1157587
141,4,3,4,810665
204,5,4,4,1086654
287,6,5,4,1505765
178,3,3,2,924841
58,2,1,1,340144
257,5,5,4,1350600
284,6,5,4,1479937
61,1,1,1,290551
58,1,1,0,261716
164,4,3,3,879913
276,5,5,4,1414222
270,5,4,4,1361811
294,5,4,4,1493947
243,4,3,3,1212602
73,2,2,1,428094
264,5,5,4,1389328
122,3,2,2,669210
298,5,4,4,1536923
177,3,3,2,909434
149,3,3,2,773307
162,3,3,3,828824
233,5,4,4,1217100
117,3,3,3,669622
271,5,5,4,1395705
120,2,1,2,604076
200,4,3,4,1061785
264,5,4,4,1343079
126,2,2,1,650278
232,4,3,4,1216859
224,4,3,4,1171241
199,5,5,4,1116598
172,3,3,2,864390
97,1,1,0,436743
218,3,3,3,1082336
90,2,2,1,481248
82,1,1,1,395937
177,2,2,2,841723
194,5,5,4,1096378
147,4,3,4,856372
78,2,1,2,441119
239,4,3,4,1220438
81,1,1,1,373886
165,2,1,2,802852
185,2,1,2,902464
146,3,2,3,740986
253,5,4,4,1332640
298,6,5,4,1529548
64,1,1,0,334642
264,4,3,4,1304256
198,4,3,4,1018724
45,1,1,0,260209
229,5,4,4,1195478
75,1,1,0,334235
226,4,4,3,1144668
287,4,4,3,1442570
276,4,4,4,1408784
114,2,1,1,562610
66,1,1,1,309139
46,2,1,1,253932
226,4,4,3,1174243
212,5,4,4,1148091
126,1,1,0,576221
116,2,2,2,574080
244,4,3,3,1251526
157,4,4,4,871927
77,1,1,0,389536
132,3,3,2,695691
244,5,4,4,1291572
208,3,2,3,1005710
158,2,2,1,748760
251,5,4,4,1324851
164,2,2,2,820348
237,3,3,3,1180469
238,4,4,3,1197557
280,6,5,4,1467289
172,2,2,1,828223
279,6,5,4,1472997
194,5,4,4,1070501
215,3,3,2,1083603
148,4,3,3,815998
103,2,1,1,540610
84,3,3,3,498872
108,2,1,2,566470
278,5,4,4,1400156
118,2,2,2,599546
122,2,1,1,585655
120,3,3,2,670254
55,1,1,0,286328
105,2,1,2,534891
93,3,3,3,582385
264,6,5,4,1379789
150,3,3,3,800565
88,2,2,2,464078
129,2,1,2,668612
93,2,1,2,511571
231,5,5,4,1221799
85,2,2,1,433360
149,3,3,2,781052
285,6,5,4,1479650
224,3,2,3,1093358
271,6,5,4,1428040
110,3,3,2,594090
289,4,4,4,1433578
109,3,3,2,603841
198,4,3,4,1063479
88,1,1,0,395312
87,1,1,1,440506
221,3,3,2,1077553
83,2,2,2,442436
110,2,2,1,585758
138,4,4,3,802015
130,1,1,1,578478
264,4,4,3,1325318
178,2,2,1,848808
135,2,2,2,663858
271,5,4,4,1413499
54,1,1,0,272428
85,1,1,0,387784
123,1,1,1,567330
158,2,1,1,737864
213,5,4,4,1171634
189,3,3,3,981119
64,1,1,0,330829
225,3,3,3,1111514
54,1,1,1,314417
254,4,4,4,1287025
280,5,5,4,1429881
196,4,3,3,1049320
228,3,2,2,1125298
50,1,1,0,249852
284,4,4,4,1451018
298,6,5,4,1576602
70,2,2,2,386370
229,3,3,2,1118172
114,3,2,2,600368
208,4,3,3,1099640
78,1,1,0,371338
286,6,5,4,1481843
58,1,1,1,282443
223,5,4,4,1184427
245,4,4,4,1239926
228,3,2,2,1102746
74,1,1,0,344400
84,3,2,3,536471
168,3,3,2,873593
234,4,3,3,1189327
57,1,1,1,312810
71,1,1,0,320763
162,2,2,2,772715
281,6,5,4,1474706
287,4,3,3,1379868
248,5,4,4,1309379
161,2,1,1,751322
227,4,3,3,1126934
281,6,5,4,1482335
208,3,3,3,1071010
165,3,2,3,860956
195,3,3,3,1011887
112,1,1,1,500929
216,4,4,4,1121098
109,2,2,2,603589
118,2,2,2,605515
55,1,1,0,246318
175,2,2,2,841759
284,6,5,4,1467670
49,1,1,0,256290
191,4,4,4,1004567
117,1,1,0,522474
165,4,3,3,873913
234,5,5,4,1283806
205,5,4,4,1120379
256,4,4,4,1297434
90,2,1,1,452911
280,4,4,3,1390300
75,2,2,2,440905
62,1,1,0,276148
275,5,5,4,1429274
231,5,4,4,1250560
296,6,5,4,1568748
266,4,3,3,1302450
49,1,1,0,250438
231,4,3,3,1139945
283,6,5,4,1508438
109,1,1,1,518126
62,1,1,1,325012
56,1,1,1,306553
254,5,5,4,1369065
141,2,2,2,736368
113,2,1,2,569506
201,4,3,3,1050083
84,2,1,1,427346
252,5,4,4,1308828
229,5,4,4,1241463
152,2,2,1,738619
162,3,2,2,844894
145,3,2,3,782588
119,2,2,1,575309
120,2,1,1,557807
182,3,2,2,931264
198,4,4,4,1050390
268,6,5,4,1433153
118,3,3,2,671075
143,3,2,3,777698
196,4,3,3,1009495
130,2,1,1,626140
292,4,3,3,1422591
55,1,1,1,262711
213,3,3,3,1049463
213,3,3,3,1055520
277,5,4,4,1448095
260,5,5,4,1388111
72,2,2,2,404358
134,1,1,0,605534
195,4,3,3,1033033
96,2,2,1,510605
85,2,1,1,454541
61,1,1,1,289514
270,5,5,4,1389040
114,2,1,1,555975
131,3,2,3,678523
71,1,1,0,314927
54,1,1,1,270138
73,1,1,1,377822
61,1,1,0,269258
215,5,5,4,1176385
118,2,1,1,581851
272,6,5,4,1422800
117,1,1,1,551777
63,1,1,1,298419
288,4,4,4,1440538
280,5,5,4,1451461
45,1,1,0,208199
231,5,4,4,1256546
172,4,3,3,902913
252,6,5,4,1370002
65,2,1,2,391947
142,2,1,2,697285
108,2,2,2,583262
191,3,3,3,989392
118,2,2,2,639973
201,5,4,4,1107898
298,4,3,4,1488271
100,3,3,3,586820
162,3,3,3,880737
67,1,1,0,351826
105,2,1,2,509836
155,2,1,2,724293
192,3,3,3,1001280
278,6,5,4,1494895
283,4,4,4,1425528
259,5,4,4,1356175
174,4,3,3,926177
59,1,1,1,310316
130,1,1,0,575416
287,4,4,4,1425626
169,3,2,3,852558
274,5,5,4,1449625
133,3,3,2,729630
169,3,2,3,843592
229,5,4,4,1208908
131,2,1,1,606175
236,4,4,3,1195185
54,2,2,2,356129
253,6,5,4,1377408
58,1,1,0,301018
137,3,3,2,753467
101,2,2,2,514076
148,3,3,2,769197
231,3,2,2,1120551
60,1,1,0,281622
166,2,1,2,769166
98,2,1,1,507279
274,4,4,3,1371435
96,1,1,1,442995
46,1,1,1,235040
70,2,1,2,412730
186,3,3,2,947403
66,1,1,0,296576
88,2,2,2,472183
48,2,1,1,297295
218,3,3,3,1074629
154,2,2,2,784861
89,2,2,2,495770
87,2,1,1,418953
68,1,1,1,349086
73,1,1,0,361340
280,4,3,4,1411236
91,3,2,2,508286
218,4,4,4,1127814
151,4,4,3,862915
55,1,1,1,301736
135,2,2,2,708755
261,5,5,4,1389899
291,5,5,4,1478861
277,5,5,4,1459554
278,5,5,4,1463508
123,2,2,2,656959
169,3,2,2,838570
124,3,3,3,683455
269,4,3,3,1319322
290,6,5,4,1535513
232,4,4,3,1164383
206,4,3,4,1061827
111,2,2,1,563117
225,5,5,4,1190329
289,5,5,4,1484771
131,2,2,2,646319
58,1,1,0,271594
264,4,4,4,1354596
277,5,5,4,1417016
163,4,3,4,881446
179,3,2,2,911113
57,1,1,1,281861
185,3,3,3,930780
126,3,2,3,686261
251,6,5,4,1332670
221,4,4,3,1120492
300,6,5,4,1558502
121,2,1,2,580837
196,5,5,4,1110891
106,1,1,0,480475
146,2,2,2,709579
94,2,1,2,499999
223,5,5,4,1223524
97,3,2,3,572932
55,2,2,2,359083
146,4,3,4,845106
147,3,3,2,766239
227,4,3,4,1152619
122,2,1,2,601418
190,4,3,4,1025741
69,2,2,2,435006
57,1,1,0,286302
204,4,4,3,1073876
58,1,1,1,308213
134,1,1,1,634546
189,4,4,3,1005215
146,3,3,2,753614
220,4,4,3,1123207
82,1,1,0,399462
112,3,2,2,609143
111,2,1,1,533509
223,3,2,2,1107359
147,3,2,3,782158
85,3,3,2,489586
284,5,5,4,1487121
174,3,2,2,897046
263,4,3,3,1291222
252,5,5,4,1344008
205,5,5,4,1127761
212,3,3,2,1053130
84,1,1,1,403184
65,1,1,0,298975
193,4,4,3,1029766
224,4,4,4,1172487
76,2,1,1,418857
258,4,4,3,1321929
186,4,3,4,1016095
222,5,5,4,1213855
55,1,1,0,303629
78,1,1,1,413620
66,2,2,2,420411
88,1,1,0,401199
103,1,1,1,488300
195,3,3,2,967119
71,1,1,0,358461
116,2,1,1,577402
51,1,1,1,296351
85,2,2,1,455604
284,5,5,4,1468614
138,2,2,1,692018
110,2,1,2,556787
103,1,1,0,475077
158,3,3,2,829601
106,2,2,1,528495
132,3,3,3,750990
154,4,4,3,837592
248,4,3,4,1271304
105,3,2,3,567565
202,5,5,4,1153126
111,3,3,2,629563
124,1,1,0,574461
283,5,4,4,1448816
66,2,1,2,395949
80,1,1,0,403836
175,3,2,3,915811
205,4,4,4,1108142
294,5,4,4,1462782
137,1,1,1,617470
54,1,1,1,286398
103,1,1,1,463850
104,2,2,2,574723
218,4,4,3,1111221
131,3,2,3,730305
221,4,4,3,1162618
152,3,3,3,810635
231,3,3,2,1136788
260,5,4,4,1360550
207,5,5,4,1161881
174,4,4,4,982727
152,4,4,3,855432
55,1,1,0,278070
103,3,3,2,603178
142,2,2,2,704923
265,5,4,4,1351869
201,5,4,4,1119544
138,2,2,1,694506
196,5,5,4,1122331
100,2,2,2,537522
171,4,3,3,895439
254,4,3,4,1287830
64,1,1,1,316364
223,3,2,2,1077286
209,3,3,3,1046924
171,3,2,3,884542
46,1,1,0,211163
72,1,1,0,336487
131,1,1,0,600535
126,3,3,3,728546
106,3,2,2,570216
50,1,1,0,241584
270,5,5,4,1385401
48,1,1,0,230544
296,6,5,4,1522091
300,4,4,4,1513570
268,5,5,4,1370885
212,4,3,4,1127201
203,5,4,4,1129141
199,5,5,4,1084750
235,3,3,3,1131856
172,3,3,2,856291
215,4,4,3,1146248
250,5,5,4,1322757
116,2,1,1,557322
237,4,3,4,1195896
299,6,5,4,1576507
61,1,1,1,314888
165,3,3,3,859589
180,2,1,2,850546
93,2,2,1,499948
112,3,2,2,615909
132,1,1,0,616819
99,2,2,2,552217
93,1,1,0,460149
46,1,1,1,279420
196,4,4,4,1067074
180,3,3,3,951004
252,6,5,4,1340344
214,4,4,3,1105650
280,4,4,4,1384064
117,2,1,2,611285
203,4,4,4,1057228
116,1,1,0,505856
224,4,3,4,1124843
120,2,2,1,598780
130,3,3,2,721438
242,5,5,4,1299797
50,1,1,0,258421
145,3,3,2,791769
72,2,2,2,447214
147,4,3,3,797254
284,5,4,4,1457747
290,4,3,4,1432565
227,3,2,3,1090706
224,3,3,3,1108121
227,4,3,3,1161184
226,4,4,4,1151758
196,5,4,4,1097394
189,2,2,1,909695
181,2,1,2,850061
134,3,2,2,715942
61,2,1,2,374792
154,4,4,3,880454
107,2,1,1,505040
278,4,4,4,1380237
81,1,1,0,411691
224,5,5,4,1207546
115,3,2,2,598555
200,5,5,4,1118021
187,2,1,2,906722
295,5,5,4,1530556
166,4,3,3,878178
160,3,3,2,848988
71,2,1,1,383750
122,3,3,3,681177
139,3,2,2,703823
86,1,1,1,402677
281,6,5,4,1453595
173,4,4,4,962450
116,3,3,2,637320
260,5,4,4,1364349
237,4,3,4,1187971
276,6,5,4,1465121
145,2,1,2,702403
116,2,1,1,564828
235,5,5,4,1240359
111,3,3,3,662055
80,2,1,2,452027
179,4,4,4,1009791
93,1,1,1,444850
274,5,5,4,1425849
293,5,4,4,1512881
277,6,5,4,1470627
255,5,4,4,1320354
118,2,1,2,608613
98,3,2,2,576342
247,5,4,4,1279026
133,2,2,2,671216
197,4,3,3,999206
242,5,4,4,1276047
145,3,3,2,758840
158,4,4,4,887691
105,1,1,0,458767
266,5,5,4,1400094
202,3,2,2,1015429
135,2,1,2,680411
114,3,2,2,632006
116,2,2,2,587103
129,3,2,3,724644
77,1,1,1,379900
69,2,2,2,406184
243,5,4,4,1267625
222,4,4,4,1162286
143,2,2,1,674159
91,2,1,1,452808
119,2,1,2,620341
217,4,4,4,1114289
121,1,1,0,530886
180,3,2,2,882053
120,2,2,2,620862
292,5,4,4,1492185
171,4,3,4,915167
117,2,1,2,601819
248,6,5,4,1316959
93,2,1,1,479670
98,2,2,1,508873
226,3,2,2,1112655
265,5,5,4,1373290
271,5,5,4,1410653
107,2,1,2,560258
223,4,4,4,1138951
108,2,1,2,564047
113,2,2,1,555738
246,4,4,3,1277863
133,3,2,3,723382
75,1,1,0,380113
278,6,5,4,1439373
160,3,3,2,835376
174,3,2,2,871664
222,3,3,2,1097417
255,4,4,4,1283765
281,6,5,4,1466844
261,4,3,4,1331885
169,4,3,4,953342
217,5,4,4,1161600
207,4,3,4,1058486
241,3,2,3,1197959
239,5,4,4,1270981
216,3,3,2,1065825
80,1,1,0,395281
237,4,3,4,1221415
280,4,4,3,1400941
179,3,3,3,928331
224,3,2,2,1106130
192,3,3,2,976353
164,3,3,3,885038
253,5,5,4,1331931
285,5,5,4,1447977
282,5,4,4,1430072
47,1,1,0,264818
56,1,1,1,322362
115,1,1,0,496695
257,6,5,4,1361949
114,1,1,0,532914
49,1,1,1,243921
143,3,2,2,726616
128,2,1,2,654122
130,2,2,1,635264
97,3,2,3,571543
140,3,2,2,739305
112,2,1,2,587985
98,3,2,2,577777
53,1,1,1,287150
185,2,1,2,868389
111,1,1,1,545181
120,3,2,2,646593
89,2,1,1,473041
144,3,2,3,763751
232,3,2,3,1113609
120,3,2,3,649857
114,3,3,3,630275
245,3,2,3,1156792
74,2,2,2,416308
267,5,5,4,1387784
142,3,2,2,741218
188,3,3,3,934874
270,5,4,4,1380897
90,3,2,2,544128
293,4,3,3,1401049
276,4,4,3,1396202
121,2,2,1,626664
179,3,2,2,910018
72,1,1,1,379382
199,5,4,4,1121712
75,2,1,2,402727
102,3,3,2,564163
205,5,5,4,1119300
228,4,3,3,1138133
80,1,1,1,404256
199,5,5,4,1128955
276,6,5,4,1459129
142,2,2,2,732914
117,1,1,1,551008
290,4,4,4,1478543
130,3,2,2,716120
115,2,1,2,559556
106,1,1,1,508629
144,2,1,2,719159
63,1,1,1,316223
62,1,1,1,338435
153,3,2,2,811986
143,3,3,3,791607
296,6,5,4,1568032
185,2,2,1,855032
82,1,1,0,414874
47,1,1,1,236120
247,4,3,4,1229290
280,5,4,4,1446029
134,3,2,2,678491
166,4,3,4,905652
90,2,1,1,461051
205,4,3,4,1071389
77,1,1,1,395070
255,4,3,4,1261617
87,3,3,3,569258
188,4,4,3,1033549
87,3,2,3,493935
70,1,1,1,355210
91,2,2,2,517558
162,4,4,3,889147
114,2,1,2,565418
125,3,2,2,661059
258,5,4,4,1349589
80,1,1,1,390409
134,2,2,1,643984
46,1,1,0,244165
68,1,1,1,345687
243,4,3,4,1231105
299,4,4,4,1470211
270,6,5,4,1435745
190,3,2,2,954845
222,3,3,2,1062028
292,4,4,4,1443145
224,5,4,4,1168554
65,1,1,1,350139
229,3,2,2,1113367
73,1,1,1,375485
258,5,5,4,1381118
141,4,3,3,779865
277,6,5,4,1492161
113,3,2,2,587073
46,1,1,1,237827
281,5,5,4,1430227
115,2,2,2,596752
205,4,3,3,1061757
287,4,3,3,1391863
229,5,5,4,1227626
131,2,1,1,638526
62,1,1,1,296233
160,3,2,2,831945
241,4,4,4,1219303
65,1,1,1,336358
289,4,4,3,1450196
158,3,2,3,794711
262,6,5,4,1425991
139,3,3,2,733424
247,4,3,4,1271726
206,3,3,3,1013524
197,4,4,4,1063179
142,3,2,3,740371
219,4,3,3,1113730
200,5,5,4,1116851
51,1,1,1,294110
277,4,4,4,1399359
122,3,3,3,662355
296,5,5,4,1532906
61,1,1,1,312271
97,1,1,0,475942
268,6,5,4,1412623
144,2,1,1,689597
110,1,1,0,486325
276,5,4,4,1403181
282,5,4,4,1433117
146,3,2,2,758529
149,3,3,2,790517
288,6,5,4,1488782
100,2,1,1,523422
187,3,2,3,923503
239,5,5,4,1283237
99,2,1,2,537127
161,3,3,3,852465
83,3,3,2,480070
166,3,3,2,842332
88,3,3,2,548018
137,3,2,3,743957
220,3,2,2,1051261
68,1,1,1,336311
276,6,5,4,1431824
241,4,3,3,1237897
257,5,5,4,1326813
282,6,5,4,1499440
227,5,5,4,1235064
180,4,4,4,961685
165,4,3,4,923936
182,3,3,3,934438
50,2,2,2,349798
289,5,5,4,1483372
254,6,5,4,1375473
297,6,5,4,1547575
171,3,3,2,892921
209,5,5,4,1158079
108,1,1,0,517687
299,6,5,4,1583380
80,1,1,1,421248
277,6,5,4,1489222
178,3,2,2,907764
186,3,2,3,935865
257,6,5,4,1401192
273,5,4,4,1386129
291,6,5,4,1531425
288,5,4,4,1490872
103,2,1,1,501472
86,2,2,2,476740
232,4,3,4,1210477
62,1,1,0,324628
93,1,1,1,421606
295,6,5,4,1538198
257,4,4,3,1309892
193,5,4,4,1072768
59,1,1,0,320511
149,4,3,3,811938
142,3,3,3,744232
215,4,4,4,1124739
216,4,4,4,1128164
112,2,2,1,586241
112,2,1,2,555669
249,6,5,4,1336521
64,1,1,1,334168
203,3,3,2,1034146
222,5,5,4,1223898
205,5,5,4,1118451
108,2,1,1,553588
224,3,2,3,1080592
231,4,4,3,1170209
196,5,5,4,1110959
275,5,4,4,1399204
240,4,4,3,1216343
84,1,1,0,411964
132,2,1,2,654870
234,3,2,2,1123306
82,2,2,2,472604
51,1,1,1,271565
171,3,3,3,891017
237,4,4,3,1194171
177,2,2,2,851874
180,3,2,2,914702
285,5,5,4,1454032
286,6,5,4,1486191
162,2,2,1,800477
192,3,2,3,949507
294,4,4,4,1469675
139,3,3,2,725012
266,5,4,4,1397714
91,3,3,2,529757
232,4,4,3,1176186
268,6,5,4,1397867
174,2,1,2,803395
166,3,3,3,886785
237,4,4,3,1223016
97,2,1,1,462438
91,2,2,1,481594
87,3,2,3,494240
300,5,4,4,1491054
257,4,4,4,1321173
194,4,3,3,993862
286,6,5,4,1488693
97,1,1,1,469734
230,4,3,4,1168361
106,3,3,3,593717
135,1,1,0,621448
215,5,4,4,1144903
83,1,1,0,367791
65,1,1,1,301090
157,3,2,3,809367
293,5,4,4,1474848
122,1,1,1,580816
78,1,1,1,393586
275,4,4,3,1399257
177,2,2,2,856879
283,4,4,3,1404303
201,5,5,4,1122106
46,1,1,1,263388
118,2,1,1,608003
284,4,4,4,1419443
51,2,1,1,289515
191,3,3,2,943157
49,1,1,1,279657
293,5,4,4,1500695
250,5,5,4,1318390
137,1,1,1,622007
137,1,1,1,614707
255,5,5,4,1351366
159,3,2,2,815388
105,2,1,2,510724
232,4,4,4,1212233
93,2,2,2,479751
107,1,1,0,495945
118,3,2,2,633690
86,1,1,1,444091
297,6,5,4,1527719
196,3,3,3,981474
155,3,2,2,781724
102,2,1,2,543908
230,3,3,3,1127612
138,3,3,2,736008
276,4,3,3,1333013
245,5,5,4,1330472
110,2,1,1,531845
246,3,3,3,1189100
263,5,4,4,1348058
115,2,2,1,565038
210,4,3,3,1058674
96,2,1,1,458848
111,1,1,0,481057
272,6,5,4,1457016
172,4,3,3,930886
97,3,2,3,539985
210,5,5,4,1146860
298,5,5,4,1540323
86,1,1,1,440019
195,4,3,3,1001616
83,1,1,1,425420
273,5,4,4,1392352
53,2,2,2,362581
237,4,4,3,1183508
54,1,1,0,299018
181,3,3,3,946014
270,5,4,4,1394817
280,5,4,4,1439973
221,5,4,4,1184558
83,1,1,1,433204
289,6,5,4,1497607
122,1,1,1,588373
92,2,1,1,494445
290,5,5,4,1482839
212,4,4,3,1111025
278,5,4,4,1409838
188,3,3,3,988129
77,1,1,0,387889
134,2,2,1,643465
143,3,3,2,742882
257,4,4,3,1292385
223,5,4,4,1179568
47,1,1,1,244967
208,3,3,2,1038694
100,2,2,1,535148
112,1,1,0,524504
61,1,1,0,317434
153,4,4,3,875859
56,2,1,1,306049
79,1,1,0,397926
152,4,4,4,888171
232,5,4,4,1233829
210,4,3,3,1053516
186,3,3,2,934794
180,3,2,2,886257
169,2,1,1,786964
118,3,2,3,650821
94,1,1,0,426923
194,4,4,3,1031852
299,5,5,4,1544478
60,1,1,1,297618
61,1,1,0,272885
158,4,4,4,919997
87,2,1,1,449278
150,3,2,3,812630
232,3,2,3,1127595
215,5,4,4,1133223
105,1,1,1,484122
206,4,3,3,1081104
162,4,4,3,882503
293,5,4,4,1459788
250,5,5,4,1317325
277,4,4,4,1416090
283,4,3,4,1410851
149,3,2,3,768650
96,2,2,1,478567
140,3,2,3,722005
131,2,2,1,626607
205,4,4,4,1086864
81,1,1,1,381648
109,2,2,1,552298
62,2,1,1,364595
85,3,3,2,502610
66,1,1,0,330688
198,5,4,4,1114297
120,1,1,0,559405
296,6,5,4,1538371
148,4,3,3,799979
158,3,3,2,805027
297,5,4,4,1495192
300,4,3,4,1449472
210,3,2,2,1019845
93,1,1,0,435644
164,3,2,2,828431
54,1,1,0,259277
160,2,2,2,780931
273,6,5,4,1463997
111,2,1,2,580248
60,1,1,0,272471
74,1,1,1,342811
111,2,2,1,589078
285,5,5,4,1466535
208,4,4,4,1134140
106,1,1,0,466088
94,2,2,1,517387
117,3,2,3,657183
221,5,5,4,1225306
148,3,3,2,765327
251,5,5,4,1334309
261,5,4,4,1335469
279,4,4,3,1365820
61,1,1,0,287306
225,3,2,3,1127527
92,2,2,1,492192
184,3,3,2,919598
171,2,2,2,809925
242,5,4,4,1263582
178,3,2,2,895231
113,2,2,2,596465
133,3,2,3,689482
217,4,4,3,1148149
91,2,1,1,442464
283,6,5,4,1462078
223,4,4,4,1181391
191,2,2,2,912716
108,2,2,1,565639
198,4,4,4,1043255
136,1,1,1,657753
55,1,1,0,248256
156,3,3,3,809552
115,2,2,2,605163
296,4,3,4,1445814
57,1,1,1,308526
143,3,2,2,744532
213,4,4,3,1095862
298,5,4,4,1510133
129,3,2,2,653723
99,1,1,1,452225
242,4,4,3,1245323
49,1,1,0,273916
92,2,1,1,489623
256,5,4,4,1320616
128,3,2,3,702536
112,2,2,2,608825
180,3,3,3,956957
287,4,4,3,1448100
50,1,1,1,260558
197,5,4,4,1071271
88,3,3,3,572551
235,4,4,3,1201465
293,4,3,4,1446044
49,1,1,1,237668
85,1,1,0,387478
199,5,5,4,1117598
79,1,1,1,365193
277,5,5,4,1460173
282,6,5,4,1511514
101,2,1,1,499349
237,3,2,2,1120755
188,3,3,2,969030
275,4,3,4,1384256
179,4,4,3,991680
52,1,1,1,302676
204,4,3,3,1032663
139,2,1,1,640752
101,1,1,1,481232
176,4,3,3,960344
45,2,2,2,334582
108,1,1,0,510308
201,3,3,2,1000519
294,5,4,4,1480065
230,4,4,4,1201727
85,2,2,2,500443
248,6,5,4,1345170
237,5,5,4,1288539
62,1,1,1,335754
94,1,1,0,409660
226,4,3,4,1192818
202,3,3,3,1029978
177,2,2,1,816326
155,2,1,2,755207
279,6,5,4,1447909
88,2,1,1,435957
157,4,3,4,872362
75,1,1,0,333162
290,6,5,4,1544603
126,1,1,1,568725
62,1,1,1,326433
233,3,2,2,1129504
102,1,1,1,495772
159,2,1,1,735646
100,1,1,0,490765
244,5,4,4,1297317
282,4,3,4,1396839
151,2,2,2,724927
146,4,3,4,798506
104,3,3,2,605447
65,2,1,1,342644
210,3,2,3,1046338
238,4,4,4,1245054
199,3,3,2,969466
207,4,3,3,1054965
72,1,1,0,359423
213,3,2,3,1042370
197,4,3,4,1047292
67,1,1,1,333620
205,4,3,4,1085456
69,1,1,1,377236
193,5,5,4,1073795
251,5,5,4,1356771
120,2,2,2,610908
87,3,3,3,525153
65,1,1,0,344957
217,4,3,3,1097021
98,2,1,1,471790
286,5,4,4,1469246
195,4,4,4,1072451
85,2,1,1,459527
262,5,4,4,1359926
167,2,1,1,798479
148,3,2,2,765648
200,3,2,2,1009791
262,5,4,4,1370617
78,1,1,0,397662
280,5,5,4,1474803
297,6,5,4,1542725
131,1,1,0,605586
68,1,1,0,352170
226,4,3,3,1164559
100,2,1,1,519219
117,3,3,2,634072
201,4,4,3,1086733
51,1,1,0,271150
176,3,3,2,879677
248,6,5,4,1346216
48,2,1,1,257861
72,1,1,1,358753
238,3,3,3,1201037
179,3,3,3,909410
248,4,3,4,1276566
190,4,3,4,982470
226,5,4,4,1227393
218,5,5,4,1199711
248,5,5,4,1317509
207,5,4,4,1105349
238,5,4,4,1265870
230,4,3,3,1159030
166,2,1,2,823006
108,3,3,2,638674
295,4,3,4,1452488
144,3,3,2,779733
152,4,4,4,886942
204,4,3,3,1041636
241,3,3,3,1211893
90,2,1,2,464605
267,6,5,4,1413159
145,4,3,4,817184
130,2,1,2,616585
158,3,2,3,811429
241,5,4,4,1271771
169,4,4,3,913859
91,2,1,2,489866
67,1,1,1,354524
293,6,5,4,1533023
66,2,1,1,368523
273,4,4,3,1336494
110,1,1,1,536918
208,3,3,2,1051994
186,3,2,2,897322
183,2,2,2,887854
199,3,3,2,971873
279,5,5,4,1460581
227,3,3,3,1117646
83,3,3,2,496390
265,5,5,4,1379022
91,2,1,1,435879
116,1,1,0,552552
290,5,5,4,1489663
132,3,3,3,729967
81,1,1,0,409136
285,4,3,3,1419411
222,4,3,3,1112428
161,3,2,3,805828
102,1,1,0,450300
288,4,4,4,1462970
264,6,5,4,1406887
152,3,2,2,751475
275,4,3,4,1362435
178,3,2,3,888675
243,3,2,3,1202199
97,2,2,1,516056
143,3,3,2,746674
158,4,4,4,895989
264,5,5,4,1408317
112,3,2,3,599498
236,5,4,4,1225903
121,2,2,1,620523
78,1,1,0,377723
130,2,1,2,617221
292,6,5,4,1549216
93,1,1,0,457011
158,3,2,3,829319
187,2,2,1,857952
124,2,2,1,629734
101,3,2,2,539706
258,6,5,4,1409102
132,3,3,3,742305
63,1,1,1,337027
62,2,2,2,392924
216,4,3,4,1105886
169,2,1,2,801427
269,5,5,4,1423718
282,5,5,4,1431655
95,3,2,3,529408
186,2,2,1,898505
106,2,1,1,509795
216,3,3,3,1100670
70,1,1,0,312370
216,3,3,3,1067798
182,3,3,2,938186
72,2,1,1,391283
64,1,1,1,356414
56,1,1,1,316294
292,4,4,4,1448861
249,4,3,4,1250432
125,3,2,3,705837
294,5,4,4,1520911
144,3,3,3,793334
232,4,4,4,1199090
214,4,4,3,1101673
140,4,3,4,826006
194,4,4,3,1042436
120,2,1,2,598547
78,1,1,0,372568
118,3,3,2,658527
133,1,1,1,642111
176,2,2,2,881030
226,4,3,3,1159091
213,5,4,4,1180655
75,1,1,0,341349
191,2,2,1,882855
147,3,2,3,766511
271,5,5,4,1441794
193,4,3,3,995416
165,3,3,2,855406
182,4,3,3,981101
257,6,5,4,1370391
297,6,5,4,1572559
205,5,5,4,1158066
226,3,2,2,1101734
294,4,3,3,1415081
300,4,4,4,1485596
220,4,4,3,1169941
113,2,2,1,554810
127,2,1,2,630994
221,4,4,3,1153365
237,4,4,4,1208768
92,2,1,2,464071
101,2,2,1,498329
63,2,1,2,344177
52,1,1,1,259102
146,3,3,2,745955
66,2,1,1,379356
153,2,2,1,731974
235,4,3,4,1216111
255,4,4,4,1329207
91,2,1,2,469488
300,5,5,4,1536924
172,3,3,3,868273
290,4,3,4,1411016
149,3,2,2,785181
284,5,5,4,1483957
122,1,1,0,545625
133,1,1,0,603382
268,6,5,4,1450306
188,4,3,3,1001717
172,2,2,2,852646
281,4,4,4,1391351
121,2,1,2,629779
103,2,2,2,572712
192,3,2,2,918788
83,2,2,1,434039
190,4,3,4,990810
200,4,4,4,1086030
130,2,2,2,684725
158,3,2,2,828782
216,3,2,2,1060652
156,3,3,2,829016
290,5,5,4,1494605
197,4,4,4,1062547
148,3,3,3,771878
204,3,2,3,1031390
165,2,2,1,770753
70,1,1,1,374378
233,3,3,3,1146927
208,3,3,3,1045660
212,4,4,4,1105729
197,5,5,4,1108528
68,1,1,0,321216
237,4,4,4,1203475
199,5,5,4,1134693
117,2,1,2,614365
296,6,5,4,1551404
145,3,2,2,734011
200,4,4,4,1074256
103,1,1,0,463865
268,5,5,4,1373070
75,1,1,1,349621
252,4,4,4,1279678
270,4,4,3,1351281
253,4,4,3,1259752
160,3,3,2,842509
158,3,2,2,775412
178,4,3,3,951776
232,3,3,3,1175459
65,1,1,0,288020
242,3,3,3,1197392
144,3,3,2,749452
202,5,5,4,1152282
249,4,3,4,1262539
211,3,2,2,1054444
246,5,5,4,1305016
50,1,1,0,230003
270,5,5,4,1431961
139,3,3,3,761096
297,5,5,4,1533810
298,5,4,4,1516001
272,5,5,4,1434442
168,3,2,3,887797
218,5,5,4,1216969
190,3,2,2,929681
145,4,4,4,834970
93,2,2,2,485153
194,4,3,3,1041442
291,5,5,4,1489861
154,3,2,2,763620
143,3,2,3,783379
68,1,1,0,309997
79,1,1,1,364791
214,5,5,4,1166394
169,3,3,2,881120
120,2,1,1,582470
162,3,3,3,834419
45,1,1,1,236139
57,1,1,0,278410
156,4,3,3,878757
284,5,4,4,1435695
270,5,5,4,1405178
124,2,1,1,622455
187,3,3,3,982626
290,6,5,4,1532391
268,4,4,3,1326408
104,2,1,1,546724
296,5,5,4,1548098
242,5,4,4,1268240
96,2,1,1,502510
99,3,2,3,544552
95,3,2,3,570363
186,3,3,3,952809
91,1,1,0,429448
86,1,1,1,428353
131,3,3,2,718630
221,3,2,2,1040108
49,1,1,1,249374
83,2,1,1,421061
284,4,3,3,1380166
162,3,3,2,836053
199,5,5,4,1110399
55,2,1,2,347599
114,2,2,1,560678
56,1,1,0,278238
261,6,5,4,1380664
197,4,4,4,1032433
126,2,2,1,644002
142,4,3,3,770230
52,1,1,0,267878
284,5,5,4,1474251
103,2,1,1,538209
127,1,1,1,593003
247,4,3,3,1221230
252,5,5,4,1347119
188,2,1,2,898410
113,2,2,2,620553
176,2,1,1,829539
75,2,1,1,396871
100,3,2,3,593762
162,2,2,1,756250
203,5,4,4,1113165
149,4,3,4,848267
210,5,4,4,1125776
99,2,2,2,541250
122,2,2,1,601312
162,2,2,1,808072
182,3,3,3,934712
295,5,5,4,1542428
291,6,5,4,1496705
112,3,2,3,602500
71,2,2,2,390624
285,6,5,4,1490214
52,1,1,0,261303
98,2,2,2,522557
272,6,5,4,1462723
166,2,1,2,803236
226,5,5,4,1204448
95,1,1,0,450594
264,5,4,4,1360198
51,2,1,1,311060
179,4,4,3,960699
180,3,2,3,935460
46,2,2,2,298557
88,3,3,2,505960
268,5,4,4,1361547
273,5,4,4,1427890
120,2,1,1,606045
187,3,2,3,966065
180,3,2,2,915541
209,4,3,4,1107384
197,4,4,3,1023223
194,5,5,4,1062008
115,1,1,1,530907
176,4,4,3,931525
97,1,1,1,485410
176,4,3,3,919222
50,2,2,2,336656
96,2,2,1,485815
138,2,2,2,675504
74,1,1,1,393832
76,2,2,2,437081
56,1,1,1,281134
289,4,4,4,1449131
48,2,2,2,328699
53,1,1,0,283580
249,5,4,4,1300134
189,3,3,3,947951
227,4,3,3,1148281
225,3,3,2,1076467
200,4,3,4,1079011
283,5,5,4,1455937
156,3,2,3,807900
95,1,1,1,466217
95,3,2,3,547549
63,2,2,1,362627
135,2,1,1,661244
116,3,3,2,668649
114,1,1,1,546342
294,5,4,4,1519716
194,5,5,4,1115461
150,2,2,2,751755
147,3,3,2,803049
119,1,1,0,520566
210,3,3,2,1061438
185,4,4,3,1017071
106,1,1,1,489481
162,3,2,2,802570
288,6,5,4,1489201
152,3,2,2,771968
278,5,5,4,1460998
79,1,1,1,413550
152,4,3,4,823025
294,6,5,4,1509341
161,2,2,1,778202
266,5,4,4,1398320
265,5,4,4,1388588
117,2,1,2,587408
277,5,4,4,1448037
87,2,1,1,432919
61,1,1,1,313177
124,1,1,0,589106
282,5,4,4,1422773
166,3,2,2,821699
50,1,1,0,241463
281,5,4,4,1438882
217,4,3,4,1119916
186,3,3,3,947296
45,1,1,0,243687
271,6,5,4,1409480
137,2,2,2,718030
65,1,1,0,304049
137,2,1,1,636226
217,4,3,4,1117197
178,3,2,3,929509
126,3,3,2,698990
269,6,5,4,1409011
158,3,2,3,806538
143,4,3,3,819428
268,4,3,4,1322642
149,3,2,3,803243
155,3,2,2,803086
210,4,4,3,1096458
142,2,1,2,693498
283,5,4,4,1436858
254,4,3,4,1255165
153,2,2,2,761591
172,3,2,2,878772
144,4,3,3,781274
152,4,4,3,862163
58,2,1,1,302806
233,4,3,4,1189980
201,5,5,4,1108848
227,4,4,3,1193847
83,2,1,2,419953
232,4,3,4,1186769
199,4,4,4,1062972
124,2,1,2,646234
73,1,1,1,387874
102,1,1,0,446427
51,1,1,0,238800
227,3,2,3,1134215
144,3,2,3,780196
297,6,5,4,1523404
75,2,1,2,408861
145,2,1,1,717515
228,4,4,3,1147909
241,4,3,4,1212285
130,2,1,1,627369
234,3,3,3,1163759
135,2,1,1,652156
70,1,1,1,363788
78,2,2,2,463409
77,1,1,0,357525
113,1,1,0,524966
161,3,2,2,810244
104,1,1,1,489718
180,4,3,4,979437
194,4,3,4,1036451
84,2,2,1,448000
205,4,3,3,1074642
163,3,3,3,837106
231,4,3,4,1163670
134,2,1,1,642604
71,2,2,1,372892
218,3,2,2,1070574
52,1,1,0,232144
127,2,1,2,655390
173,3,2,2,874192
274,5,5,4,1426844
245,5,4,4,1273754
195,3,2,3,983057
205,5,4,4,1119075
102,2,2,1,504945
212,5,5,4,1137403
46,1,1,0,221854
193,4,3,4,1009427
155,3,2,3,832465
89,3,3,3,536408
227,3,3,3,1114907
69,2,2,2,406058
282,5,5,4,1474029
201,4,3,4,1071712
128,2,2,1,613731
125,3,2,2,637179
100,2,2,2,560002
198,5,5,4,1108212
152,3,3,2,821540
113,3,2,3,608454
180,2,2,1,855031
95,2,1,2,506903
76,2,1,2,441899
76,1,1,1,391284
130,2,2,2,661059
210,3,3,2,1017941
224,5,4,4,1214551
162,3,2,2,848991
87,1,1,1,439981
181,4,4,4,987996
134,2,2,1,659247
206,4,3,3,1093771
121,1,1,1,552037
155,3,2,2,817539
132,2,2,1,647832
202,5,5,4,1143290
292,5,4,4,1480121
126,2,2,2,668531
253,4,4,4,1313066
295,6,5,4,1554047
195,4,4,3,1062635
88,1,1,1,436876
230,5,5,4,1221176
291,4,3,4,1462952
263,4,3,4,1335514
184,2,2,2,909429
274,6,5,4,1457917
259,4,3,3,1292438
266,5,4,4,1354552
60,2,2,1,361305
116,2,2,2,609528
138,4,4,4,813723
68,2,2,1,407839
262,4,4,4,1304320
241,4,4,4,1223001
202,4,3,4,1039368
186,2,1,2,877916
64,1,1,0,335194
259,4,4,4,1335781
136,1,1,1,605727
93,2,2,1,510503
242,5,4,4,1288960
115,3,3,3,634307
262,5,5,4,1357150
160,3,2,2,800119
125,2,1,2,612502
65,1,1,1,303481
95,2,2,2,519163
227,4,3,4,1180818
279,5,4,4,1451025
164,3,2,2,817396
190,2,1,1,907737
263,4,4,3,1350123
53,1,1,1,273039
176,3,2,3,875683
262,5,5,4,1393776
45,1,1,1,227051
124,2,2,2,631380
151,2,1,1,746865
91,2,2,1,461140
184,3,3,3,976132
143,3,2,2,767893
219,4,4,3,1112771
149,3,3,2,783081
284,5,5,4,1473824
87,2,2,1,443299
67,1,1,0,334548
161,4,3,4,882611
107,1,1,0,496192
137,2,2,2,700570
110,2,2,1,551815
89,2,2,1,500446
265,5,5,4,1384924
128,3,2,2,655832
169,4,3,3,884307
296,6,5,4,1532950
185,4,4,3,1000326
283,5,4,4,1451839
283,5,5,4,1480173
269,5,4,4,1405151
108,2,2,2,575349
231,4,3,3,1162567
162,3,2,2,817371
203,4,4,3,1081879
84,1,1,0,382094
211,3,2,2,1011287
222,3,2,3,1092883
221,3,2,3,1106890
162,4,4,4,915002
60,2,2,1,325182
242,3,2,2,1161257
291,4,3,4,1421555
47,1,1,1,247355
172,3,2,2,883687
133,1,1,0,585730
228,4,3,3,1159847
181,3,3,3,936549
72,2,2,1,396159
45,1,1,1,262702
134,3,2,3,710423
114,1,1,1,559193
177,2,1,2,843495
290,5,5,4,1519721
227,4,3,4,1139863
239,5,5,4,1287517
157,4,3,4,885494
165,3,2,2,838799
50,1,1,0,224501
120,2,2,2,649983
242,4,3,4,1244406
187,3,2,3,914399
291,5,4,4,1456737
267,5,5,4,1373440
242,3,3,2,1159144
131,3,2,2,693429
142,2,1,2,690685
227,4,3,4,1162877
288,5,4,4,1450749
150,3,3,2,796376
106,1,1,1,474218
100,2,2,1,491806
250,5,5,4,1301160
276,5,4,4,1408225
298,6,5,4,1523769
69,1,1,0,326180
57,1,1,1,270867
104,2,1,2,529954
239,4,3,4,1210117
133,1,1,0,596793
259,4,4,3,1308023
274,5,5,4,1407063
55,1,1,1,305505
271,5,4,4,1370682
275,5,5,4,1434320
259,5,5,4,1335632
277,5,5,4,1420816
141,3,3,3,749367
285,6,5,4,1497888
213,4,4,3,1092893
135,2,2,2,695511
132,3,3,3,748179
206,5,4,4,1110634
204,3,2,2,971320
114,2,2,2,606760
234,5,5,4,1253106
51,1,1,0,268282
82,1,1,0,397671
268,5,4,4,1374923
300,6,5,4,1585642
274,5,5,4,1436773
85,1,1,0,414462
48,1,1,0,235299
158,3,3,3,822330
176,4,3,4,961904
211,3,2,3,1028660
51,1,1,0,285399
53,1,1,1,288636
187,4,4,3,1030342
242,4,4,3,1232075
122,3,3,2,670282
176,3,3,2,908722
200,4,4,4,1073283
115,2,1,1,558365
184,3,3,3,966100
111,2,1,1,571194
294,5,4,4,1505644
289,5,5,4,1498792
193,4,4,3,1013944
195,3,2,2,952868
300,5,5,4,1536602
232,4,4,3,1195129
179,4,3,3,980556
126,2,2,1,616981
265,6,5,4,1388736
141,3,2,2,733385
133,3,2,2,699835
298,5,4,4,1498271
264,5,4,4,1341749
70,1,1,0,319550
167,4,4,4,918234
56,1,1,1,277826
97,1,1,0,465954
49,1,1,1,281487
221,5,4,4,1203047
250,5,5,4,1326438
82,2,2,2,433736
97,2,2,1,521561
297,6,5,4,1553206
266,5,4,4,1358696
261,5,5,4,1382684
175,2,2,1,827041
121,2,1,1,618657
177,2,2,2,835737
220,4,4,3,1125578
204,4,4,4,1116941
102,2,2,1,530638
290,5,4,4,1503758
186,3,3,3,984676
169,3,3,3,883208
209,4,3,3,1087150
71,1,1,0,351352
281,4,4,4,1390324
232,3,3,3,1130849
202,3,2,3,977507
260,5,5,4,1367566
71,2,2,2,385569
215,4,4,4,1128388
229,4,4,3,1154702
150,3,2,2,795193
177,2,1,2,860480
255,5,4,4,1318462
300,5,5,4,1551694
60,1,1,1,311007
260,5,4,4,1360969
90,2,1,1,473535
96,2,2,2,493397
57,2,1,2,337146
97,2,2,1,530174
100,1,1,1,492382
248,4,3,3,1245716
211,3,2,2,1008044
254,5,4,4,1315606
266,5,4,4,1393341
74,2,2,2,416995
208,4,4,3,1109992
100,3,2,3,588390
213,4,4,4,1153251
241,4,4,4,1273866
252,5,5,4,1349193
96,2,1,2,510431
162,4,4,3,923388
139,4,4,4,834403
201,4,4,3,1076578
231,4,4,3,1179851
267,5,5,4,1384958
155,2,2,1,773738
52,2,2,1,305029
274,5,4,4,1429421
118,1,1,0,530778
234,5,4,4,1223174
199,4,4,4,1067673
53,1,1,1,263251
51,1,1,0,236060
210,4,3,4,1102360
80,1,1,0,392028
206,5,4,4,1134938
143,3,2,2,741688
51,2,2,1,288359
73,1,1,0,344748
105,1,1,1,505369
156,4,3,3,861988
205,4,3,3,1041574
93,2,1,1,461772
244,4,4,3,1239093
256,5,5,4,1321361
158,2,1,1,768352
116,2,1,2,556428
214,3,3,2,1033693
243,4,3,3,1241974
194,4,3,4,1038207
239,4,4,3,1237757
251,6,5,4,1352576
172,3,3,3,878022
72,1,1,1,336551
125,2,2,2,644985
297,4,3,3,1440648
61,2,2,1,379098
176,4,3,4,952549
286,5,5,4,1455157
134,3,3,3,765486
154,2,2,1,742432
271,5,4,4,1369856
87,1,1,0,408422
194,4,3,4,1032374
157,2,1,1,712865
275,6,5,4,1442179
236,4,4,4,1247365
142,3,2,3,740236
266,4,3,3,1337172
154,2,2,2,783390
112,2,2,1,598250
178,3,2,2,865956
82,1,1,1,403414
63,1,1,0,323544
276,5,5,4,1454087
274,5,4,4,1434811
291,6,5,4,1497594
163,2,2,2,798177
283,4,3,4,1403460
221,4,3,4,1164851
85,3,2,3,512503
243,5,5,4,1298685
248,6,5,4,1345365
93,2,1,2,512774
118,2,1,1,569144
197,3,2,2,972763
150,4,4,4,852969
210,5,4,4,1142302
159,3,2,2,793335
228,4,3,4,1148371
76,1,1,1,391098
155,3,3,2,825787
163,2,1,2,780015
184,2,1,2,871545
79,1,1,1,398330
135,1,1,0,639550
73,1,1,0,331120
145,3,3,2,747287
210,3,2,2,997781
253,6,5,4,1340573
71,2,2,2,390984
205,5,5,4,1130543
176,3,3,2,888691
211,4,3,3,1084911
266,5,5,4,1403680
243,5,4,4,1281088
296,5,5,4,1505824
240,4,3,3,1232989
299,4,4,3,1464648
266,6,5,4,1442964
291,6,5,4,1498206
205,3,2,2,995860
184,4,4,4,1001362
132,2,2,1,680637
289,5,4,4,1474427
292,5,5,4,1481141
238,4,3,4,1198790
199,5,4,4,1094387
91,2,1,1,447229
202,5,4,4,1120779
162,2,2,2,770461
189,3,3,2,928178
289,4,3,3,1397139
151,2,2,1,757293
57,2,2,2,344236
82,1,1,0,386650
111,1,1,0,510983
225,5,4,4,1190752
229,3,2,3,1099967
67,2,1,1,361823
187,3,2,3,943042
75,1,1,0,349046
282,5,4,4,1460052
167,4,3,3,900411
67,1,1,0,337699
59,2,2,1,366739
233,3,2,2,1100142
65,1,1,1,335639
264,5,4,4,1354907
136,1,1,1,630527
154,3,3,3,808629
54,1,1,0,262220
131,2,1,1,627693
69,1,1,1,337009
102,1,1,1,457100
112,1,1,1,557175
70,2,2,1,393914
281,6,5,4,1454000
61,1,1,1,311995
72,1,1,1,372326
243,4,4,3,1262472
297,6,5,4,1541352
265,4,3,4,1355359
179,4,3,4,988316
259,6,5,4,1398663
106,1,1,0,475000
194,5,5,4,1070375
73,1,1,1,382331
277,4,3,3,1351207
109,3,3,3,649243
299,6,5,4,1557175
254,5,5,4,1339286
200,3,3,2,980683
177,4,4,4,989473
219,4,4,3,1141175
52,1,1,1,298630
75,1,1,1,379285
204,4,3,4,1066929
66,1,1,0,316636
118,3,3,3,681457
230,4,3,4,1166314
105,2,2,1,568822
221,3,3,3,1081754
263,4,3,4,1301865
157,4,3,4,867857
130,1,1,0,617736
244,5,4,4,1286777
120,3,2,3,684822
60,1,1,1,284608
234,3,2,2,1149502
99,2,1,1,518376
143,2,2,2,711887
218,4,3,3,1112751
224,5,5,4,1230435
212,5,5,4,1153336
206,3,2,3,1041907
172,4,3,4,965403
243,4,4,4,1243680
279,5,5,4,1447219
194,3,3,2,983750
54,1,1,0,289103
296,5,5,4,1540856
193,4,3,4,1052047
125,3,3,3,704757
172,3,3,2,877082
91,2,2,2,528050
94,2,2,1,495297
66,2,1,1,354390
57,2,1,1,293369
73,1,1,0,349318
297,6,5,4,1548093
141,4,3,3,775538
166,2,1,1,768068
249,4,3,4,1276545
75,1,1,1,368780
204,4,4,4,1076726
127,1,1,0,602637
123,2,2,1,591746
249,4,3,3,1225827
93,1,1,0,424626
192,3,2,3,979659
156,2,1,2,739662
118,2,1,2,574551
297,6,5,4,1530692
291,5,5,4,1495870
111,2,2,1,553972
235,4,4,4,1209880
85,2,2,1,467509
245,4,4,3,1229230
183,3,2,2,902011
299,6,5,4,1562788
153,4,3,4,883585
180,2,1,2,861354
272,6,5,4,1434452
47,1,1,1,231302
87,2,2,1,469131
162,2,1,2,761131
157,3,3,3,812077
93,1,1,1,435795
257,4,4,3,1291823
164,3,2,2,826182
220,5,5,4,1191182
147,2,1,2,685635
93,1,1,1,426607
189,4,3,3,1016055
270,6,5,4,1432858
290,5,5,4,1471696
129,2,1,1,644039
141,4,4,4,821197
272,5,4,4,1383238
278,4,4,3,1362056
133,3,3,2,690051
203,5,5,4,1154707
232,5,4,4,1256541
154,3,2,2,772892
113,2,2,2,571811
70,2,1,2,364864
250,5,5,4,1354083
180,4,4,3,984735
105,1,1,0,512484
132,2,1,1,651151
100,3,3,2,584609
244,4,4,3,1217778
141,4,3,3,812567
240,5,5,4,1274224
70,1,1,0,311309
52,1,1,0,271550
188,3,2,2,945069
255,6,5,4,1350363
215,4,4,3,1132672
238,5,5,4,1301662
243,3,2,2,1186069
56,2,1,2,351903
248,5,4,4,1285000
214,5,4,4,1136509
281,5,5,4,1475709
112,2,1,2,577267
79,1,1,0,363947
111,2,2,1,577679
91,1,1,1,415738
131,2,2,1,621308
261,5,4,4,1366541
129,2,1,2,628772
181,3,3,2,916883
135,2,2,2,663349
253,6,5,4,1347352
157,3,3,2,799062
218,4,3,3,1141389
181,2,2,1,831940
230,4,4,3,1170619
153,3,3,2,807821
240,4,4,4,1242770
285,5,4,4,1431238
176,2,1,2,817074
149,3,2,2,794721
290,5,4,4,1473739
298,4,3,3,1433531
106,3,3,2,632989
177,3,3,2,908881
68,1,1,1,368281
180,2,2,2,897608
128,1,1,1,601754
87,2,1,1,444418
58,1,1,0,310852
218,5,4,4,1176651
242,4,3,3,1205660
120,2,1,2,605990
246,5,5,4,1295236
145,2,2,1,713477
93,2,2,2,533520
295,6,5,4,1527385
103,2,2,2,550700
116,3,2,2,640186
160,4,3,4,858612
240,4,4,4,1263016
296,5,5,4,1547721
88,2,1,2,454824
135,1,1,1,633810
300,5,5,4,1549920
232,3,2,2,1137288
147,2,2,1,715891
62,1,1,1,345317
200,4,3,3,1061047
199,4,4,4,1052855
127,2,1,2,643610
153,3,2,3,780766
210,4,3,4,1105574
197,4,3,3,1017082
120,3,3,3,690568
87,2,2,2,471422
100,1,1,1,473315
250,4,4,3,1257142
173,2,2,1,837045
272,5,4,4,1394238
270,6,5,4,1417334
289,4,4,3,1446662
299,4,4,3,1495239
178,4,3,3,929569
297,4,4,3,1462618
78,1,1,0,396122
79,2,2,2,472587
266,5,5,4,1410237
174,4,3,4,916376
244,4,4,4,1274568
256,4,4,4,1280389
178,2,2,1,846642
225,3,3,2,1105106
100,2,2,1,512395
77,2,1,2,430737
271,6,5,4,1447034
239,3,2,2,1130452
299,4,3,3,1428648
287,5,5,4,1467900
133,3,3,2,698305
194,5,4,4,1041985
206,4,4,3,1069727
257,5,5,4,1329745
124,2,1,2,611824
145,3,3,2,741182
216,5,5,4,1203010
97,2,2,1,492112
67,1,1,0,309562
108,2,1,1,525788
203,3,2,2,1005896
187,2,1,2,879416
140,3,3,2,727253
56,2,1,1,299641
78,2,2,1,458528
255,5,5,4,1343371
99,3,3,2,604051
114,2,2,1,595427
211,4,4,3,1077328
143,2,1,1,669674
120,2,1,2,608563
103,1,1,1,481133
98,2,2,1,538107
94,3,2,3,547693
271,5,4,4,1381216
223,4,4,3,1147763
285,5,4,4,1427302
208,4,3,3,1096119
192,2,1,1,898471
205,5,5,4,1133875
123,3,2,3,648571
143,2,2,1,699313
246,4,3,4,1233959
89,2,1,2,472649
280,5,5,4,1435106
227,3,2,2,1107007
108,1,1,0,484600
203,3,3,2,1023752
278,5,4,4,1436842
169,4,3,4,935169
72,1,1,1,339687
93,1,1,1,459393
151,2,1,1,733494
241,5,4,4,1292867
225,5,4,4,1179155
143,4,3,3,792903
59,1,1,0,278244
65,1,1,0,307157
105,2,2,2,564416
237,4,3,4,1193066
297,5,4,4,1483107
292,6,5,4,1549147
84,1,1,1,399038
164,4,3,4,903817
148,3,3,2,767771
106,1,1,0,496712
145,3,2,2,773586
155,3,3,2,817034
274,6,5,4,1479200
233,3,2,3,1154346
87,2,2,1,488857
215,4,4,4,1133746
87,1,1,1,433960
277,5,4,4,1413360
236,4,3,3,1197129
70,2,2,1,415536
108,2,2,1,553231
50,1,1,1,262276
282,5,5,4,1486117
218,5,5,4,1193939
282,5,4,4,1449834
136,1,1,0,601413
74,1,1,1,376408
151,3,2,2,756289
50,2,2,1,315554
259,5,5,4,1385702
149,4,4,3,835734
193,4,3,4,995838
49,1,1,0,230124
181,2,1,1,830951
213,5,4,4,1147437
281,5,4,4,1407534
300,5,4,4,1509326
114,2,1,2,593083
190,3,2,3,976130
143,3,3,2,738790
97,2,2,1,506790
160,3,2,2,784571
281,6,5,4,1506320
63,1,1,0,295975
172,3,3,3,871428
114,2,1,2,605228
300,5,5,4,1548636
122,2,1,1,576598
205,3,3,2,1049833
294,4,3,4,1473650
259,6,5,4,1412416
67,1,1,1,318220
249,5,4,4,1298814
125,3,3,3,703349
87,3,3,2,512306
178,2,2,2,866717
240,4,4,4,1258885
295,5,4,4,1510030
132,2,1,2,638942
143,2,1,2,722262
143,4,4,3,838480
249,5,5,4,1310988
168,2,2,2,812075
188,3,2,2,945382
154,3,3,3,839092
86,1,1,1,389434
171,2,2,1,794654
65,2,1,1,337564
215,3,3,3,1081163
94,3,3,3,569377
113,1,1,1,510899
114,2,1,1,555819
238,5,5,4,1257837
115,1,1,0,547747
98,2,2,2,522565
189,3,3,2,931023
238,4,4,3,1242654
46,2,1,2,272823
104,3,2,2,601375
230,4,3,4,1154842
79,1,1,1,369119
100,1,1,1,461106
70,2,1,2,393449
219,4,3,4,1126257
239,5,4,4,1269714
60,1,1,1,290549
293,5,5,4,1490802
294,6,5,4,1523538
153,3,2,2,810435
218,5,5,4,1174138
62,1,1,1,336379
239,3,3,2,1154594
293,5,5,4,1492898
174,2,1,2,855608
220,4,4,3,1141018
196,3,2,3,991865
225,4,4,3,1178121
177,4,3,3,944034
272,5,5,4,1389697
118,2,2,2,604964
283,5,4,4,1474496
212,4,3,4,1096649
151,3,3,2,782537
195,4,3,4,1013680
211,5,5,4,1153023
128,2,1,1,633537
89,2,2,2,487113
269,5,5,4,1411962
259,6,5,4,1411939
159,3,3,2,819960
201,4,3,3,1025618
175,3,3,3,887980
127,1,1,0,565356
192,2,1,2,932652
300,5,4,4,1498571
197,4,3,4,1032390
95,1,1,0,462171
195,5,4,4,1063549
242,3,3,3,1169774
190,4,3,3,1007878
205,5,5,4,1158076
59,1,1,0,268460
229,3,2,2,1099747
228,4,3,4,1171880
234,4,4,4,1215729
191,3,2,2,917176
278,5,5,4,1437975
182,4,3,3,952051
77,1,1,1,381405
156,3,3,2,821988
248,6,5,4,1367808
225,4,4,3,1146524
54,1,1,0,255021
93,3,3,2,541234
286,4,3,3,1397117
269,5,5,4,1387222
198,5,4,4,1087371
173,4,3,4,950617
220,5,5,4,1175276
298,6,5,4,1580030
294,6,5,4,1561787
108,2,2,2,555623
235,4,4,3,1209213
130,2,1,1,629826
199,5,4,4,1087666
179,2,2,1,842788
111,2,1,1,568464
178,4,4,4,1001314
95,2,1,1,502122
134,3,2,3,730778
277,6,5,4,1452148
227,4,3,4,1154549
98,3,2,3,588322
52,1,1,0,247521
290,5,4,4,1449696
219,4,3,3,1139553
96,1,1,1,443426
264,5,4,4,1343550
290,6,5,4,1533794
154,2,2,1,719416
58,1,1,0,293871
212,5,5,4,1161566
210,4,4,4,1101796
296,6,5,4,1556594
201,3,3,3,1034435
276,5,4,4,1417126
56,2,2,1,352374
105,3,2,3,572515
65,1,1,1,314485
69,2,1,1,359651
253,5,5,4,1349806
104,2,1,2,550734
242,5,5,4,1264164
236,4,3,3,1162318
289,6,5,4,1541606
237,3,2,3,1175969
239,4,4,4,1219461
51,1,1,0,263772
186,4,3,3,957129
220,4,3,3,1144228
215,4,4,3,1093958
141,3,3,2,755718
60,1,1,1,325966
240,4,3,4,1196092
206,4,3,3,1053377
247,4,4,3,1245903
135,3,3,3,724476
204,3,3,2,990558
172,4,4,3,966134
272,4,3,3,1345912
276,4,3,4,1349474
267,4,4,3,1345083
178,3,3,3,913841
209,3,3,2,1055258
126,1,1,1,613328
85,3,2,2,476480
281,5,4,4,1460022
66,1,1,0,307623
61,2,1,1,312533
79,1,1,1,409005
129,2,2,1,617772
147,2,1,1,684293
208,4,4,3,1071888
68,2,2,1,408955
94,2,1,2,473339
258,5,4,4,1365487
46,1,1,1,260785
114,1,1,0,548649
285,5,4,4,1460399
103,2,2,1,522882
212,4,4,4,1147392
58,1,1,1,276111
286,6,5,4,1489406
237,4,3,4,1198511
229,5,5,4,1228806
85,2,1,2,463779
140,4,4,4,792643
76,2,1,2,405165
221,4,4,3,1119456
131,1,1,0,601146
246,4,3,3,1232974
88,2,1,2,476056
76,1,1,1,406211
236,4,3,3,1196415
182,4,4,4,986553
206,4,3,3,1065563
246,5,4,4,1294980
74,2,2,2,424584
161,3,2,3,827602
206,4,4,3,1076886
232,4,4,4,1191138
155,4,3,4,858719
45,2,2,2,316287
147,4,3,3,787993
92,3,2,2,519374
49,2,2,1,308661
111,3,3,3,633235
192,3,2,3,949123
144,4,4,3,835684
206,3,3,2,1015788
245,4,3,3,1237058
170,3,3,2,893732
243,3,3,3,1208729
178,3,2,3,900221
81,1,1,1,413779
218,3,2,2,1027455
249,4,3,4,1232154
69,1,1,1,331215
170,2,1,1,779163
218,4,4,3,1162450
241,4,3,4,1252291
48,1,1,1,261803
133,3,3,3,744590
161,3,2,2,801740
245,3,2,3,1160192
95,3,3,3,560236
164,2,2,1,799899
186,3,2,2,910632
158,2,1,2,782063
159,3,3,3,868917
198,4,3,3,1020978
126,2,2,1,607885
176,2,2,1,846850
276,4,4,3,1361970
106,3,3,3,634754
83,2,2,2,436847
56,2,1,2,330308
95,3,2,2,564153
238,5,5,4,1288104
177,2,1,2,852707
71,1,1,0,323059
221,5,5,4,1232837
286,4,3,4,1443324
226,3,2,2,1077699
203,5,5,4,1138813
134,2,1,1,646385
241,4,3,4,1241450
74,1,1,1,358646
61,1,1,1,293900
125,2,2,1,624632
286,5,5,4,1495314
273,5,5,4,1420572
162,3,2,2,850156
186,4,3,4,989522
245,3,2,2,1148314
46,1,1,1,255655
63,1,1,0,295314
296,4,4,4,1465205
195,4,3,3,1032838
229,3,3,2,1147605
255,4,3,4,1285565
107,3,3,2,601914
241,4,4,4,1224273
208,4,3,4,1060843
175,3,3,2,909880
126,1,1,0,573259
127,1,1,0,570001
49,2,2,2,329087
117,2,2,2,606171
150,3,2,2,742230
187,4,4,4,1032716
77,2,2,2,436413
277,4,4,4,1395309
174,4,4,4,977066
287,6,5,4,1521387
142,4,4,3,811657
170,3,2,2,843771
84,2,1,1,425153
195,5,5,4,1071459
92,2,1,1,440884
109,3,3,3,608295
298,5,4,4,1502845
176,4,4,3,960105
242,4,3,4,1237241
191,2,2,2,892483
231,3,3,2,1099202
86,2,2,1,435329
75,2,1,1,374729
169,2,2,2,835636
129,3,3,2,672122
105,2,1,1,528919
123,2,1,1,591833
46,1,1,1,259431
275,5,5,4,1449333
117,1,1,1,566177
161,3,2,2,831439
279,6,5,4,1474870
257,5,5,4,1351620
101,2,1,2,515301
254,5,4,4,1353288
139,3,3,3,751532
234,4,3,4,1189907
146,4,4,4,825783
172,3,3,3,871715
84,2,2,2,491363
64,1,1,1,309585
175,4,4,4,992733
70,1,1,1,373335
270,5,4,4,1372424
199,3,3,2,1022192
58,1,1,1,305271
290,6,5,4,1537287
67,2,1,2,382403
297,6,5,4,1536060
155,4,4,4,856647
156,2,1,1,723252
49,1,1,1,238408
185,3,2,2,898879
250,5,5,4,1351131
106,2,2,1,538197
69,1,1,0,320863
120,2,2,1,606994
127,3,3,2,673852
244,5,5,4,1297747
252,6,5,4,1359774
179,4,4,3,948001
286,5,5,4,1447168
102,2,1,1,481785
104,2,2,2,542241
142,3,2,3,760249
254,5,4,4,1322473
282,4,3,4,1411986
62,1,1,0,274393
291,4,3,3,1392700
223,4,3,3,1152883
168,2,2,1,819310
141,3,3,2,744690
248,5,5,4,1299182
251,6,5,4,1381658
98,2,1,2,484520
188,2,1,2,873036
85,2,2,2,490395
231,5,5,4,1263044
269,5,5,4,1434487
71,2,2,2,390793
133,3,3,3,715445
156,3,3,3,836925
211,4,4,4,1110603
81,1,1,1,417955
64,1,1,1,325027
274,5,5,4,1428389
84,1,1,0,398636
148,2,1,2,744017
194,5,5,4,1112168
81,1,1,0,382957
215,4,4,3,1139227
181,3,3,2,895813
72,1,1,1,357320
126,2,1,1,612442
180,2,2,2,887223
137,1,1,0,589897
207,5,5,4,1123756
132,2,2,1,648732
56,1,1,1,303852
289,6,5,4,1492824
239,4,3,3,1225357
202,3,2,3,1033088
272,5,4,4,1411902
49,1,1,0,239651
64,1,1,1,306918
236,4,3,3,1207544
131,2,1,1,614274
64,1,1,1,319183
95,1,1,1,444258
292,5,4,4,1512227
152,4,3,4,862569
240,5,4,4,1261695
265,5,4,4,1398810
58,2,2,1,360626
273,5,4,4,1386087
60,1,1,0,279065
286,5,5,4,1465179
130,1,1,0,586939
125,2,2,1,629170
55,1,1,0,273990
86,1,1,1,437805
217,4,4,3,1115839
101,2,2,1,525195
202,4,4,3,1056954
158,3,3,2,796588
155,3,3,3,846212
268,4,4,4,1353809
244,4,4,4,1255112
78,1,1,0,361789
163,2,2,2,828328
124,3,2,2,639777
250,4,3,4,1284139
180,4,4,3,996575
84,1,1,1,419194
247,4,3,4,1234658
139,4,4,4,831715
152,3,3,3,802504
59,1,1,1,287096
299,5,4,4,1494943
132,3,2,2,674074
171,3,3,3,902366
59,1,1,1,292436
275,5,4,4,1395568
212,4,3,4,1122830
248,5,5,4,1299133
186,4,4,3,1002240
230,3,3,2,1123097
49,2,1,1,312677
72,1,1,0,325051
268,5,5,4,1429734
251,4,4,4,1314541
177,4,3,3,932231
129,1,1,1,574902
181,3,3,2,899508
263,6,5,4,1406772
65,1,1,1,346980
77,2,1,2,433319
73,1,1,0,378831
172,4,3,4,936265
224,4,3,3,1135025
102,2,2,1,509164
195,3,3,3,976493
246,3,3,3,1201242
262,5,5,4,1397697
285,4,4,3,1409192
270,6,5,4,1454389
277,4,4,3,1365418
163,2,2,2,780824
278,5,5,4,1446735
224,5,5,4,1228083
104,1,1,0,486173
241,3,2,2,1136901
170,3,3,2,867503
62,1,1,0,314548
163,4,3,4,900590
196,3,2,2,959839
159,2,1,1,764931
88,2,2,1,477303
65,2,1,1,375447
73,1,1,0,337612
172,2,2,1,810701
70,1,1,1,343223
106,2,2,2,572961
201,4,3,4,1059762
182,3,2,2,888632
53,1,1,1,261560
70,1,1,0,348651
186,3,2,2,919981
97,3,2,3,551741
171,3,2,3,860280
260,5,4,4,1325577
207,4,3,3,1068579
196,3,2,3,968513
157,2,2,2,779107
195,4,3,4,1021316
114,2,2,1,606077
285,5,4,4,1463374
101,1,1,0,458026
161,4,4,4,934669
248,5,5,4,1297961
150,3,2,3,758793
122,1,1,0,556966
262,5,5,4,1394398
111,2,2,1,569702
129,1,1,1,592642
151,3,2,3,783565
169,3,2,3,871004
65,1,1,0,297457
71,1,1,1,359123
203,4,4,3,1078975
63,2,1,1,323737
161,3,3,3,849438
212,3,2,3,1035297
171,4,3,3,938870
247,4,3,3,1226272
172,2,1,2,848810
170,2,1,1,797717
120,3,2,3,665448
171,3,2,2,869947
284,4,4,4,1400506
189,3,3,3,989956
229,3,3,3,1113745
287,4,4,4,1463629
175,2,2,1,839052
237,5,4,4,1276905
240,4,4,3,1253974
231,5,4,4,1252023
171,2,2,2,830580
275,6,5,4,1434226
191,3,3,2,954155
158,3,3,3,858698
274,4,3,4,1357879
72,1,1,1,360483
226,3,2,2,1071791
178,3,2,3,886789
155,3,2,2,802366
104,1,1,1,473697
226,4,3,3,1171040
262,4,4,4,1319102
289,4,4,3,1416203
109,2,2,2,551074
215,3,3,3,1103988
117,1,1,0,522499
103,2,1,1,503282
184,4,4,3,994267
217,3,3,2,1078396
163,3,3,2,844849
82,1,1,0,396075
67,2,1,2,353826
148,3,3,2,782722
215,4,3,4,1130212
149,2,2,1,706263
212,4,3,4,1087320
241,4,3,3,1223210
129,2,2,1,617374
227,3,2,3,1093755
196,3,3,3,996602
77,1,1,0,371999
92,1,1,0,430627
193,4,3,3,996113
92,3,3,2,528020
261,6,5,4,1409142
195,5,5,4,1105402
171,3,2,3,845569
285,5,5,4,1449491
164,2,1,2,790827
200,4,3,4,1027412
72,1,1,0,352664
138,4,3,4,802442
130,1,1,1,584678
266,6,5,4,1433337
75,1,1,0,340781
148,4,3,4,818872
255,5,4,4,1357100
189,4,4,3,996728
147,2,2,1,727913
183,3,2,2,904634
187,2,1,1,857814
145,3,3,2,793763
62,2,2,1,352286
48,1,1,1,261872
254,5,5,4,1354630
161,3,3,3,846336
206,4,4,4,1079435
262,5,4,4,1345540
171,3,2,2,849385
107,3,2,2,609900
273,4,3,3,1363482
142,3,2,3,736522
286,4,3,3,1402134
197,4,4,3,1059306
133,1,1,0,604168
226,4,3,3,1144320
151,3,3,2,807364
171,4,3,4,927207
55,1,1,0,262799
206,4,3,4,1079429
143,4,4,4,833500
88,2,1,1,475029
275,5,4,4,1392594
177,3,2,3,892794
106,1,1,1,506805
139,3,2,3,740681
100,2,2,2,554784
169,4,3,4,921922
128,3,3,2,716818
300,6,5,4,1568375
297,5,4,4,1484894
290,4,4,4,1474585
198,4,4,3,1035866
100,1,1,1,476223
152,2,2,1,726617
225,4,3,3,1151003
111,2,2,1,539197
119,2,2,2,621608
194,4,3,4,1056050
127,1,1,1,598897
144,2,2,1,714835
54,1,1,0,246697
285,6,5,4,1469996
269,4,4,4,1359962
127,2,1,1,591879
287,5,4,4,1478366
66,1,1,1,357325
80,1,1,1,418570
156,4,3,3,851248
148,4,4,3,826596
167,2,1,2,788536
186,3,2,3,939597
220,4,4,3,1143261
53,2,2,2,331614
220,5,4,4,1168315
201,4,3,3,1039011
46,1,1,0,214475
234,4,4,4,1202231
255,4,3,3,1276002
279,6,5,4,1486874
257,5,5,4,1365010
237,5,4,4,1263333
182,3,3,2,948629
247,4,3,3,1236581
273,5,5,4,1439944
94,2,1,1,469207
253,5,5,4,1342316
163,3,2,3,868153
177,2,2,1,846010
175,4,4,4,953143
141,2,1,2,661511
268,5,5,4,1396806
165,3,2,2,855707
139,4,4,4,815865
210,5,5,4,1152314
48,1,1,0,259863
92,2,2,1,472763
216,5,5,4,1152766
59,2,1,1,324685
235,5,5,4,1288401
162,3,3,2,821305
265,4,3,3,1306314
185,3,3,3,930862
116,3,2,3,666431
103,3,2,3,614299
296,4,4,3,1489253
201,5,5,4,1105390
199,4,3,3,1017685
53,1,1,0,259775
103,3,3,2,577458
234,4,4,4,1237195
98,2,1,2,487816
57,1,1,1,300223
191,3,3,3,984141
266,5,5,4,1399018
196,5,4,4,1066536
244,3,2,2,1140106
229,4,4,4,1177874
49,2,2,2,292493
152,3,3,2,827198
66,2,2,1,381239
239,5,4,4,1257747
111,1,1,0,490418
117,1,1,1,565748
195,4,3,4,1017866
217,4,4,3,1114897
215,4,4,4,1163519
171,3,2,3,861722
239,4,4,3,1241241
79,1,1,1,372716
268,4,3,4,1350690
235,4,4,4,1197354
79,2,1,1,435864
45,2,2,2,277277
170,3,3,2,845902
290,6,5,4,1547647
202,5,5,4,1103812
208,4,4,3,1115516
53,2,1,1,299740
162,3,2,2,843077
98,3,2,3,575461
103,2,2,2,571450
118,2,1,2,610171
149,3,2,3,795709
122,2,2,1,594658
146,3,2,2,777677
120,2,1,1,586096
238,4,4,4,1247595
102,2,2,2,565304
119,2,1,1,564202
98,3,3,3,604943
284,6,5,4,1516030
78,1,1,1,406530
207,4,3,4,1069548
235,3,3,3,1159239
155,4,3,3,858892
130,1,1,1,597863
136,3,2,2,703481
250,6,5,4,1321708
274,5,4,4,1408230
234,4,3,4,1171939
110,2,1,1,559534
109,2,1,1,552009
106,2,1,1,544116
97,1,1,1,487250
123,2,2,1,646561
98,2,2,1,514219
215,3,2,3,1047528
266,6,5,4,1431012
135,2,2,1,644607
299,4,4,3,1478122
221,5,4,4,1188739
240,4,4,3,1204300
55,1,1,0,283934
54,1,1,1,311546
214,4,3,3,1126131
283,5,5,4,1475341
72,1,1,0,354358
45,1,1,0,216772
137,1,1,0,632222
92,1,1,1,438223
116,3,3,2,639328
210,3,3,2,1043260
171,3,2,3,877455
276,5,4,4,1391346
130,2,1,1,645181
227,5,5,4,1222627
124,1,1,1,582749
166,3,3,3,841339
245,4,4,4,1260058
243,4,3,3,1245881
150,3,2,2,785795
149,2,1,1,679403
280,5,4,4,1453172
67,1,1,0,338820
210,3,3,3,1036951
124,1,1,0,543703
115,1,1,0,526850
151,3,3,2,790142
183,4,3,4,996534
297,6,5,4,1525758
121,1,1,1,539802
138,3,3,3,746445
120,3,2,2,668404
140,3,3,3,777408
199,5,5,4,1097330
165,3,3,2,822870
115,2,1,2,579675
209,5,4,4,1117584
162,3,3,2,838199
88,2,1,1,482203
144,4,3,3,800972
81,1,1,1,410204
97,2,1,2,491321
170,3,3,3,863118
134,2,2,2,653268
160,3,3,2,847599
196,3,3,2,960549
237,3,3,3,1139989
299,6,5,4,1574837
185,3,3,2,915139
101,2,2,1,522062
111,1,1,0,494670
262,4,4,3,1294284
298,4,3,4,1460753
238,4,3,3,1180667
248,4,4,3,1273766
285,5,5,4,1488620
123,2,1,1,571717
189,3,2,2,958727
109,2,1,2,545517
263,5,5,4,1402842
106,2,1,2,542116
281,4,3,3,1374847
184,2,2,2,878504
254,5,5,4,1362052
86,2,2,1,458329
99,2,1,2,539665
232,4,3,4,1181646
77,2,1,2,406287
242,4,4,3,1255547
136,2,1,2,669037
73,1,1,1,373273
131,2,2,1,648103
284,5,5,4,1486211
228,5,4,4,1216196
116,1,1,0,515336
77,1,1,0,354035
130,3,2,3,724850
84,2,1,1,412806
172,3,2,2,872783
186,4,3,3,1005356
111,1,1,1,539369
83,2,1,1,401625
144,3,2,2,718384
252,4,4,4,1314223
134,2,1,1,670215
201,3,2,2,960229
102,2,2,2,559494
211,4,3,4,1111608
234,4,4,3,1197615
134,3,2,3,748177
99,1,1,0,451728
97,1,1,1,471296
214,5,4,4,1149310
127,1,1,1,585455
280,5,4,4,1451390
286,5,5,4,1462311
107,3,3,2,618878
72,2,2,2,437379
57,1,1,1,316942
235,4,3,3,1205494
83,2,2,1,445757
236,4,4,3,1226476
282,5,5,4,1456645
154,3,2,3,789163
163,3,3,3,842449
223,4,3,3,1156153
180,3,2,2,890698
268,5,5,4,1392872
202,4,4,3,1038382
47,2,1,2,307637
64,1,1,0,304251
84,1,1,0,392407
112,3,3,2,617589
174,2,1,2,843668
295,4,3,3,1432449
147,3,2,2,750211
84,3,2,3,498235
251,5,5,4,1331928
291,5,5,4,1525593
223,3,2,2,1098785
262,4,3,3,1270392
266,4,4,4,1357923
155,3,2,2,787523
144,2,2,1,690168
267,5,4,4,1394304
255,5,5,4,1324957
66,1,1,1,328110
277,5,5,4,1408520
175,3,3,3,891215
140,3,3,3,764891
228,4,4,3,1148093
107,1,1,0,515169
52,1,1,1,271958
99,2,2,1,490345
295,6,5,4,1560524
145,2,1,2,709552
278,5,4,4,1426916
216,4,4,4,1109915
121,2,2,1,634278
234,4,3,3,1173163
139,3,3,3,750873
252,6,5,4,1380753
111,1,1,1,509681
153,3,3,3,798962
174,3,2,2,868821
105,3,3,2,570755
285,5,5,4,1444389
220,3,2,2,1077131
199,4,4,4,1039501
183,3,2,2,909593
59,1,1,1,299685
63,2,1,2,385252
164,2,1,1,790508
148,2,1,2,730644
210,4,3,4,1085317
86,2,1,2,476193
229,3,3,2,1123953
239,4,4,3,1205063
258,5,5,4,1354083
250,6,5,4,1373048
63,1,1,1,326818
161,2,2,2,796643
69,1,1,1,345598
190,2,2,1,901507
290,5,5,4,1465429
286,5,4,4,1484434
169,2,2,1,799007
279,6,5,4,1491042
106,1,1,0,490246
138,2,1,1,639460
66,1,1,1,349220
132,1,1,0,616042
167,4,4,4,961773
176,3,2,2,873396
115,1,1,0,505542
268,5,5,4,1377637
239,5,4,4,1265591
299,5,4,4,1495525
109,3,3,2,610448
166,3,3,2,868431
101,2,2,1,516222
208,3,3,3,1023290
205,4,4,3,1083664
133,3,2,2,672884
224,4,4,3,1139937
155,3,2,3,799785
221,4,3,4,1159296
89,2,1,1,463836
101,1,1,1,503402
226,3,2,2,1087379
62,1,1,1,335683
279,6,5,4,1450644
213,4,4,3,1119338
78,1,1,1,397569
85,3,2,3,518599
181,3,3,2,920810
134,2,1,2,684676
206,5,4,4,1145956
80,2,2,1,438548
195,3,3,2,948618
277,4,3,3,1383207
75,1,1,0,382999
46,1,1,1,239426
278,4,3,3,1360815
55,1,1,1,311941
245,4,4,4,1243339
182,4,3,3,968624
143,4,3,3,820950
251,5,5,4,1305441
230,4,4,3,1168103
58,2,2,2,355711
229,4,4,4,1187153
95,1,1,0,465092
129,2,1,1,654691
215,4,4,4,1150895
218,3,2,2,1071508
191,3,3,3,956686
260,6,5,4,1365412
240,5,5,4,1285604
212,4,4,4,1127995
234,4,4,4,1235204
255,5,4,4,1308749
236,5,4,4,1233429
252,5,4,4,1325752
222,3,3,2,1081190
163,4,3,3,904866
295,6,5,4,1565601
151,3,3,2,792356
45,1,1,0,256452
63,1,1,1,351279
155,4,4,3,842770
108,2,2,1,560721
56,2,2,2,346687
170,4,3,4,942673
120,2,1,2,598636
56,1,1,1,274578
132,3,2,2,673988
53,2,1,2,326413
175,3,2,3,886095
226,4,3,3,1156077
74,1,1,1,352531
174,4,4,4,957455
299,5,5,4,1543539
178,3,3,2,931467
193,4,3,3,1034354
300,5,5,4,1556892
113,1,1,1,523798
199,5,5,4,1091041
259,5,4,4,1356316
55,1,1,0,302826
281,4,3,4,1390279
180,3,2,2,901557
174,3,2,2,846311
260,5,4,4,1339198
77,1,1,0,390747
86,2,2,2,493392
76,2,1,1,394606
151,3,2,2,756659
273,5,5,4,1432773
253,6,5,4,1378209
168,4,4,3,908047
101,2,1,1,525331
280,5,4,4,1461126
56,1,1,1,275352
231,4,4,3,1158588
218,5,4,4,1174108
55,1,1,1,304219
262,5,4,4,1331053
170,2,1,2,810490
141,3,3,3,769202
178,4,4,4,968359
101,2,2,2,517095
82,1,1,0,402237
296,6,5,4,1551778
95,2,1,1,465473
249,5,5,4,1323467
79,2,1,2,402332
47,1,1,1,255752
172,2,1,2,793798
80,1,1,1,369584
114,1,1,1,516993
204,4,3,3,1072755
234,5,4,4,1224217
295,5,5,4,1487754
86,1,1,1,395144
159,4,3,4,908118
219,4,3,4,1121372
177,3,3,3,905200
173,2,2,2,843542
172,3,3,2,903208
277,6,5,4,1444875
228,4,3,3,1138981
277,5,5,4,1416477
184,4,4,4,1014956
116,3,3,2,642388
109,2,1,1,514596
159,3,2,3,806470
194,4,4,3,1029720
212,4,3,4,1111933
122,3,2,2,663760
245,5,4,4,1311069
178,4,3,3,935506
68,1,1,1,334068
277,4,3,4,1349536
165,4,4,3,887560
212,3,3,2,1025378
241,3,2,3,1162019
82,2,1,1,448191
49,2,1,2,332025
118,2,2,1,595102
175,3,2,3,873905
265,5,5,4,1385591
289,5,4,4,1456890
48,1,1,1,268293
87,3,2,3,531732
256,6,5,4,1392211
86,1,1,0,418952
210,3,3,3,1053891
200,4,4,4,1060877
274,6,5,4,1463276
83,1,1,0,413348
68,1,1,1,338012
78,1,1,0,348111
87,2,1,1,425194
98,1,1,0,428056
293,4,3,3,1456357
287,5,5,4,1462966
269,5,4,4,1363027
100,1,1,0,491481
55,1,1,0,283462
293,6,5,4,1546453
171,2,1,1,820188
103,2,2,1,543988
238,4,4,4,1219025
102,2,2,2,551195
159,3,2,3,840710
162,2,2,2,770236
200,4,3,4,1052865
80,1,1,0,356820
128,1,1,0,551012
88,3,3,3,567331
214,4,4,4,1129687
229,5,4,4,1202502
87,3,2,2,501465
87,2,2,2,497526
161,3,2,2,827034
132,2,2,1,642978
64,1,1,1,353823
151,3,2,2,757534
209,5,5,4,1146398
116,3,3,2,673922
190,4,4,3,999708
111,3,3,3,626710
191,3,3,3,993652
119,3,2,2,654427
152,2,1,2,745863
91,2,2,1,492862
100,1,1,0,468875
295,5,4,4,1494095
81,1,1,1,393371
61,1,1,1,290456
160,4,4,3,870253
136,1,1,1,600516
221,5,5,4,1227250
196,4,3,3,1033479
196,4,4,3,1040534
148,2,1,1,722862
77,1,1,0,385534
242,4,4,3,1253599
231,4,3,4,1198943
259,5,4,4,1316913
265,5,4,4,1340059
299,5,5,4,1513969
285,5,5,4,1486908
264,5,4,4,1357540
230,5,5,4,1217387
288,5,5,4,1467239
67,1,1,1,355139
280,5,4,4,1439476
105,2,2,2,534385
52,1,1,0,263192
223,4,3,3,1161742
194,3,3,3,973063
80,1,1,1,383569
158,4,4,3,893647
84,1,1,1,384610
139,2,2,1,681059
71,1,1,1,336733
218,4,3,4,1116995
287,4,4,4,1439392
93,1,1,0,411866
228,4,4,3,1174545
192,3,2,3,947756
178,2,2,1,855856
107,3,3,2,587279
185,3,3,2,940800
218,3,3,3,1086257
86,3,2,3,515221
278,4,3,4,1369044
247,3,2,3,1165699
209,4,4,3,1124298
75,2,2,1,397922
197,5,5,4,1128532
151,4,3,4,872186
97,3,2,2,532762
133,2,2,1,678598
135,1,1,0,634172
81,1,1,1,388338
92,3,3,3,543381
104,2,1,1,492495
77,2,1,2,420686
49,1,1,0,240766
238,4,4,3,1209754
117,3,3,3,638306
105,3,2,2,598842
173,4,3,3,925558
102,3,3,3,598674
169,4,3,4,911907
241,4,4,4,1259415
299,4,3,3,1464401
154,2,1,1,718283
160,4,4,4,896414
184,2,1,2,871500
57,1,1,1,292214
182,3,2,3,918358
295,5,4,4,1473070
278,6,5,4,1480815
287,6,5,4,1484417
121,1,1,0,548071
134,3,2,2,702534
140,2,2,2,703697
199,4,4,4,1075410
52,1,1,0,231612
133,2,1,1,632445
166,4,3,4,922718
166,3,2,3,881986
189,3,3,2,934875
282,5,5,4,1477730
100,3,2,2,581183
265,6,5,4,1386990
153,4,3,3,827720
107,2,2,2,543129
191,3,3,2,966707
200,5,5,4,1092021
272,6,5,4,1444865
71,2,1,2,388045
291,5,5,4,1480350
48,1,1,0,252036
286,6,5,4,1474681
137,3,2,3,727517
153,3,3,3,819735
152,3,3,3,841378
229,4,3,4,1200218
245,4,4,4,1254103
277,5,5,4,1451732
237,5,4,4,1266864
255,6,5,4,1376300
119,2,2,1,608082
110,2,2,2,562442
191,2,1,2,896360
234,4,3,4,1196299
160,2,2,1,785822
287,5,5,4,1508158
158,3,3,3,844016
91,3,2,2,531495
296,6,5,4,1538022
141,2,2,1,689350
185,2,1,1,872045
189,3,3,3,983780
170,2,2,1,788882
120,1,1,1,559596
217,5,5,4,1176405
278,4,4,4,1419961
61,2,1,2,378553
65,1,1,0,299693
111,2,2,1,564730
266,6,5,4,1435909
227,5,5,4,1200762
125,3,2,2,653045
76,1,1,1,354924
242,4,4,3,1221676
233,5,5,4,1282114
250,5,4,4,1291049
59,1,1,1,292397
274,5,5,4,1398356
153,3,3,2,806663
133,1,1,1,602974
205,4,3,3,1075151
205,4,3,4,1103676
127,3,2,3,683115
64,1,1,1,315533
296,5,4,4,1486110
55,1,1,1,292185
204,4,3,3,1038301
215,4,3,3,1079046
49,1,1,0,270397
269,4,3,4,1320123
266,5,4,4,1397156
53,2,1,1,329653
198,4,3,4,1034441
103,1,1,0,479686
187,4,3,3,1009127
256,5,4,4,1321483
238,4,3,4,1223176
49,1,1,1,259662
118,1,1,0,528765
260,4,3,3,1308007
229,4,3,3,1175150
193,4,4,3,1015183
83,2,1,2,441289
67,1,1,0,328974
133,2,2,1,635057
64,1,1,1,349713
104,1,1,0,493945
135,1,1,0,613253
295,6,5,4,1556196
126,2,2,1,625772
120,1,1,1,573237
139,3,3,3,741042
129,3,3,2,726014
162,3,3,3,837061
71,1,1,1,369615
115,3,2,2,617852
255,4,3,4,1276150
109,2,2,2,569449
291,6,5,4,1523632
192,3,3,2,949891
257,6,5,4,1390426
283,5,4,4,1433488
178,2,2,1,862636
113,3,2,3,643332
98,1,1,0,454218
246,4,3,3,1214600
179,2,2,2,844649
56,1,1,0,273684
166,3,2,3,858543
205,4,4,3,1087706
295,4,4,4,1499219
141,3,3,2,750510
265,6,5,4,1421004
180,4,4,3,967782
214,4,3,3,1104524
198,4,4,3,1067921
162,4,3,3,873356
187,2,2,1,912560
142,4,4,4,823524
99,2,1,1,521454
210,4,3,4,1069687
248,5,4,4,1321004
150,3,2,3,799877
217,4,3,3,1093930
143,3,2,2,762686
293,5,5,4,1511274
222,4,4,3,1127915
247,4,3,3,1259342
105,2,1,1,536020
157,3,2,2,790597
155,3,3,2,820321
231,5,4,4,1217888
120,3,2,2,668441
99,1,1,0,434681
291,4,4,4,1443871
289,6,5,4,1538932
182,3,3,3,960933
269,5,5,4,1399784
297,5,5,4,1527793
67,1,1,0,310671
293,5,5,4,1506349
95,2,1,1,498076
76,1,1,1,377356
174,3,3,3,891244
249,4,3,4,1239365
300,5,5,4,1560941
263,4,4,3,1309680
248,6,5,4,1333855
230,3,3,2,1118886
191,4,3,3,985385
253,6,5,4,1369341
113,3,3,3,677207
143,3,2,3,731944
164,4,3,3,877431
170,4,3,4,953127
245,4,3,3,1223133
149,4,3,4,858922
202,4,3,4,1074648
91,1,1,1,421878
198,3,3,2,1017136
90,1,1,1,448383
262,5,5,4,1347198
207,4,3,3,1092289
225,5,5,4,1207990
162,2,1,1,737399
214,3,2,3,1042383
156,3,2,3,840813
286,5,5,4,1497540
272,4,3,3,1341786
86,2,2,2,482722
258,6,5,4,1353850
242,4,4,3,1227264
174,3,3,3,925884
77,1,1,1,375359
261,5,5,4,1352816
127,3,2,3,706620
87,3,3,3,542939
217,5,4,4,1162995
277,6,5,4,1464733
63,1,1,1,338325
62,2,2,1,367623
167,3,2,3,849199
93,2,1,2,476616
112,3,2,2,583577
134,2,2,1,689804
142,2,2,2,682709
196,3,3,2,995432
90,1,1,0,399090
178,4,3,4,966882
113,3,3,2,663077
57,1,1,0,267881
300,5,5,4,1540082
51,1,1,0,238913
99,2,2,2,555916
159,3,3,2,825494
126,2,2,1,644153
107,3,2,2,587272
114,1,1,0,513761
261,6,5,4,1368821
213,4,3,3,1118362
185,4,3,4,982418
101,1,1,1,477715
285,4,4,3,1400358
264,5,4,4,1393221
134,2,2,1,645010
250,6,5,4,1333396
79,1,1,1,394079
267,5,5,4,1416569
76,1,1,0,342843
236,4,4,3,1228545
94,2,1,1,452420
295,5,4,4,1523541
227,5,5,4,1204534
169,3,2,2,845423
147,2,2,2,761947
294,5,4,4,1474093
233,3,2,3,1132178
145,3,3,3,770929
271,6,5,4,1410363
121,1,1,1,570611
122,2,2,2,633046
172,4,4,3,960258
206,5,5,4,1139932
284,5,5,4,1489449
299,5,5,4,1552764
67,1,1,1,339319
104,2,2,1,525288
191,3,2,2,919276
222,4,4,4,1177818
46,1,1,0,233065
120,2,1,2,594600
196,4,4,3,1014334
233,4,4,4,1195177
175,3,2,3,918549
249,5,4,4,1294100
242,3,2,2,1158317
279,6,5,4,1468898
249,4,4,3,1256662
123,2,2,2,631184
118,2,2,1,600750
46,2,2,2,285661
115,2,2,2,617238
181,4,3,4,959938
201,5,4,4,1106552
110,1,1,1,523950
135,1,1,0,584776
186,3,3,3,974106
72,1,1,0,371276
192,4,3,4,998628
266,6,5,4,1421265
60,2,1,2,342514
176,4,4,3,970708
158,3,2,3,811610
247,5,5,4,1298526
90,1,1,0,429744
128,2,1,1,593347
97,2,1,1,466281
226,4,4,4,1157948
46,1,1,0,215188
92,1,1,1,420184
264,6,5,4,1402987
222,3,3,2,1112089
236,5,4,4,1259140
79,1,1,0,347897
49,1,1,0,268005
255,4,3,4,1308161
161,3,2,3,861364
268,6,5,4,1449501
153,4,3,3,860506
119,2,2,1,606859
207,5,5,4,1139627
297,4,4,3,1474044
115,2,2,2,594533
149,3,2,3,753163
256,5,4,4,1337520
235,4,3,4,1210231
272,5,5,4,1403364
165,2,2,1,798639
166,3,3,3,888986
72,1,1,0,346681
161,3,2,2,801473
156,3,2,3,794927
214,5,4,4,1182269
123,3,2,3,698287
164,3,3,3,856945
284,6,5,4,1486283
97,2,2,2,544909
193,5,5,4,1090003
256,4,3,4,1316333
55,2,1,1,332396
166,4,3,4,934166
264,4,3,3,1322657
116,1,1,1,549315
194,5,5,4,1101765
57,1,1,0,293457
154,2,1,1,720743
128,2,1,1,641466
197,4,4,3,1030085
145,3,2,3,753440
216,5,5,4,1153086
80,1,1,1,411774
297,4,4,4,1450262
86,1,1,0,414948
172,2,1,2,839881
275,5,4,4,1429783
168,2,1,2,802531
145,3,3,3,804160
246,4,4,4,1283661
152,2,2,1,752886
72,1,1,1,356870
291,4,3,3,1428563
69,1,1,0,359565
168,3,2,3,843219
295,6,5,4,1527280
142,2,2,2,710450
299,5,5,4,1504829
65,1,1,0,326723
243,4,3,3,1227466
271,5,5,4,1406887
257,5,5,4,1354146
279,5,5,4,1474908
223,4,4,4,1180841
97,2,2,1,529072
274,4,4,4,1372494
154,3,2,2,804208
230,5,4,4,1201568
290,5,4,4,1462893
125,2,2,2,620702
94,2,2,2,513155
113,3,2,2,638843
249,4,4,3,1238497
164,3,3,2,870142
267,5,5,4,1373708
98,2,1,1,481616
64,1,1,1,346463
130,3,3,3,712236
233,3,3,3,1158085
170,4,4,3,901591
207,3,2,3,1055157
45,1,1,0,219967
217,4,4,4,1159231
236,3,2,3,1122041
118,2,2,1,601417
214,5,4,4,1128696
156,4,4,3,868553
280,4,3,4,1399781
262,5,5,4,1357823
293,6,5,4,1539013
226,3,3,3,1142364
55,2,2,2,357213
99,1,1,1,450935
228,4,3,4,1186564
181,2,1,2,854304
229,4,4,3,1162145
254,5,5,4,1321298
68,2,2,2,426213
88,2,2,2,462883
222,3,3,3,1110210
79,1,1,0,399599
199,4,4,4,1071718
236,5,5,4,1250406
75,1,1,0,338367
82,1,1,0,367668
136,2,2,1,700237
199,4,4,4,1097757
193,3,3,2,943133
48,1,1,0,252203
216,4,4,4,1114577
113,1,1,0,515853
98,3,3,3,611316
175,3,3,2,900986
82,1,1,1,400933
192,4,4,4,1024704
123,1,1,0,546185
144,3,3,3,792283
131,3,3,2,700619
188,3,3,2,940201
73,1,1,0,330391
286,5,4,4,1433552
135,2,1,2,646496
147,3,3,3,796580
182,3,3,3,960500
97,2,1,2,522805
105,3,2,3,618871
157,4,3,4,854988
154,2,2,2,745886
243,4,4,4,1243918
206,4,3,3,1050036
268,5,4,4,1394003
195,4,4,4,1042308
122,2,2,2,604269
66,2,2,1,368492
267,5,4,4,1401272
296,5,5,4,1514484
63,1,1,0,284523
141,4,3,3,803162
290,6,5,4,1495481
76,1,1,1,376425
122,1,1,0,533834
300,4,3,3,1487202
291,6,5,4,1497822
169,3,3,2,883656
251,6,5,4,1352813
139,2,1,2,653709
227,5,4,4,1183537
283,4,4,3,1435176
202,5,5,4,1109600
206,4,3,4,1052864
214,3,3,3,1102647
153,3,3,3,813597
127,3,2,3,667154
247,4,4,4,1245107
268,6,5,4,1447706
61,1,1,1,339155
113,2,1,1,552271
270,5,4,4,1400133
292,4,4,3,1440122
133,1,1,1,599875
48,1,1,0,219420
264,5,4,4,1366016
218,5,4,4,1160568
260,6,5,4,1378695
204,4,3,3,1071810
295,5,5,4,1513796
185,3,2,2,896824
249,4,4,4,1292217
95,2,1,1,467109
268,5,5,4,1429585
88,3,3,3,559803
61,1,1,1,327431
138,3,2,2,735442
298,6,5,4,1559964
108,2,2,1,567553
171,3,3,2,868130
262,6,5,4,1407139
299,6,5,4,1576260
65,1,1,0,306594
247,3,2,2,1188284
227,4,4,3,1150446
99,3,2,3,572154
168,4,3,4,949506
233,4,4,4,1221009
297,6,5,4,1556672
168,3,2,2,819539
278,4,3,4,1367163
188,3,3,3,977492
290,5,5,4,1496439
137,2,2,1,647795
252,5,4,4,1287603
181,4,4,3,977386
95,3,3,2,550027
201,3,3,2,999277
197,3,2,2,951168
288,4,3,4,1397585
76,1,1,1,390456
181,3,2,2,881755
274,5,4,4,1407424
297,4,3,3,1453551
282,6,5,4,1502136
122,1,1,0,549650
292,5,5,4,1510973
64,1,1,0,333626
64,1,1,0,327849
174,4,4,3,951548
282,5,5,4,1460487
198,3,3,2,987297
295,5,5,4,1542126
155,3,3,2,816450
76,1,1,1,366673
45,1,1,1,266003
109,3,3,2,592650
130,3,3,2,700505
208,4,4,3,1079028
228,3,2,3,1095825
219,5,5,4,1175324
243,3,3,2,1164464
130,3,3,3,719527
257,5,4,4,1334345
267,4,4,4,1379987
65,2,2,2,386708
154,4,4,4,905444
95,3,2,2,542835
289,5,4,4,1454704
249,4,3,4,1269637
180,3,2,3,909515
265,5,5,4,1387490
133,2,2,2,646001
185,3,3,3,946172
119,2,1,1,556949
144,3,2,3,754110
180,3,3,3,923118
297,4,4,3,1483702
167,4,4,3,941961
275,5,4,4,1387080
251,5,4,4,1339583
59,1,1,0,277704
282,6,5,4,1459672
65,1,1,0,336791
63,1,1,0,329631
48,2,1,2,314237
109,1,1,0,473933
71,1,1,0,321767
297,5,4,4,1507344
237,4,4,3,1224324
226,4,3,3,1138930
256,5,4,4,1345759
79,1,1,1,367459
232,4,3,4,1176588
129,2,2,1,636839
250,5,5,4,1295150
90,1,1,0,409891
128,1,1,0,569168
156,3,2,2,779115
229,5,5,4,1266340
248,6,5,4,1362117
154,4,3,4,857231
238,3,3,2,1180334
85,3,2,3,539841
90,2,2,2,521524
92,2,2,1,475811
291,5,4,4,1452106
90,1,1,0,439541
126,2,1,1,622138
193,4,3,3,1008584
215,4,4,3,1091561
219,3,2,3,1095907
195,3,3,2,950580
265,5,5,4,1408417
93,3,2,2,543936
88,3,3,2,551116
100,1,1,1,502291
266,5,5,4,1412701
137,1,1,1,634942
241,5,4,4,1285453
220,3,3,2,1085808
47,1,1,0,239319
229,4,4,3,1163841
140,2,1,2,701278
142,3,3,2,778671
53,2,1,2,299190
187,2,2,1,911425
222,4,3,4,1161017
146,2,1,1,672798
236,5,4,4,1270518
151,4,3,3,820867
157,4,4,3,902440
199,3,2,2,1002212
222,5,4,4,1189043
115,2,1,2,576249
70,1,1,1,339078
175,2,2,2,858770
80,1,1,1,418871
189,2,2,2,904680
79,1,1,1,399115
152,3,2,2,787310
131,2,1,1,631964
234,3,3,3,1138512
189,2,2,1,869225
120,3,3,2,683869
225,4,3,3,1141938
223,5,4,4,1221604
122,2,1,2,630488
184,4,3,4,975224
197,4,4,3,1038364
75,1,1,1,376087
136,3,3,2,706551
128,2,1,1,597812
157,3,2,2,789896
275,6,5,4,1425483
145,3,3,3,773658
80,2,1,1,391765
165,2,1,1,758764
278,6,5,4,1472633
105,2,2,2,544733
243,5,5,4,1314778
148,2,1,1,694006
103,2,1,1,510237
51,1,1,0,276285
295,5,5,4,1534278
158,2,2,1,745195
291,6,5,4,1526354
134,2,2,2,688912
103,3,2,2,589157
258,5,5,4,1376046
143,2,2,2,729848
292,4,4,4,1455751
129,2,1,1,638018
150,2,1,2,743346
230,4,4,4,1227688
113,2,2,2,583137
53,1,1,0,260658
184,2,1,1,849168
79,1,1,0,404151
170,2,1,1,769816
105,2,2,1,514080
150,2,1,1,737587
74,1,1,1,363812
185,3,3,2,954999
57,1,1,0,254518
101,1,1,1,478118
71,1,1,0,335507
234,4,3,3,1195155
243,4,3,3,1198355
195,5,5,4,1090530
283,5,5,4,1456844
174,2,2,2,824998
148,4,4,4,837219
78,1,1,0,382947
147,3,3,2,762479
141,3,2,3,769971
285,4,3,4,1431457
192,2,1,2,890058
202,4,3,3,1050524
181,4,3,3,980185
110,3,2,3,591090
62,1,1,1,336164
285,5,4,4,1457715
160,4,3,4,886373
110,2,2,2,592263
86,2,1,1,416771
96,2,1,2,521805
63,1,1,1,300825
199,4,4,3,1069112
103,2,2,2,527855
191,3,3,2,949423
221,4,4,4,1188345
257,4,3,3,1292341
292,5,5,4,1494133
161,3,2,2,795522
72,1,1,0,317008
149,3,3,3,827301
254,5,4,4,1310085
215,3,3,3,1062764
179,2,1,1,810122
258,5,4,4,1358781
296,5,4,4,1516824
147,2,1,2,697177
155,2,1,1,734875
184,4,3,3,993569
178,3,3,2,924238
251,5,5,4,1330079
150,2,1,1,738482
122,3,2,2,623867
179,3,2,3,900662
149,3,3,3,789307
103,1,1,1,488008
223,5,5,4,1197709
108,1,1,0,473472
245,3,3,2,1213008
57,2,1,1,345161
184,4,3,3,972991
69,1,1,0,317542
50,1,1,1,289101
158,3,3,3,858312
158,2,2,1,765044
77,1,1,1,358104
201,5,5,4,1120333
58,2,2,2,336163
70,2,2,2,411804
88,2,1,2,487226
121,3,3,2,684434
159,2,2,2,758252
293,5,4,4,1497830
118,2,2,2,632128
272,4,3,3,1320764
152,3,3,3,793975
63,1,1,0,334357
70,1,1,0,328946
82,2,2,2,440418
279,5,4,4,1433269
163,2,2,1,814445
106,3,3,2,575051
263,6,5,4,1399892
99,1,1,1,471464
281,5,4,4,1448848
144,3,3,3,751210
144,4,4,4,836345
268,5,4,4,1371027
195,4,3,3,1016522
266,4,3,3,1300117
109,3,3,3,646743
111,2,1,2,542058
204,3,2,2,995461
199,4,3,3,1058845
259,4,4,3,1282405
56,2,1,1,304766
46,2,2,1,297605
212,4,3,3,1072955
196,3,3,3,968340
191,3,3,3,953760
201,3,2,3,985515
103,1,1,0,447911
184,2,2,2,898407
112,2,2,2,602868
52,1,1,1,262921
101,2,1,2,551154
268,5,4,4,1391269
178,3,3,2,907607
190,3,2,2,928082
285,6,5,4,1489820
210,5,4,4,1127670
111,1,1,1,498075
65,1,1,1,353968
249,6,5,4,1354942
45,2,1,1,274294
239,4,4,4,1248380
202,3,2,2,969976
170,4,3,4,898548
144,3,3,2,764860
78,1,1,1,396152
192,2,1,1,916036
271,5,4,4,1380690
251,4,3,4,1269216
195,4,4,4,1065165
176,2,2,1,844640
88,1,1,0,442129
54,1,1,0,251778
250,4,4,3,1255784
177,3,2,2,859802
90,2,2,2,496923
161,3,2,2,810609
89,3,2,3,512712
258,4,4,4,1343156
285,5,5,4,1485093
132,1,1,1,627776
294,4,4,4,1453505
201,4,3,4,1063110
226,5,5,4,1243249
252,5,5,4,1309278
241,4,4,3,1255782
270,5,5,4,1432062
64,2,2,2,365859
219,5,4,4,1179911
150,3,3,3,808570
131,3,2,2,671726
234,4,4,4,1186406
48,1,1,0,219908
251,5,4,4,1330154
145,3,2,2,734290
230,4,4,4,1205749
198,4,3,4,1024104
125,2,2,1,646381
113,3,3,3,620412
268,4,4,3,1334905
104,2,1,2,560424
121,2,2,1,586247
148,3,2,3,801936
65,1,1,1,347491
258,4,3,4,1274138
57,2,1,1,322929
293,4,4,4,1434615
106,2,2,1,549474
79,2,2,2,422429
109,1,1,0,490091
66,2,1,1,354488
61,1,1,1,330973
277,4,3,3,1337933
273,6,5,4,1475126
277,5,5,4,1466294
224,3,3,3,1102539
278,5,5,4,1432588
113,1,1,1,517906
140,3,2,2,737700
199,5,4,4,1115100
145,4,3,4,841765
128,1,1,0,598473
250,5,5,4,1296085
184,3,3,2,923229
168,2,1,2,787058
130,2,1,2,649182
88,3,3,3,566989
199,4,4,3,1057071
160,3,2,3,847050
286,5,4,4,1436050
140,3,2,3,722607
198,5,5,4,1121987
53,2,2,1,328652
272,4,4,4,1383848
197,4,3,4,1053713
58,1,1,0,262642
210,3,3,3,1047344
111,1,1,1,531354
51,2,2,1,295481
81,1,1,0,390817
168,3,2,3,857651
147,3,2,2,783238
73,2,1,2,427555
150,4,3,3,819848
109,1,1,0,483510
297,5,5,4,1523974
283,6,5,4,1462040
299,6,5,4,1566864
197,4,4,4,1088345
299,4,4,4,1459289
158,3,3,2,802130
186,2,2,1,895338
151,2,1,2,725850
158,2,2,2,803709
164,3,3,3,861087
291,5,5,4,1497226
134,3,2,3,696657
73,2,1,2,432543
67,1,1,1,337703
60,1,1,1,313218
248,4,4,4,1266460
135,1,1,0,637306
106,3,3,3,603301
120,2,1,2,608565
267,4,4,3,1320696
242,4,4,3,1228869
160,3,3,3,845968
116,1,1,0,527251
225,4,4,3,1173058
167,2,2,2,811632
124,3,3,3,714043
253,4,3,3,1254107
125,3,3,3,691188
103,2,2,1,558336
127,2,2,2,626351
208,3,3,3,1028882
263,4,3,3,1306062
265,4,3,3,1319632
148,2,1,2,713292
290,5,4,4,1447471
287,5,4,4,1471307
163,4,4,4,940984
45,1,1,1,237632
260,6,5,4,1398229
58,1,1,0,292424
254,5,5,4,1347166
77,1,1,1,360575
275,5,4,4,1390803
133,3,3,3,731422
176,2,1,2,856613
71,1,1,1,331364
151,4,3,3,856445
99,1,1,1,455515
103,1,1,1,478834
295,5,5,4,1540868
160,3,3,2,842772
157,2,2,1,749560
64,2,2,2,388227
81,2,1,2,427115
183,3,2,3,949291
292,5,5,4,1504610
135,2,1,1,627320
81,1,1,0,397354
130,2,2,1,646986
265,4,3,4,1324908
272,5,4,4,1394751
232,4,3,3,1172115
180,3,2,3,921858
210,3,3,2,1066271
139,4,4,3,779563
250,4,4,3,1285994
251,5,5,4,1321043
249,6,5,4,1317361
268,4,3,4,1329788
237,5,4,4,1265272
251,6,5,4,1380395
205,5,4,4,1116766
85,1,1,1,416607
48,1,1,1,248972
57,2,2,2,374272
239,5,4,4,1290691
194,3,3,2,960230
159,3,2,2,795307
285,5,5,4,1501995
140,3,3,3,759642
218,5,5,4,1204343
280,5,4,4,1437879
221,4,3,4,1148622
107,2,2,2,576659
55,1,1,1,260279
181,2,2,1,860260
286,4,3,3,1425320
115,3,3,2,647063
298,6,5,4,1576358
290,4,3,3,1402329
70,1,1,0,324697
48,2,2,2,311372
292,5,4,4,1462603
151,2,2,2,774069
269,6,5,4,1425554
156,3,3,3,801742
254,5,4,4,1345301
176,2,2,1,841822
117,2,2,1,595467
60,1,1,1,317888
121,1,1,0,523133
246,5,5,4,1315523
205,4,3,4,1104493
224,3,2,2,1089021
236,5,5,4,1270763
141,4,4,3,782695
259,5,4,4,1360373
55,2,2,1,360850
125,2,1,2,603885
68,1,1,0,327140
280,6,5,4,1453390
260,4,4,4,1314460
253,6,5,4,1375855
247,5,4,4,1306030
50,1,1,1,295136
96,3,2,2,567630
189,4,3,3,965458
93,2,1,2,468408
193,4,3,4,1039757
118,2,2,2,585796
238,5,5,4,1258969
238,5,5,4,1246554
226,3,3,2,1135565
138,3,3,3,737326
252,5,4,4,1324050
148,3,3,2,800179
106,2,2,1,517191
224,4,4,3,1139186
141,4,3,4,807463
285,5,5,4,1463397
280,4,4,3,1402348
215,4,3,3,1081726
73,2,1,1,390619
124,2,1,2,613651
119,2,1,1,599635
64,1,1,1,319646
220,3,2,2,1083664
63,1,1,1,300467
100,1,1,0,446233
155,3,2,2,815689
147,4,4,3,818630
197,4,3,3,1040666
131,1,1,0,602059
168,4,3,4,910250
71,1,1,0,341503
81,1,1,1,384607
277,5,4,4,1397314
136,3,3,3,729145
109,2,2,2,602213
220,4,3,3,1146160
60,1,1,0,290612
197,3,2,2,983533
68,2,1,1,344470
63,1,1,0,305717
158,3,3,2,809242
200,4,4,3,1039565
119,2,2,2,610752
126,2,2,1,628953
215,4,4,4,1139706
136,1,1,1,602419
162,3,2,2,837161
186,3,2,2,932490
98,3,2,2,542588
285,4,4,4,1414113
259,5,4,4,1319142
89,2,1,2,501441
244,4,4,4,1247759
164,3,3,3,873913
148,4,3,3,823730
71,1,1,1,344105
283,5,5,4,1460193
232,5,4,4,1242901
162,2,1,2,787077
158,4,4,4,894687
186,4,4,3,1009830
233,5,4,4,1239784
209,3,2,2,1021510
172,3,2,2,858254
124,2,1,2,632900
153,2,1,2,730892
160,3,3,3,822896
135,3,3,2,720823
228,4,3,3,1130185
136,1,1,0,601220
219,4,4,4,1155653
257,6,5,4,1365594
262,6,5,4,1388922
226,4,3,4,1136125
82,1,1,1,419192
143,4,3,3,814877
277,6,5,4,1448528
291,5,4,4,1463875
208,4,4,3,1077095
67,1,1,1,350401
196,5,5,4,1104636
208,4,4,3,1069067
168,3,3,2,865405
272,5,5,4,1426810
290,5,5,4,1508511
136,2,2,2,712902
193,5,4,4,1067782
175,3,3,2,875064
209,5,5,4,1181368
97,2,1,2,479621
144,3,2,3,738022
219,3,2,3,1047381
190,3,2,2,911904
224,3,3,2,1110925
206,4,3,3,1084775
114,2,2,2,597613
218,4,4,3,1138157
259,5,4,4,1362881
170,3,2,3,841039
62,1,1,0,285463
247,5,4,4,1293835
116,1,1,0,524266
239,4,3,3,1220821
172,4,3,4,962001
154,4,4,3,892700
70,2,1,1,374259
120,2,2,2,617712
106,2,1,2,517884
159,3,3,2,804860
166,4,3,4,923737
244,4,4,3,1239812
104,2,1,1,531953
65,1,1,0,315209
81,1,1,0,375547
286,5,5,4,1474099
262,5,4,4,1362181
292,4,3,4,1422612
237,3,3,2,1127053
198,5,4,4,1094829
214,4,4,3,1099670
147,3,3,3,764912
225,5,5,4,1219782
290,4,4,4,1464923
215,4,3,3,1090310
248,6,5,4,1339361
263,5,4,4,1346175
62,2,2,1,379949
135,1,1,1,600775
238,4,3,4,1242893
63,2,2,2,354577
250,4,4,3,1279075
146,2,2,1,738758
157,2,2,1,786018
299,6,5,4,1584377
235,4,3,3,1184053
88,3,3,3,517641
262,5,4,4,1379277
172,4,4,4,936989
261,5,4,4,1354299
234,3,3,3,1142872
106,1,1,0,509246
133,2,2,2,688259
167,3,3,2,835316
211,5,4,4,1140196
124,3,3,2,676789
125,2,2,2,619355
83,3,3,3,495535
93,2,1,2,504461
66,1,1,0,321943
288,4,4,4,1469325
200,4,4,4,1086949
119,3,3,3,688459
81,1,1,1,377169
268,4,3,3,1343275
64,1,1,1,315094
219,4,3,4,1111729
201,4,4,4,1087690
62,1,1,1,292904
291,5,5,4,1473709
112,2,1,2,546484
201,5,5,4,1133867
102,1,1,0,490937
241,4,3,3,1200793
122,2,2,2,611424
113,2,1,1,529649
299,5,5,4,1511444
104,2,2,1,534887
95,3,3,3,579897
238,4,3,3,1204578
64,1,1,0,282523
168,4,4,3,947941
169,4,3,4,927586
171,4,4,3,951398
291,4,3,3,1430470
150,3,2,2,794683
73,1,1,1,385986
264,4,3,4,1347851
254,5,5,4,1336867
236,5,4,4,1236598
161,2,1,1,770060
120,2,1,1,577290
210,4,3,4,1089420
51,1,1,1,270975
109,3,3,3,615938
174,4,3,4,952139
264,4,3,3,1298224
134,3,2,3,738083
144,3,2,3,738698
267,5,5,4,1421009
130,2,1,1,629786
177,3,2,2,880201
164,4,3,3,891554
208,3,3,2,1011787
71,1,1,0,334904
297,5,4,4,1527542
227,4,3,3,1161034
152,4,4,4,891342
250,6,5,4,1324131
224,3,2,3,1110357
99,3,2,3,544729
207,4,3,4,1102771
289,6,5,4,1508358
252,4,3,3,1255154
201,3,2,3,1029827
104,3,2,3,620140
49,1,1,1,254046
254,4,3,3,1238891
67,1,1,0,324679
218,4,3,4,1103719
105,2,1,1,538450
219,4,4,4,1169183
164,2,1,1,742060
234,4,4,3,1223580
100,1,1,1,506702
241,5,5,4,1308133
283,6,5,4,1516772
168,2,2,1,825557
70,2,1,1,376144
71,1,1,0,331941
125,3,2,3,696612
145,2,2,1,716693
98,2,1,2,535432
147,2,1,2,741346
247,4,3,3,1252769
268,6,5,4,1441934
56,2,1,2,340517
137,2,2,2,671487
299,4,4,4,1501415
136,2,1,2,692638
153,2,1,2,759138
93,2,2,2,486183
147,3,2,2,774600
53,2,1,1,334135
167,4,3,4,908816
61,1,1,0,295970
91,2,1,2,464491
273,5,4,4,1393274
274,6,5,4,1433833
199,5,4,4,1103396
71,1,1,1,357995
117,3,2,3,627416
94,1,1,0,418472
289,5,4,4,1470848
192,2,1,1,888132
237,5,4,4,1231787
133,3,3,3,745815
85,1,1,1,404711
53,2,1,2,331152
174,4,3,4,949762
279,6,5,4,1459226
242,5,5,4,1265978
93,2,1,2,509281
179,2,2,1,837853
296,5,5,4,1508616
114,2,2,2,605738
208,4,3,3,1081811
166,2,1,1,796967
93,3,3,2,528514
224,4,3,3,1162807
137,2,2,1,650299
105,2,2,2,551303
277,5,5,4,1411869
171,3,2,3,902391
73,1,1,1,353760
91,2,2,2,480531
209,3,3,2,1021537
71,2,2,2,427410
142,4,3,3,824282
192,2,2,1,936627
164,2,2,2,818713
248,5,4,4,1287986
95,2,1,2,494659
148,3,2,2,757632
217,4,4,4,1148017
186,3,3,3,934829
63,2,1,1,376685
296,5,4,4,1478154
188,3,3,2,976780
239,4,3,4,1239697
55,1,1,1,260005
236,3,3,2,1142015
279,5,5,4,1449797
271,5,5,4,1412140
225,4,4,4,1201149
89,1,1,1,442455
196,4,3,4,1027704
200,4,3,4,1063779
131,3,2,2,680334
184,3,3,2,954072
291,6,5,4,1524139
142,3,2,3,740155
91,2,1,2,494460
84,1,1,1,427129
208,3,3,3,1032750
125,1,1,1,567038
252,5,4,4,1286143
220,4,4,3,1166594
252,5,5,4,1343129
280,6,5,4,1452203
214,5,4,4,1143025
291,5,5,4,1505322
109,2,2,1,570022
172,4,4,3,927454
128,1,1,1,621627
297,5,5,4,1517889
257,5,4,4,1353803
177,4,3,3,940225
235,4,4,4,1234894
170,3,3,2,885053
286,4,3,3,1397373
59,1,1,0,309833
169,3,3,2,850410
109,1,1,0,505173
47,1,1,1,263199
229,4,4,3,1200177
132,2,1,1,634471
87,1,1,0,419555
194,3,3,2,995385
291,6,5,4,1542410
142,3,2,3,750425
81,1,1,1,408053
104,2,1,1,539569
135,1,1,0,626393
86,1,1,1,444185
157,3,3,3,821353
271,5,5,4,1416931
132,2,1,1,649819
276,6,5,4,1447478
56,1,1,0,284051
119,3,2,2,630992
112,1,1,1,554511
229,3,2,3,1144406
132,1,1,1,607811
290,5,4,4,1454830
192,3,2,2,970830
170,3,3,3,900108
219,3,2,2,1089075
132,1,1,0,568964
127,1,1,1,603016
197,3,3,3,1019311
245,4,3,4,1269908
252,5,4,4,1304531
283,5,5,4,1439581
271,6,5,4,1418903
123,2,1,1,585547
219,3,2,2,1071941
76,1,1,1,400087
82,2,2,1,424552
271,5,4,4,1383422
239,3,2,3,1170247
128,2,1,2,629872
205,5,4,4,1138545
288,6,5,4,1498763
155,2,2,2,779828
246,4,3,4,1227794
266,5,4,4,1365200
225,4,4,3,1176689
151,2,1,2,722805
82,2,1,2,456976
277,5,4,4,1435377
182,4,4,4,1020816
133,2,1,1,629576
293,5,5,4,1510738
163,4,3,4,878741
46,1,1,1,229020
78,1,1,0,341306
208,5,4,4,1155829
82,2,2,2,457670
175,2,1,2,835616
90,2,2,2,516906
153,3,2,2,771820
291,5,4,4,1451748
125,2,1,2,594520
230,3,3,3,1164790
278,6,5,4,1482472
72,1,1,0,374492
132,2,2,1,657679
212,4,4,3,1106379
228,5,5,4,1254067
295,4,3,4,1429384
105,2,1,2,517957
98,2,1,2,500704
60,1,1,0,319490
79,1,1,1,400001
131,2,2,1,634529
163,4,4,4,918608
121,2,2,1,596313
83,3,2,3,481947
100,2,2,2,560604
176,3,2,3,877969
62,1,1,1,322904
273,6,5,4,1419278
210,4,4,4,1099859
112,2,1,2,595865
94,1,1,0,433911
235,3,2,2,1146728
271,5,5,4,1383510
293,5,4,4,1465141
152,2,1,2,761915
101,1,1,1,501953
93,2,2,2,510671
273,5,5,4,1411356
217,4,4,3,1153999
287,5,4,4,1468246
71,1,1,0,345692
142,3,2,2,754771
263,4,3,3,1299406
109,2,1,1,555551
59,1,1,1,319062
264,5,5,4,1406892
157,3,3,3,861590
51,1,1,1,273449
227,3,3,2,1129177
253,5,5,4,1316306
181,3,3,3,952609
217,5,5,4,1195780
247,3,2,3,1174294
84,3,2,3,490935
150,4,3,4,854012
79,1,1,1,387748
63,1,1,1,352300
111,2,2,2,554666
75,1,1,1,384335
259,5,4,4,1325942
220,5,5,4,1196427
232,3,2,3,1123553
279,5,4,4,1413319
199,4,4,3,1063419
91,2,1,1,486598
279,5,5,4,1427978
228,4,4,4,1185596
242,3,2,2,1142324
216,3,3,3,1073176
281,6,5,4,1450793
254,5,5,4,1337972
220,4,3,3,1111369
212,4,3,4,1100201
117,3,2,3,617955
79,1,1,1,360741
126,2,2,1,649718
185,4,3,4,991468
111,2,2,2,558837
75,2,1,2,410197
49,1,1,0,222108
144,3,3,3,794773
281,6,5,4,1463734
103,1,1,0,461277
69,1,1,0,355338
251,4,4,3,1252859
48,1,1,1,260355
222,3,3,2,1075089
104,3,3,3,597789
99,2,2,1,532401
155,2,2,2,784388
266,5,5,4,1394615
75,1,1,1,354531
208,5,4,4,1116783
188,3,3,2,962569
148,3,3,3,823396
64,1,1,1,319940
183,3,2,2,928429
217,4,4,4,1115865
152,4,3,4,876476
125,2,2,2,662956
184,3,2,2,890023
209,5,4,4,1161008
265,4,3,4,1310401
105,3,3,2,591202
65,2,1,1,378131
150,4,4,4,844297
111,3,2,3,616615
61,1,1,1,323774
136,2,2,2,694336
161,2,2,1,749403
287,5,4,4,1471624
127,2,2,1,605368
286,5,4,4,1439141
248,4,4,3,1256282
65,1,1,1,351545
278,5,5,4,1427417
288,5,5,4,1484922
261,5,4,4,1378893
57,1,1,1,322955
298,5,5,4,1512942
165,2,1,2,809705
188,3,2,2,928158
106,1,1,0,485719
290,5,4,4,1450715
186,3,3,3,926283
113,2,2,1,552449
155,3,2,3,823350
236,4,4,4,1214369
157,2,1,1,758932
249,5,4,4,1310609
114,3,3,3,627255
50,1,1,1,239798
184,4,4,4,1022986
184,4,4,4,1020273
217,4,4,3,1099884
282,5,4,4,1430032
167,3,3,3,874602
80,2,2,2,431409
120,1,1,1,591518
141,3,2,3,743389
108,1,1,0,468562
149,3,2,3,797193
263,5,4,4,1386532
70,1,1,0,328921
98,1,1,0,470833
106,3,3,3,614451
109,3,2,3,584685
137,2,2,2,683546
235,5,5,4,1260895
104,2,2,2,526544
70,1,1,1,327709
91,3,3,3,532114
184,2,2,2,865061
296,5,5,4,1528655
135,3,2,3,719716
104,1,1,1,518616
120,1,1,0,544794
185,3,2,3,909087
131,2,1,1,660372
244,5,4,4,1304988
75,1,1,0,385318
129,1,1,1,619484
129,2,2,1,646759
151,4,3,4,875291
129,2,2,1,620735
156,3,3,3,811606
204,4,4,3,1043996
99,1,1,1,474360
255,5,4,4,1339327
201,4,3,3,1021550
244,4,3,3,1210451
144,4,3,4,796660
273,5,5,4,1442067
56,1,1,0,267618
168,3,3,2,889941
300,5,5,4,1545482
228,3,3,2,1145674
182,2,1,1,844516
127,1,1,1,593757
64,1,1,1,332207
189,2,2,1,893038
194,4,4,3,1031821
75,1,1,1,371409
99,1,1,1,467253
88,2,2,1,480341
161,2,1,2,785982
55,1,1,0,260923
51,1,1,1,274784
207,3,3,2,1022406
248,5,4,4,1313939
194,4,4,3,1029370
215,4,3,4,1101333
138,3,3,3,763848
153,2,2,2,731154
141,2,1,2,671185
156,2,2,2,744470
246,4,4,3,1273773
272,4,3,4,1381759
99,2,2,1,521244
97,2,2,2,524657
112,1,1,0,518979
76,2,1,2,396519
80,1,1,1,396534
128,2,1,1,628234
180,2,1,1,853695
193,5,5,4,1074595
200,4,4,3,1048467
256,4,3,4,1309296
109,3,3,2,623766
171,3,2,3,860058
91,1,1,0,428192
299,5,4,4,1518482
178,4,3,4,983848
157,4,4,4,886671
168,3,2,3,877928
115,3,3,2,639943
284,4,3,3,1411802
231,5,5,4,1237125
264,6,5,4,1407939
227,3,3,2,1117563
113,2,1,2,548484
207,3,3,3,1040461
74,1,1,1,366640
268,5,4,4,1389299
234,3,3,2,1129163
149,3,2,3,793316
137,2,1,1,670828
264,6,5,4,1417057
73,1,1,1,353307
141,3,2,3,767106
217,4,3,4,1102147
156,3,2,3,785701
79,2,2,1,415580
139,2,1,2,686971
64,2,2,1,363385
296,6,5,4,1561393
216,4,3,3,1094765
248,4,4,4,1271942
238,4,4,3,1230372
221,4,3,3,1104678
170,2,2,1,831613
278,5,4,4,1395705
250,6,5,4,1342358
202,3,2,2,967338
155,2,2,2,756796
285,4,3,3,1401431
173,4,4,4,950557
90,2,1,1,445419
300,5,4,4,1516261
92,2,2,1,508022
78,1,1,0,365733
277,6,5,4,1477983
139,4,3,4,814536
134,2,2,1,664084
256,6,5,4,1355366
153,4,3,3,856820
281,6,5,4,1501412
136,3,3,3,753147
185,4,4,3,1019472
253,6,5,4,1379846
213,5,4,4,1138285
276,4,4,4,1371646
224,4,4,3,1146101
90,1,1,1,438846
192,2,1,2,893286
154,3,2,2,798793
202,4,4,3,1045088
178,3,3,2,928886
240,3,3,2,1172714
111,2,1,1,525730
68,2,1,2,357036
159,4,4,3,910571
196,3,2,3,1007253
199,4,3,4,1059714
231,4,3,4,1166254
132,1,1,0,568619
48,1,1,0,248054
296,5,4,4,1512478
203,4,4,4,1107757
75,1,1,1,381669
96,3,3,3,558694
144,3,3,2,749732
128,2,1,1,608953
78,1,1,1,402676
127,1,1,0,581108
172,3,2,2,863081
183,3,2,2,927160
144,2,2,1,675892
220,4,3,4,1153240
285,6,5,4,1475030
268,5,4,4,1362176
228,5,4,4,1237701
189,3,2,3,956666
46,1,1,0,263083
98,3,2,2,529724
151,3,3,2,803859
115,3,2,3,619307
205,5,5,4,1153856
230,5,5,4,1262577
83,2,1,1,425965
124,1,1,0,540452
50,2,2,1,302328
203,5,4,4,1094254
250,4,4,3,1269777
155,4,3,3,863473
259,4,4,3,1291033
175,3,3,3,925794
253,5,5,4,1357331
219,4,4,3,1130700
280,6,5,4,1502018
76,1,1,0,352183
256,5,4,4,1313236
60,2,2,2,338016
97,1,1,0,477231
254,5,5,4,1353191
280,5,5,4,1436673
88,3,2,3,539897
255,5,4,4,1323097
249,4,4,4,1287614
84,2,1,2,449357
251,5,5,4,1325234
127,1,1,1,604537
102,3,2,3,556252
222,5,5,4,1219816
296,4,3,4,1454426
179,4,4,3,979225
103,3,3,3,605772
257,4,4,3,1286221
89,2,2,2,471157
148,4,3,4,859989
278,6,5,4,1447292
177,4,4,4,983877
147,3,2,2,777451
281,6,5,4,1492388
80,1,1,0,374473
263,4,3,4,1325980
176,2,1,1,811201
273,5,5,4,1405804
236,5,5,4,1250837
144,3,2,3,783908
77,1,1,0,352565
258,6,5,4,1410322
68,1,1,1,336247
149,3,2,3,759881
270,5,4,4,1388529
230,3,3,3,1113306
60,1,1,1,313669
135,3,3,3,758797
100,1,1,0,479637
116,1,1,0,544200
58,2,1,1,300479
116,3,2,2,606067
249,6,5,4,1317418
225,4,3,4,1167211
229,4,3,4,1156238
264,4,3,3,1300070
207,4,4,4,1077700
118,3,2,2,661827
69,2,1,2,402816
215,4,3,3,1104908
189,3,3,3,991897
125,2,1,1,602491
163,3,2,3,866564
171,3,3,3,919810
264,5,5,4,1389599
234,5,5,4,1242232
254,4,3,3,1242715
151,3,3,3,811844
160,4,4,4,926924
220,5,5,4,1190759
297,6,5,4,1567209
273,5,5,4,1432341
222,5,5,4,1185189
199,3,2,2,999237
241,5,4,4,1285127
206,5,4,4,1111371
240,5,4,4,1254562
300,5,4,4,1517990
98,3,2,3,576691
204,4,3,3,1082356
142,2,2,2,691655
213,5,5,4,1148929
136,1,1,0,593370
156,2,1,2,732782
75,1,1,0,382456
97,2,1,1,513634
204,5,5,4,1145220
171,2,2,2,825683
291,6,5,4,1505704
79,1,1,1,361001
193,3,2,3,977848
285,4,4,3,1385731
259,5,4,4,1323972
56,1,1,1,309092
64,1,1,0,306923
67,1,1,1,336954
78,1,1,0,364620
191,2,2,2,908367
158,3,2,3,812676
249,5,4,4,1274577
187,4,4,4,1033070
164,3,3,2,861888
207,5,5,4,1139713
207,5,5,4,1115570
114,2,1,1,552745
59,1,1,0,286610
68,1,1,1,341702
118,3,3,3,697551
50,1,1,0,269224
81,1,1,0,385954
166,3,3,3,896628
202,4,3,4,1055986
111,3,3,2,607095
58,1,1,0,306328
251,5,5,4,1335814
184,4,3,4,977076
182,2,1,2,882856
138,3,3,3,741133
216,5,4,4,1147730
141,2,1,1,681476
230,4,4,4,1206251
174,4,3,3,902233
47,2,2,2,338402
256,4,3,3,1275423
186,3,2,3,930642
60,1,1,0,296781
221,3,3,3,1085276
91,2,2,1,473246
192,3,3,3,950771
121,3,3,2,646757
244,4,3,4,1235747
53,1,1,1,272708
115,2,2,1,584727
292,6,5,4,1527668
118,2,1,1,569996
86,2,2,2,503984
234,4,3,3,1186021
117,3,2,2,644337
75,2,1,1,374196
211,4,4,3,1113007
166,2,1,1,761917
69,2,2,1,363342
55,2,2,1,350910
49,1,1,1,249830
169,4,3,3,894518
194,4,3,3,1014908
61,1,1,0,303119
99,2,2,1,522230
238,3,2,3,1174194
144,3,2,3,736806
260,4,3,4,1315352
288,5,4,4,1466534
264,6,5,4,1432123
272,5,4,4,1372039
239,5,4,4,1247485
189,2,2,1,869006
233,4,3,4,1173356
62,2,2,1,375287
93,1,1,0,412507
95,2,2,2,486222
195,5,5,4,1114550
80,1,1,1,387343
261,6,5,4,1379386
227,5,5,4,1254741
248,5,4,4,1280568
192,3,2,3,970809
57,1,1,1,287793
202,3,2,2,1015111
157,4,4,3,859454
71,1,1,1,359487
299,6,5,4,1531119
198,5,4,4,1108462
208,3,3,2,1006823
81,1,1,1,424448
165,2,2,2,828567
76,1,1,0,375991
70,1,1,1,357971
99,2,1,1,523925
288,6,5,4,1481897
149,3,3,3,782623
250,5,5,4,1345540
256,6,5,4,1371390
120,2,1,2,595009
273,6,5,4,1426899
246,4,4,3,1242014
177,2,2,1,855389
68,1,1,1,321733
102,1,1,1,509708
112,2,1,2,595540
219,5,4,4,1200825
79,1,1,1,360573
53,1,1,1,262405
298,4,3,3,1454707
158,4,4,3,903120
177,2,2,1,818521
88,2,2,2,459243
56,1,1,1,304701
237,3,3,2,1163424
89,3,2,3,531818
100,3,2,3,558212
88,2,2,2,494718
175,2,2,1,842191
93,2,1,1,474128
148,3,2,2,779207
138,4,4,3,773559
281,4,3,4,1405251
160,4,4,4,906522
81,1,1,1,398300
199,4,3,4,1076013
292,6,5,4,1524505
289,5,5,4,1470827
244,5,4,4,1252878
131,3,3,2,697887
272,5,5,4,1398377
260,5,4,4,1346939
90,3,2,2,514697
208,5,5,4,1154592
181,3,2,2,900241
77,1,1,1,406214
261,4,4,4,1346732
82,1,1,0,373689
252,4,4,4,1269028
295,6,5,4,1537918
193,4,4,4,1021304
203,3,2,2,1009604
223,4,3,3,1148689
199,4,3,4,1076269
289,5,5,4,1488952
187,3,3,3,960661
136,2,2,2,712178
130,1,1,1,581419
55,1,1,0,298127
212,4,4,4,1125838
121,3,2,3,642272
45,1,1,0,232513
197,5,5,4,1131411
299,6,5,4,1556340
52,1,1,1,268518
214,4,4,3,1104184
225,4,3,4,1170342
147,3,3,2,798955
176,2,2,2,882820
45,2,2,1,280265
184,3,2,3,912715
55,1,1,1,302338
61,2,1,2,361421
229,4,4,3,1168774
93,1,1,0,429938
79,1,1,0,370177
130,2,1,2,644975
268,5,5,4,1384027
166,3,3,3,875263
105,2,2,1,537675
299,4,3,3,1426213
266,4,3,3,1338943
92,2,1,1,454430
297,5,5,4,1536888
75,1,1,1,401407
98,2,2,1,506766
117,2,1,2,601677
260,6,5,4,1398404
189,3,3,2,943670
130,2,2,1,664368
298,6,5,4,1531125
200,4,4,4,1080501
104,1,1,1,499870
268,5,4,4,1356119
243,4,4,4,1282117
239,4,3,4,1195681
103,3,2,2,547863
298,6,5,4,1528889
164,2,1,1,750799
267,4,3,3,1301903
63,2,1,2,381189
156,4,3,3,847277
257,5,5,4,1363152
136,2,1,2,643918
49,2,2,1,326814
91,2,1,2,472983
133,3,2,3,743771
94,1,1,1,438060
78,2,2,1,403022
206,5,5,4,1152032
133,3,2,2,670720
202,4,3,4,1037090
219,4,3,4,1108826
295,6,5,4,1550049
265,5,4,4,1376718
95,1,1,1,468578
68,1,1,1,369657
179,4,3,3,966144
211,3,3,2,1061418
133,2,1,2,667226
261,5,4,4,1357902
140,3,3,2,745884
100,2,1,2,539968
91,2,2,2,502680
284,6,5,4,1516132
168,4,4,3,950944
259,6,5,4,1409230
70,2,1,2,378908
260,4,3,3,1292705
206,5,5,4,1157853
149,3,2,2,789712
85,3,3,3,528489
228,4,3,4,1150903
257,5,4,4,1312646
265,5,4,4,1366212
229,5,5,4,1249935
127,2,1,1,606233
281,6,5,4,1450876
249,5,5,4,1326673
166,3,3,3,872793
130,3,2,2,695620
255,5,5,4,1346331
104,2,2,1,541659
209,4,3,4,1116947
196,5,4,4,1097828
160,3,2,3,819660
175,3,3,2,912632
207,5,5,4,1156693
296,5,4,4,1502200
109,2,2,2,575022
123,1,1,1,555132
118,2,2,2,630905
181,4,4,4,982147
127,3,3,3,728364
126,2,1,1,636739
184,3,3,2,915567
182,4,3,4,963907
254,4,3,4,1267156
284,5,5,4,1485922
244,4,3,4,1245283
140,4,3,4,807544
285,5,5,4,1485095
270,5,4,4,1415061
144,3,3,2,766369
299,5,5,4,1526302
202,4,3,3,1022956
236,5,5,4,1277039
164,3,3,2,872288
232,4,4,4,1203857
139,3,3,3,765263
70,1,1,1,361249
164,2,2,2,828097
65,1,1,0,327967
281,5,4,4,1408454
96,3,2,2,568600
243,3,3,2,1171395
216,4,3,3,1112221
229,5,5,4,1233571
298,5,4,4,1490656
264,5,5,4,1395028
63,1,1,0,322923
186,3,3,3,927991
215,3,2,3,1047484
265,5,4,4,1365876
292,5,5,4,1492356
203,4,4,3,1059868
70,2,1,2,370358
220,4,3,3,1104371
209,4,3,4,1067755
117,2,1,1,569778
167,4,4,3,912426
127,2,2,1,636476
196,4,3,4,1062748
204,3,3,3,1036274
300,4,4,4,1483065
173,4,3,3,939049
284,6,5,4,1493939
78,1,1,1,407651
225,3,2,3,1080326
58,2,1,1,333281
279,4,3,4,1389560
148,3,2,2,772738
292,5,4,4,1460033
291,6,5,4,1550653
295,5,4,4,1473119
158,4,4,4,922200
237,4,3,4,1235450
123,2,2,2,615978
75,1,1,1,374006
166,2,2,2,824880
144,3,3,3,789345
171,3,3,2,892666
291,4,3,3,1414889
237,4,3,4,1201951
230,3,2,3,1141661
173,3,3,3,920580
98,2,1,2,527628
195,3,2,3,987192
95,3,2,3,535301
75,1,1,1,366911
67,1,1,1,343239
57,1,1,1,281287
150,3,3,2,785267
68,1,1,0,356943
177,4,3,3,918398
90,1,1,0,448388
140,3,2,2,738989
81,1,1,1,380157
105,2,2,1,517277
256,5,5,4,1322514
208,4,4,3,1088431
231,4,3,4,1179095
128,2,2,1,657919
240,5,5,4,1300672
90,2,1,1,440249
190,4,3,3,989195
214,5,5,4,1187375
204,5,5,4,1120562
129,2,2,2,644037
240,5,5,4,1270010
75,1,1,1,363683
226,5,5,4,1237999
48,1,1,1,262458
261,6,5,4,1402296
67,1,1,0,330186
170,3,2,3,866096
86,2,2,2,463095
170,2,1,1,806315
142,4,4,3,814108
178,3,3,2,900364
276,6,5,4,1470399
211,4,3,4,1090795
292,6,5,4,1550288
86,2,2,2,500481
122,2,2,1,588528
167,2,1,1,799456
253,6,5,4,1376554
233,4,4,4,1237346
165,2,1,2,806685
197,5,4,4,1054951
296,6,5,4,1538121
291,4,4,4,1446216
73,1,1,1,354143
98,1,1,1,495876
75,1,1,1,384800
68,1,1,0,342895
186,2,1,1,843200
216,4,3,4,1115023
230,3,3,3,1168161
63,2,2,2,363792
134,3,3,3,766617
182,3,3,3,965808
150,2,1,2,719280
249,6,5,4,1332305
241,4,4,3,1211255
234,4,3,4,1206566
267,6,5,4,1397696
140,4,4,4,831430
175,3,2,2,849104
51,1,1,1,290556
196,3,2,3,971196
142,4,4,3,797278
149,3,3,3,824479
246,5,4,4,1263003
57,2,2,1,341368
271,5,5,4,1441779
173,4,3,4,970313
239,5,4,4,1231760
294,6,5,4,1538287
152,2,2,2,767367
148,4,4,3,820572
87,3,3,2,520251
225,4,4,3,1134406
79,1,1,1,362725
75,1,1,1,393633
230,5,4,4,1194678
106,1,1,0,506946
269,5,4,4,1362403
62,2,2,1,365722
214,4,3,3,1103039
88,1,1,1,447791
230,5,5,4,1266967
82,1,1,1,393289
114,2,2,1,589082
46,2,1,2,266687
163,3,3,2,830507
161,2,1,2,796341
123,2,2,1,612671
50,1,1,0,241685
105,1,1,1,480229
226,5,5,4,1201639
295,5,5,4,1502289
218,4,4,4,1154528
119,1,1,1,568006
135,1,1,0,631417
220,4,3,4,1111869
290,5,4,4,1500128
97,3,3,3,564668
135,2,2,1,639610
157,3,2,2,798746
63,1,1,0,325091
94,3,2,3,523896
146,3,3,3,787885
106,1,1,0,500522
203,4,4,4,1085062
251,4,4,3,1279179
152,3,2,2,760673
140,3,3,2,737572
159,3,2,3,840551
184,3,3,3,920975
258,5,5,4,1330397
87,2,1,2,482631
156,2,2,1,755061
202,5,4,4,1087630
120,2,2,2,609980
265,4,3,3,1284252
72,2,2,2,412032
74,2,2,2,439930
229,3,2,2,1123342
79,1,1,1,366760
144,3,3,3,791515
193,4,3,4,1024290
117,2,1,2,587407
300,6,5,4,1566552
47,1,1,0,267079
210,5,5,4,1128947
246,4,4,4,1269901
64,2,2,1,381861
80,1,1,1,386811
110,3,3,3,615768
87,2,1,1,476199
247,4,4,4,1274494
105,2,2,2,547207
186,3,2,3,929759
160,3,3,2,851019
155,2,2,2,764761
253,5,5,4,1308404
247,3,2,3,1172495
128,1,1,1,582516
164,4,3,4,916279
156,4,3,4,844378
111,2,1,1,543337
49,2,1,2,291872
82,2,1,2,456034
160,3,2,3,840771
134,2,1,2,669361
197,5,4,4,1093347
45,1,1,0,224427
244,3,3,2,1157285
296,6,5,4,1563763
71,1,1,1,339572
174,4,3,4,942570
62,1,1,1,346120
49,1,1,0,219648
154,3,2,3,829796
149,4,3,4,847257
259,6,5,4,1403940
136,1,1,1,619283
268,5,4,4,1379048
170,3,3,3,873962
243,3,3,2,1177850
169,2,2,2,846385
113,1,1,0,527192
268,5,5,4,1379801
254,5,5,4,1340193
135,2,1,2,660168
71,1,1,1,369689
169,3,2,2,830365
221,4,3,3,1104663
272,6,5,4,1435740
255,4,4,4,1319325
250,4,3,4,1250188
96,2,1,1,488529
151,3,3,3,833053
238,4,4,3,1208889
239,4,4,3,1197218
249,6,5,4,1329090
225,4,3,4,1182353
67,1,1,1,345451
280,5,5,4,1476919
143,3,3,3,776420
217,5,4,4,1179763
46,2,2,2,325840
263,5,4,4,1375112
124,2,2,2,660857
223,3,2,3,1077030
251,5,5,4,1300012
275,5,4,4,1397313
148,2,2,1,740069
232,5,4,4,1213849
63,1,1,0,326846
229,4,4,3,1195077
75,1,1,0,356603
231,5,5,4,1238607
66,2,2,1,404107
73,1,1,1,344908
284,5,4,4,1477254
120,1,1,1,558834
267,5,5,4,1421993
298,5,4,4,1513733
141,2,1,2,683168
267,5,4,4,1360840
144,4,3,4,827754
94,2,2,2,533976
180,2,2,2,879347
182,2,1,2,876652
138,2,2,2,724658
142,3,3,3,743482
70,2,1,1,358445
213,4,3,3,1067337
178,3,3,3,933711
71,1,1,0,342021
74,1,1,0,333166
205,4,4,3,1061568
129,3,2,2,683837
126,2,1,2,613552
171,2,1,1,807164
185,2,2,1,856345
99,1,1,0,450764
248,4,3,4,1264179
161,3,3,3,859709
189,3,3,3,991389
107,1,1,0,521355
270,5,4,4,1391385
123,1,1,1,545397
277,5,5,4,1418484
135,2,1,1,658940
193,5,4,4,1062427
145,3,3,3,811881
212,5,4,4,1174245
79,1,1,0,366549
109,2,2,1,558703
252,5,5,4,1354714
239,4,3,3,1213931
208,4,4,4,1101976
89,2,2,2,480447
179,3,2,3,935684
123,1,1,1,584442
217,3,2,2,1047060
282,4,3,3,1379480
104,3,2,3,571728
171,4,4,4,934749
266,5,5,4,1365700
118,2,2,1,582680
169,3,2,3,847394
299,5,5,4,1506709
117,2,2,2,626456
154,3,3,2,808535
49,2,2,2,311070
217,4,3,4,1106658
117,1,1,1,545891
271,6,5,4,1414934
122,1,1,0,565941
86,2,2,1,438354
226,3,2,2,1080317
180,3,3,3,929475
122,2,1,2,616259
125,3,2,2,659266
297,5,5,4,1512762
89,1,1,0,416576
229,4,3,4,1197679
66,1,1,1,363057
222,3,3,2,1061896
165,3,2,2,854224
109,2,2,1,561650
45,1,1,1,225337
78,1,1,1,367468
276,4,4,3,1389023
140,3,3,2,730264
199,4,4,4,1070940
104,2,2,2,540612
295,5,4,4,1509905
243,5,4,4,1275762
284,4,3,3,1405929
130,3,3,3,703599
162,3,3,3,864011
236,3,2,2,1127982
281,5,5,4,1480272
173,3,2,3,893802
230,4,3,3,1136516
63,1,1,1,300563
65,2,2,2,374510
163,4,3,3,885950
219,4,3,3,1139899
165,3,3,2,872410
208,3,3,2,1058838
200,3,3,3,1036488
171,3,3,2,875863
60,2,2,2,349031
219,4,3,4,1137196
109,2,1,2,560774
167,2,1,1,760365
131,2,1,1,659441
174,4,4,4,953347
161,4,3,4,885040
50,1,1,0,248564
292,5,4,4,1494984
292,5,5,4,1492592
157,3,2,2,788907
219,4,3,4,1159339
85,2,2,1,465538
107,3,3,2,615253
82,1,1,0,370747
108,3,2,2,618941
92,2,2,2,475274
106,1,1,0,498992
148,2,1,1,699761
46,2,2,1,323740
165,3,3,3,894554
51,1,1,0,273810
151,2,1,2,761394
268,6,5,4,1436178
126,1,1,1,579477
47,1,1,0,246658
169,2,2,2,796661
267,5,4,4,1371835
281,4,4,4,1389951
268,4,3,3,1345036
141,4,3,4,815624
67,1,1,1,322213
223,3,3,3,1085768
64,2,2,1,343942
229,4,4,3,1188797
191,4,3,4,1028969
228,4,4,4,1190656
211,3,3,3,1074908
281,5,4,4,1445272
74,1,1,0,380424
83,3,2,2,487020
103,2,1,1,497671
209,4,3,3,1066173
106,3,2,3,572670
106,2,1,2,554738
155,3,2,3,818525
149,3,3,3,795239
204,5,5,4,1144583
196,4,3,3,998920
159,2,2,1,740321
152,4,3,4,861071
116,1,1,1,530909
171,3,2,2,861946
231,5,4,4,1232113
289,4,3,4,1457282
203,4,4,3,1048612
282,5,5,4,1448634
284,5,5,4,1468971
104,3,2,2,591150
216,4,3,4,1150216
123,1,1,0,536445
46,1,1,1,236029
52,1,1,1,304726
82,1,1,1,413447
223,4,4,3,1176240
184,3,3,2,909748
97,3,2,2,560437
100,2,1,2,529562
108,3,2,3,579920
268,6,5,4,1423291
103,2,1,2,545667
220,3,3,2,1093515
232,4,4,4,1182024
246,4,3,3,1252535
139,3,3,3,746486
180,3,3,2,914833
264,5,5,4,1369400
121,3,3,2,651370
60,1,1,1,307638
96,1,1,1,459949
55,1,1,1,264159
251,6,5,4,1369129
218,4,4,4,1139247
237,5,4,4,1252767
232,4,3,3,1202643
82,1,1,1,378467
204,4,3,3,1079577
152,2,1,1,698771
144,3,2,3,736600
228,5,5,4,1259419
80,1,1,0,385349
299,4,4,4,1464514
137,2,2,2,714553
287,4,3,3,1422471
214,3,3,3,1059771
110,2,1,2,530549
72,1,1,0,316108
71,1,1,1,342358
96,2,1,2,477341
65,1,1,0,344528
126,1,1,0,584903
230,5,5,4,1260487
252,4,3,4,1254481
136,2,1,1,633194
195,5,5,4,1114318
112,2,2,1,557475
164,2,1,1,778413
289,5,4,4,1493472
283,4,4,3,1428744
280,5,5,4,1475464
47,1,1,1,254217
237,3,2,2,1145672
144,3,3,3,790992
294,5,4,4,1464194
157,3,2,2,817218
207,3,3,3,1064114
261,6,5,4,1410568
208,3,2,2,1015383
98,2,2,2,545802
94,2,1,2,498991
281,5,4,4,1456816
264,5,4,4,1350909
184,3,2,2,917477
85,2,2,1,436862
133,3,2,3,689718
273,6,5,4,1468724
76,1,1,1,367432
283,5,5,4,1489295
151,2,2,2,758818
130,3,3,3,726438
49,1,1,0,243203
109,1,1,1,531550
234,3,2,3,1155888
54,1,1,1,286757
160,3,3,3,845174
106,3,2,3,625005
244,3,3,3,1193233
109,2,1,2,527909
53,1,1,0,266373
264,6,5,4,1407725
252,5,4,4,1332835
62,1,1,0,288120
175,4,4,4,979831
217,5,5,4,1158170
263,5,4,4,1384212
138,2,1,1,644087
156,3,3,2,812658
257,6,5,4,1383463
188,2,2,1,910074
183,2,2,1,840456
258,6,5,4,1356798
64,1,1,0,326047
165,2,1,2,813519
111,2,2,1,552801
106,2,1,1,525490
147,3,3,3,802236
214,5,5,4,1164192
73,1,1,1,355126
252,5,4,4,1317359
258,4,4,4,1342882
286,5,5,4,1481695
68,1,1,1,325072
228,4,3,4,1160133
279,4,3,3,1393965
262,5,5,4,1349122
279,4,4,4,1433009
282,5,4,4,1424025
154,2,1,2,746077
243,3,2,3,1182407
185,2,2,1,873150
180,4,4,4,966588
120,3,3,2,644428
71,1,1,1,356015
65,1,1,0,317881
82,2,1,1,414656
174,3,3,3,920780
141,3,3,2,753129
47,1,1,1,261607
167,3,3,2,875601
148,3,3,2,757871
119,3,2,2,651594
172,4,3,3,919317
173,3,2,2,839098
121,3,3,2,666949
124,2,1,1,576155
249,5,5,4,1335039
74,1,1,1,384270
47,1,1,0,224451
88,2,2,1,447225
164,3,2,2,841738
230,5,4,4,1239381
234,5,4,4,1222565
214,3,3,3,1090879
204,4,3,3,1051631
220,4,3,3,1108581
80,1,1,0,392460
68,1,1,1,339626
175,4,4,3,960438
293,4,4,3,1437428
221,4,4,3,1163562
76,1,1,0,391788
192,2,2,2,901706
212,5,4,4,1144817
300,5,4,4,1495435
220,4,4,4,1142621
281,5,4,4,1445190
182,2,2,1,852635
288,5,5,4,1493269
82,1,1,1,389799
278,4,4,4,1422067
163,2,2,1,804181
188,2,2,2,924945
270,5,5,4,1435321
84,1,1,1,380910
296,4,3,4,1482355
110,1,1,1,543078
282,5,4,4,1434102
281,6,5,4,1508350
197,4,4,3,1054011
213,5,5,4,1177716
83,2,1,1,426522
177,3,3,3,888398
180,3,2,2,885172
171,3,2,3,861189
215,3,3,3,1068583
201,4,4,3,1031610
229,4,4,3,1184832
282,6,5,4,1501050
228,3,2,3,1086918
114,2,2,2,574017
124,2,1,2,636441
169,3,3,2,859999
213,3,2,3,1070319
210,3,2,3,1035247
86,3,3,3,538373
64,1,1,0,304196
122,2,1,2,607165
179,4,4,4,991017
121,2,2,2,635132
259,5,5,4,1383838
69,1,1,1,341273
99,2,2,2,554482
58,1,1,0,285213
251,6,5,4,1366737
127,2,1,1,600785
177,2,2,2,842328
119,1,1,0,529281
106,3,3,2,624949
274,6,5,4,1471027
278,5,4,4,1408483
93,3,2,2,548939
165,2,1,1,775444
273,4,3,3,1355418
87,1,1,0,394999
118,2,2,2,631692
75,1,1,0,344718
207,4,3,3,1091369
256,6,5,4,1405193
216,4,4,4,1155489
147,4,4,4,858576
162,2,2,2,801085
123,1,1,0,582186
95,2,2,2,539300
81,1,1,1,417222
283,5,4,4,1466583
289,5,5,4,1487280
294,5,4,4,1487138
210,3,2,2,1017248
64,2,2,2,371600
233,5,4,4,1225431
191,3,2,2,960205
248,6,5,4,1313306
99,2,2,2,550895
238,5,4,4,1284650
167,2,1,2,812849
297,4,4,3,1474103
68,1,1,0,351808
142,4,4,3,805495
149,3,2,3,777907
250,6,5,4,1361992
111,3,3,3,618014
148,3,2,3,788636
183,3,3,3,912885
93,1,1,1,474071
102,2,1,2,519099
227,3,3,2,1098598
229,4,4,3,1189223
173,3,3,2,878458
146,3,3,3,815362
172,3,3,3,879408
122,2,2,1,605931
76,2,1,2,425706
292,5,4,4,1500718
139,2,2,2,678971
280,5,5,4,1425888
213,5,4,4,1168468
212,3,3,2,1070159
224,4,4,3,1146770
223,4,3,4,1170923
161,4,3,4,874229
67,1,1,1,343034
169,2,2,2,823538
113,3,2,3,654919
290,6,5,4,1522970
83,3,3,3,538976
191,3,2,3,957918
270,5,5,4,1386319
174,4,3,3,913468
210,3,3,2,1029178
128,2,1,2,610168
106,2,2,2,549475
217,4,3,4,1134809
296,6,5,4,1572366
66,1,1,0,303473
176,2,1,2,814632
132,3,3,3,741845
254,4,4,4,1314303
99,1,1,0,462678
215,5,5,4,1171997
209,3,3,2,1016925
222,4,4,3,1127754
144,3,3,2,748324
260,5,4,4,1343941
292,5,4,4,1494676
175,4,3,3,917665
166,2,1,1,775745
249,6,5,4,1344863
253,5,5,4,1350099
53,1,1,0,279039
45,1,1,0,210706
226,4,3,3,1130364
218,4,4,4,1122603
144,2,1,2,696986
294,5,4,4,1470001
208,3,2,3,1024315
104,2,1,1,531762
70,2,2,2,433396
155,3,2,2,809181
183,3,2,3,935091
298,6,5,4,1566546
296,4,4,3,1445029
106,3,2,2,566612
267,6,5,4,1447821
242,4,4,3,1212126
141,4,4,3,809593
112,2,1,2,559489
238,4,4,4,1220840
140,4,4,4,817945
277,6,5,4,1452828
252,5,5,4,1331853
228,4,3,4,1146615
266,4,3,3,1338798
199,4,4,3,1046098
64,1,1,1,314865
247,4,4,3,1256414
189,4,3,4,1003789
245,4,3,3,1220640
64,1,1,1,338424
257,4,4,3,1269979
86,2,2,1,442025
136,1,1,0,612038
166,3,2,3,835945
168,4,4,3,909373
162,4,3,4,893383
90,1,1,0,392888
105,2,2,2,586407
294,6,5,4,1561337
248,4,4,4,1278148
279,6,5,4,1499978
220,4,4,3,1157244
117,2,1,2,593392
179,4,4,3,970817
149,4,4,4,864874
285,5,5,4,1458112
167,4,3,4,885981
88,1,1,1,443111
137,2,2,2,666223
180,2,1,1,840084
134,2,2,1,693796
260,5,4,4,1372455
157,3,3,2,820438
81,1,1,1,381708
184,3,3,2,911974
100,1,1,0,462658
179,3,2,2,906684
251,6,5,4,1343223
75,1,1,0,371014
270,4,4,4,1370543
233,5,5,4,1238468
182,4,4,4,1011665
62,1,1,0,313733
157,4,3,3,871541
270,5,4,4,1391872
242,4,4,4,1242827
49,1,1,1,257164
271,5,5,4,1395288
276,5,5,4,1432734
106,2,1,1,511908
127,1,1,1,588331
282,5,4,4,1422774
63,1,1,1,314002
196,3,3,3,977533
209,5,5,4,1151125
48,1,1,1,280871
164,4,3,3,884621
52,1,1,1,249938
70,1,1,0,322537
234,3,3,3,1171432
107,1,1,0,487687
47,1,1,1,235089
288,5,4,4,1462832
256,6,5,4,1353597
232,4,3,4,1181955
209,4,4,3,1123333
215,4,3,4,1119399
141,4,3,3,791454
268,4,3,4,1329349
101,1,1,0,452910
64,1,1,0,296107
135,2,2,2,654082
144,3,3,2,757898
216,3,3,2,1075278
138,3,2,3,737061
102,3,3,2,601195
284,5,4,4,1474176
284,5,4,4,1469966
97,2,2,1,525995
185,4,4,3,965488
131,1,1,0,603017
77,1,1,0,385229
230,3,3,2,1142236
268,5,5,4,1386412
251,4,3,3,1281518
165,4,3,3,907509
158,2,1,1,766256
134,2,2,1,665572
202,4,4,4,1064267
135,2,1,2,647536
197,4,3,3,1009800
182,3,3,3,949740
137,2,2,2,692131
129,2,1,2,658789
134,3,3,2,709515
92,2,1,1,439471
155,2,2,2,737041
138,2,1,2,682159
130,1,1,1,589981
88,2,2,1,494135
123,1,1,1,598477
256,5,5,4,1335640
47,1,1,0,241082
161,3,2,2,794889
91,2,1,1,494966
294,4,4,3,1451242
196,4,3,3,1005072
49,1,1,0,248042
111,2,2,1,574830
211,4,3,3,1083369
269,6,5,4,1450691
259,4,4,4,1333676
256,5,4,4,1323867
135,1,1,1,608025
116,2,1,1,587804
187,4,4,4,1023747
67,2,1,1,370760
295,5,4,4,1495541
69,2,1,1,379980
256,5,5,4,1357375
286,5,4,4,1469900
252,4,3,3,1267273
179,2,1,1,854920
245,4,4,3,1231086
183,3,2,3,935371
82,1,1,1,424395
55,1,1,1,267595
237,5,4,4,1266517
74,1,1,0,333282
110,3,2,2,610891
284,5,4,4,1470523
180,4,3,4,940135
247,4,3,4,1256605
136,2,1,1,660681
61,2,2,2,357591
249,5,5,4,1316981
154,3,3,2,781781
220,4,3,3,1138724
89,1,1,1,438936
286,5,4,4,1457066
225,5,5,4,1249394
118,2,1,2,574516
239,4,3,3,1189006
156,3,2,3,821330
157,3,3,3,818646
145,4,4,3,810512
262,6,5,4,1409165
217,4,3,4,1113718
72,1,1,0,346025
69,1,1,0,338791
185,4,4,4,982998
221,5,5,4,1202455
133,3,3,2,711583
105,2,2,2,574032
168,2,1,1,811344
249,5,4,4,1274260
281,5,4,4,1446619
82,1,1,0,398840
195,4,4,4,1029082
233,3,2,3,1119051
289,5,5,4,1472666
155,3,2,2,811193
107,2,2,1,550959
291,5,5,4,1493465
232,5,5,4,1231955
157,3,3,3,820616
156,2,2,1,753456
84,1,1,0,377650
281,5,4,4,1434024
231,5,5,4,1272329
136,1,1,1,621585
230,4,4,4,1193895
92,2,1,1,444453
281,5,4,4,1414620
268,4,3,3,1340391
233,3,2,3,1125553
49,2,1,2,296925
243,3,2,2,1169893
100,2,1,1,489819
164,3,3,2,830772
61,1,1,0,315550
209,5,5,4,1164960
207,3,3,3,1031890
212,4,4,4,1149788
86,1,1,0,406490
181,4,3,4,961899
258,6,5,4,1394798
158,2,1,1,741961
145,3,2,2,743107
174,3,3,2,895935
208,4,4,4,1079092
95,2,1,2,520464
207,4,3,3,1080772
72,1,1,1,354616
218,4,4,4,1149700
254,5,5,4,1321618
59,2,2,2,388814
53,2,2,1,338639
102,2,2,1,511114
103,2,2,2,547646
192,4,3,3,1031421
224,4,3,3,1147395
46,1,1,1,265493
109,1,1,0,482983
298,6,5,4,1525115
95,3,2,3,547128
166,2,2,2,828800
101,1,1,1,481936
272,6,5,4,1423135
263,4,3,4,1311220
197,5,4,4,1102555
265,5,5,4,1385031
290,5,5,4,1476541
231,3,3,3,1123293
262,6,5,4,1415557
210,3,3,2,1056977
266,5,5,4,1374825
148,3,3,2,793299
218,4,4,3,1155555
250,5,4,4,1307091
286,4,4,3,1403834
144,4,4,4,828136
132,2,2,1,659075
235,5,4,4,1264646
142,3,2,3,732564
282,5,5,4,1441331
119,3,2,2,633500
251,5,4,4,1289780
281,6,5,4,1451031
80,1,1,0,394338
242,3,3,2,1170063
136,1,1,1,657352
284,4,3,3,1409554
73,1,1,0,339678
77,2,1,2,441193
110,2,1,2,552960
116,3,2,3,638708
62,2,1,2,330009
256,5,4,4,1324340
273,6,5,4,1451918
265,4,3,3,1329516
64,1,1,1,353459
181,2,1,1,858132
156,3,2,2,785354
64,1,1,1,350749
151,2,1,2,707502
79,1,1,1,402875
208,5,5,4,1151364
97,1,1,0,460757
212,4,4,4,1125545
46,1,1,1,268706
220,5,4,4,1156267
119,3,2,2,622041
81,1,1,1,391630
290,6,5,4,1543495
106,3,2,2,594831
65,2,1,1,355542
196,5,5,4,1115374
106,1,1,1,482602
194,3,3,2,999941
103,2,2,2,563386
106,2,2,1,532019
62,1,1,0,280800
143,3,2,2,761439
131,2,2,2,683125
295,6,5,4,1517077
92,1,1,0,426066
182,3,3,3,941631
83,2,2,1,465222
182,4,3,3,976590
187,3,3,3,935823
241,5,4,4,1247475
268,4,4,4,1349673
124,2,1,1,629933
178,2,1,1,828282
133,1,1,1,620801
115,2,2,1,584392
85,2,2,2,461310
158,3,2,3,835825
132,2,1,2,669904
149,2,1,2,714213
72,1,1,1,367877
177,3,3,3,888224
265,5,4,4,1342398
151,2,1,1,700805
69,1,1,0,345848
110,3,2,3,636015
282,4,3,4,1387794
232,4,4,3,1164806
71,1,1,0,369031
250,5,4,4,1327434
172,3,3,2,860709
156,2,1,2,763001
226,3,3,3,1129141
255,4,3,4,1312626
250,4,4,4,1303710
179,3,3,2,892448
274,5,4,4,1418659
82,1,1,0,399307
187,3,2,2,912304
285,4,3,4,1404576
236,5,4,4,1233899
295,4,3,3,1432437
115,1,1,1,557742
175,3,2,2,905048
55,1,1,1,301070
294,5,4,4,1498378
81,2,2,2,477230
220,4,3,3,1152009
92,3,3,2,546116
300,6,5,4,1575060
185,3,3,3,955611
239,4,3,3,1209893
125,2,2,1,639990
124,1,1,0,581530
196,3,2,2,950633
207,4,4,4,1076099
239,3,3,2,1144532
251,4,3,3,1235464
296,6,5,4,1542144
181,3,2,2,925483
194,4,3,3,1029227
142,2,2,2,694824
84,2,1,2,442901
257,4,4,4,1309163
220,4,4,3,1142523
154,2,2,1,769029
94,2,1,1,480354
57,2,2,2,379052
267,6,5,4,1438719
226,3,3,3,1136997
232,3,2,3,1143571
152,3,3,3,810078
156,3,3,2,835281
108,2,1,2,552646
170,3,2,3,847509
234,4,3,4,1196614
294,5,5,4,1522282
90,2,2,2,507135
282,5,4,4,1412456
143,4,3,3,771656
141,4,4,3,828527
280,4,4,3,1413266
223,5,5,4,1219310
147,2,1,1,716738
177,3,2,3,928354
212,5,4,4,1162871
201,4,4,3,1040507
266,6,5,4,1411434
134,2,2,1,658326
144,3,2,3,777038
185,3,3,3,971494
103,1,1,0,478778
87,2,2,1,480842
107,2,1,1,534611
206,3,3,2,1043933
130,2,1,2,670960
111,1,1,0,513540
81,1,1,0,386825
174,3,3,3,932737
144,2,1,1,699577
116,1,1,0,546379
288,4,4,3,1405774
270,5,5,4,1386130
87,3,3,3,549174
54,1,1,0,285963
125,2,2,1,622873
163,3,2,2,820981
192,3,3,3,986879
144,3,3,2,754669
132,1,1,1,593002
220,4,4,3,1130608
196,3,2,3,953017
260,5,4,4,1357296
109,3,3,2,631342
115,1,1,1,521969
270,4,4,4,1369981
219,4,3,3,1141506
93,3,3,2,520090
163,4,4,3,899264
114,2,2,1,557813
196,4,4,3,1028268
82,2,1,1,430919
128,3,3,2,718152
274,5,4,4,1410680
162,4,3,4,904477
253,6,5,4,1377965
248,6,5,4,1329962
220,4,3,3,1097735
53,2,2,1,345051
94,2,1,2,519379
167,4,4,3,930390
158,4,3,4,899447
247,4,4,3,1246844
65,1,1,1,309855
151,2,2,1,726094
107,1,1,1,487822
140,3,2,3,735664
231,4,4,4,1192051
249,6,5,4,1347787
69,1,1,1,372250
120,1,1,1,563367
128,2,2,2,655263
150,4,4,3,852212
188,2,2,1,880666
108,2,2,1,528286
169,3,3,2,842931
221,4,3,3,1139282
223,4,4,3,1157543
152,3,3,2,799203
66,1,1,0,308122
281,4,4,3,1415489
213,4,4,3,1120686
261,6,5,4,1425112
227,3,2,2,1078747
246,4,3,4,1267386
223,4,3,4,1145832
278,5,5,4,1437285
218,3,2,2,1042676
172,2,1,1,791055
115,2,1,2,589181
173,3,3,3,882236
130,2,1,2,645178
197,5,5,4,1086048
162,3,3,3,860936
216,3,2,3,1034370
224,4,3,3,1136582
199,4,4,4,1041879
99,2,2,2,516615
174,3,2,3,885559
248,4,3,4,1233136
291,5,4,4,1499568
133,2,2,1,679366
182,2,1,2,832732
191,4,3,3,980431
101,1,1,0,469457
97,3,3,2,581616
267,6,5,4,1435135
152,4,3,4,831548
246,3,3,3,1211890
59,1,1,1,331681
284,6,5,4,1480172
71,2,2,1,426541
91,1,1,1,421029
257,5,4,4,1329060
176,3,3,2,881149
235,4,3,3,1180131
299,5,5,4,1502925
62,1,1,1,322821
93,3,3,3,548982
64,1,1,1,322118
175,3,2,3,912359
125,3,3,2,701071
278,5,5,4,1468840
273,5,4,4,1414560
107,3,3,2,606213
128,3,3,3,704940
51,1,1,1,270474
194,4,3,4,1043641
212,4,3,3,1102018
215,5,4,4,1142722
151,2,2,1,761104
61,1,1,0,316938
285,6,5,4,1508627
159,3,2,3,816285
110,2,1,1,568392
179,3,3,2,902216
178,2,2,1,828600
161,4,4,3,870380
239,5,5,4,1271578
107,1,1,0,471435
212,3,3,3,1077411
152,3,3,3,828525
300,5,5,4,1547576
275,5,4,4,1397403
54,1,1,1,258636
165,3,2,3,848586
259,6,5,4,1397030
55,2,2,2,321518
78,1,1,1,405238
79,1,1,1,417623
119,2,1,2,596792
132,1,1,1,590761
281,5,5,4,1473830
100,2,2,2,564302
109,1,1,0,471989
55,1,1,0,282785
251,6,5,4,1332804
167,3,2,2,828163
179,4,3,4,943734
265,5,4,4,1398748
52,1,1,1,270870
159,4,3,3,848408
116,3,2,2,605245
231,4,4,3,1160953
159,3,3,2,834118
254,5,4,4,1301073
149,3,2,3,778120
69,1,1,1,359127
163,2,1,1,772811
93,2,1,2,471688
91,2,1,1,491868
164,3,2,2,844799
128,3,2,3,667976
176,2,1,1,795419
105,1,1,1,474198
130,3,2,2,663369
109,2,2,1,528818
84,1,1,1,431428
161,3,2,3,806106
60,1,1,1,333196
287,5,4,4,1489934
72,2,2,2,446153
195,4,4,3,1039680
79,1,1,0,400237
209,4,3,3,1080437
127,1,1,0,597361
124,3,2,3,704347
129,1,1,0,592599
130,2,2,1,649039
77,1,1,1,405772
264,5,4,4,1354245
112,2,1,1,537610
126,2,1,2,640258
142,3,3,2,758790
98,1,1,1,466376
295,5,4,4,1485634
240,5,5,4,1299659
262,5,4,4,1346158
240,4,4,4,1233708
206,3,2,2,1018039
273,6,5,4,1452380
57,2,1,2,312158
137,1,1,0,608902
57,1,1,1,302924
48,1,1,0,242634
260,6,5,4,1399681
134,3,3,3,708949
84,3,2,2,514590
81,1,1,0,384147
252,6,5,4,1362445
264,5,5,4,1366124
134,3,2,2,677189
133,2,1,2,657289
149,3,3,2,779309
249,5,4,4,1319355
241,5,5,4,1311072
190,4,4,3,1043033
206,4,4,3,1074785
191,3,2,3,966721
276,6,5,4,1446067
224,4,4,4,1163298
251,5,4,4,1334019
175,3,2,2,878147
47,2,2,2,341789
243,4,4,3,1218386
190,2,1,2,917778
212,5,5,4,1161746
165,2,2,1,812078
104,3,3,3,633548
129,2,2,1,659014
112,1,1,1,540018
230,4,4,3,1197223
79,1,1,0,348730
106,3,3,3,608860
141,4,4,3,784723
255,4,4,3,1307045
202,3,3,2,980779
99,2,2,1,498249
175,3,2,2,881160
62,1,1,1,324590
161,4,4,4,919371
186,4,4,3,1003330
211,4,4,4,1122485
246,4,3,3,1230160
198,4,4,4,1065902
286,6,5,4,1518395
222,5,5,4,1224111
252,6,5,4,1332545
116,3,2,3,670824
62,1,1,1,326301
277,6,5,4,1449087
206,4,4,4,1090724
54,1,1,1,291154
297,5,5,4,1524420
270,6,5,4,1459233
52,1,1,1,277604
176,4,4,4,944707
202,5,4,4,1084432
91,3,2,2,542816
254,5,5,4,1363061
58,2,1,2,338193
80,1,1,1,385757
53,1,1,1,260703
186,3,2,2,914665
60,1,1,1,311003
299,5,4,4,1485790
86,1,1,1,391084
236,4,3,4,1209672
80,1,1,1,419911
175,3,2,2,851993
279,5,5,4,1463192
171,4,4,4,975610
127,1,1,0,565418
299,4,4,4,1496958
283,4,3,4,1430197
72,1,1,0,366228
234,4,3,3,1202278
76,1,1,1,384544
155,3,3,3,807074
241,5,4,4,1295145
95,2,1,2,526956
137,1,1,1,617764
45,2,1,1,297368
135,3,3,2,702421
48,1,1,1,272095
168,3,2,3,855297
251,6,5,4,1336441
148,4,3,3,831687
293,5,4,4,1470006
153,2,2,1,734415
131,3,3,2,686622
295,6,5,4,1525886
58,1,1,0,308160
259,5,5,4,1340890
279,5,4,4,1451673
148,3,3,2,769918
149,3,3,2,762142
55,1,1,1,317127
229,4,3,3,1165113
262,5,4,4,1339150
295,5,5,4,1486020
280,6,5,4,1483687
239,4,3,3,1212736
111,2,2,2,554011
235,3,3,2,1116289
66,1,1,0,317388
262,5,5,4,1364050
168,3,3,3,866307
212,5,5,4,1189066
199,4,4,3,1029337
117,2,1,2,563438
263,5,5,4,1349868
113,1,1,1,541261
213,4,3,3,1087103
274,6,5,4,1468362
133,3,3,2,732449
54,2,2,2,351079
45,1,1,0,206734
154,3,2,2,799930
127,1,1,1,607265
245,4,4,4,1239559
208,4,4,3,1071806
233,5,4,4,1239445
278,5,4,4,1447970
81,2,1,2,447207
123,2,1,2,615913
116,3,2,2,652652
149,3,2,2,742438
79,1,1,1,398827
230,4,3,3,1150345
101,3,2,3,574201
248,5,5,4,1338026
276,5,4,4,1415117
89,2,1,2,447350
106,2,1,2,537428
283,4,3,4,1379409
115,2,1,1,547085
94,2,2,1,521952
289,5,4,4,1455165
232,3,3,3,1174103
198,4,4,3,1045095
256,6,5,4,1385853
65,1,1,0,340449
298,5,5,4,1538780
101,2,1,1,516444
172,3,2,3,852607
139,3,3,3,773136
209,4,3,4,1118772
54,1,1,1,297033
251,6,5,4,1346571
189,2,2,1,890554
293,5,4,4,1498836
103,2,1,1,526174
221,5,5,4,1228421
163,3,2,2,846222
201,5,4,4,1104291
135,2,2,2,683051
143,2,2,1,722410
267,6,5,4,1441964
81,1,1,1,372139
60,1,1,0,312147
190,4,4,3,1043560
225,4,3,3,1158270
229,5,4,4,1225505
49,1,1,1,287532
60,1,1,1,334770
105,2,1,1,496245
162,2,2,2,813048
56,1,1,1,303408
170,2,2,2,846587
205,3,3,2,990348
240,5,4,4,1247924
50,1,1,1,247058
261,4,4,3,1287798
172,2,1,1,812835
203,5,5,4,1133378
59,1,1,0,316621
105,3,3,2,628480
146,3,3,3,815518
171,4,4,4,979680
136,3,3,3,728929
179,3,3,2,936081
135,2,1,1,631450
121,1,1,0,542355
291,6,5,4,1497965
62,1,1,0,303742
175,3,2,2,878527
79,1,1,0,374209
196,4,3,3,1015428
248,6,5,4,1323584
299,6,5,4,1563690
74,1,1,0,376735
60,1,1,1,298015
125,2,1,1,612879
207,4,4,3,1102301
80,1,1,0,366186
94,2,2,1,516911
49,2,1,1,293509
223,3,2,3,1063044
161,3,3,3,851498
50,1,1,0,260351
187,4,4,3,987992
128,2,1,1,649639
300,5,5,4,1557097
65,1,1,0,302762
118,3,2,2,625811
100,2,2,2,526097
270,5,5,4,1415731
82,1,1,0,396451
107,1,1,1,491987
216,4,3,4,1111585
196,4,4,4,1035956
55,1,1,0,275718
74,1,1,0,362936
69,1,1,1,372527
169,3,3,2,887090
111,1,1,0,525710
212,4,3,4,1119535
183,4,4,3,982655
184,2,2,2,898665
144,3,2,3,736205
93,3,2,2,536267
85,3,3,3,554385
129,2,1,2,655341
228,5,5,4,1205032
145,3,2,3,790282
88,2,2,1,486773
208,4,4,3,1064816
147,2,2,2,720462
247,3,3,3,1214482
212,4,4,4,1130114
116,1,1,0,548526
82,1,1,0,414939
161,3,3,3,837191
80,2,1,1,402688
205,5,5,4,1117125
78,1,1,1,397553
71,2,2,1,420138
87,3,2,3,524850
86,2,1,1,439056
237,4,3,3,1195757
164,2,2,1,802161
132,2,1,2,632471
47,2,1,2,277520
158,3,2,2,783342
151,3,3,2,801123
135,2,1,1,646420
156,2,2,2,792988
210,3,2,2,1038527
156,3,3,3,808793
160,3,3,2,853483
282,5,5,4,1447365
231,3,3,2,1110803
66,1,1,1,328884
240,3,3,3,1176844
290,5,5,4,1500129
249,4,4,3,1290057
59,1,1,0,296554
288,5,4,4,1469247
177,2,1,1,815151
111,2,1,1,577018
67,1,1,1,340918
233,4,4,4,1201291
92,2,1,1,478310
231,4,4,4,1190444
279,4,3,4,1410476
62,2,1,2,361661
243,4,4,4,1270547
272,4,4,3,1375667
204,4,3,3,1077575
128,1,1,1,578964
171,4,3,4,904548
247,5,5,4,1317798
222,5,4,4,1213595
177,2,1,2,835687
242,4,4,3,1217113
68,2,1,2,392866
238,4,3,4,1226258
177,4,3,4,938502
101,1,1,0,467329
199,5,4,4,1106016
297,6,5,4,1566573
108,3,3,2,601743
240,5,5,4,1280389
255,4,4,4,1312880
199,4,3,4,1073463
153,3,2,2,780226
254,5,4,4,1327451
293,5,4,4,1498138
218,3,3,2,1049448
295,6,5,4,1562914
139,4,3,3,802754
71,1,1,1,330004
109,2,1,1,560509
105,2,2,2,554410
176,4,4,4,962944
168,3,2,2,825296
229,4,4,4,1204760
231,4,3,3,1154575
260,5,4,4,1373724
82,1,1,0,383905
152,2,1,2,733531
81,1,1,1,425771
133,2,1,1,669205
250,5,5,4,1309257
226,3,3,2,1100016
174,4,3,4,921008
53,1,1,0,256923
293,5,4,4,1493602
257,5,4,4,1311963
62,1,1,1,330173
122,2,2,2,621436
289,6,5,4,1528574
66,2,1,2,399320
206,3,2,2,1022335
50,1,1,0,248928
115,2,1,1,582562
159,4,4,3,886276
186,3,2,3,931340
226,4,3,4,1164122
223,4,4,3,1172517
276,5,4,4,1398860
292,5,4,4,1507364
179,3,2,3,887884
158,3,3,3,813962
179,4,4,3,993846
180,4,4,4,995770
87,2,1,2,463523
222,4,4,4,1166637
249,6,5,4,1368234
249,6,5,4,1339866
209,3,2,3,1046591
119,2,2,2,642046
255,5,5,4,1370615
266,4,4,3,1319084
127,2,2,2,638513
143,3,2,3,736725
108,2,1,2,539237
52,1,1,1,276497
222,3,2,3,1110237
180,4,4,3,999579
180,3,2,2,924102
233,3,2,3,1110880
215,4,3,4,1135249
247,3,2,3,1170220
82,1,1,1,418904
155,3,3,2,792177
229,5,5,4,1242579
214,5,4,4,1143641
95,2,1,1,494331
119,1,1,0,570148
137,1,1,1,656131
96,1,1,0,439677
132,2,1,2,651031
173,3,2,3,887561
287,5,5,4,1457514
232,4,3,3,1201512
238,5,5,4,1272543
108,2,1,1,563656
295,5,5,4,1484167
286,6,5,4,1496127
292,6,5,4,1551470
72,2,1,2,390577
48,1,1,0,250448
292,6,5,4,1531364
164,2,1,2,810127
146,3,2,2,732013
295,6,5,4,1520102
131,2,2,1,655921
207,4,3,4,1094470
158,3,3,2,841506
237,5,4,4,1250049
90,2,2,1,493985
69,1,1,1,340871
294,6,5,4,1533679
192,3,3,3,952486
250,6,5,4,1325107
98,2,1,2,537246
159,2,2,1,794412
85,1,1,1,419633
149,2,1,1,715681
274,6,5,4,1465971
52,2,1,1,316063
234,4,3,3,1174668
166,2,1,1,767583
46,2,2,1,320271
55,1,1,0,295209
139,4,3,3,806445
237,4,4,3,1238226
223,4,3,3,1117854
66,1,1,1,358681
104,3,3,3,637403
229,3,2,2,1124849
259,5,5,4,1389465
285,5,4,4,1471115
190,2,1,1,870174
175,2,2,1,858979
281,5,5,4,1469213
258,6,5,4,1356417
161,3,2,2,795848
135,2,1,1,664819
50,1,1,0,233574
74,1,1,1,398576
235,4,4,3,1185166
76,1,1,1,391652
47,1,1,1,271819
278,5,5,4,1422822
134,2,2,2,705222
94,2,2,2,533752
296,4,3,4,1437792
144,3,2,2,768051
300,5,4,4,1502860
242,5,4,4,1294585
186,4,4,4,1020373
185,4,3,4,1011770
275,4,3,4,1350291
74,1,1,0,337282
201,4,4,4,1050421
163,3,3,2,841570
59,2,1,1,346338
59,1,1,1,319154
198,5,4,4,1061026
133,3,2,2,724261
248,6,5,4,1366083
270,5,4,4,1385299
56,1,1,1,274811
278,5,4,4,1449000
149,2,1,1,698382
244,5,4,4,1265519
175,4,4,4,958858
257,5,4,4,1344636
253,5,5,4,1320062
80,1,1,0,387365
164,3,3,2,837493
52,1,1,0,253788
46,1,1,1,232579
275,5,4,4,1387144
108,1,1,0,493768
141,4,3,3,763279
172,2,2,2,844821
191,4,3,4,988267
152,3,3,3,804308
113,2,1,1,571225
78,1,1,0,383553
93,2,2,1,514223
284,6,5,4,1487022
75,2,1,2,387116
53,1,1,1,294243
86,3,2,2,495423
138,3,3,3,769409
171,4,4,4,961840
111,2,2,1,551022
72,1,1,1,337384
173,4,4,4,981688
283,4,4,3,1403961
162,4,3,4,876637
132,3,3,2,691892
138,2,2,2,716125
116,2,1,1,564425
119,1,1,0,553555
100,1,1,0,447254
56,1,1,1,309091
147,2,2,2,753922
292,5,5,4,1529726
264,5,4,4,1366910
259,5,5,4,1357511
151,3,2,2,749933
249,5,5,4,1314453
285,5,4,4,1477818
150,4,4,3,837075
100,1,1,1,507193
103,2,2,1,511375
52,1,1,0,281505
191,3,3,3,988840
268,5,5,4,1386761
205,4,3,3,1079745
222,3,2,3,1060533
197,5,5,4,1080784
124,1,1,1,568382
144,2,1,1,704876
266,4,3,4,1323659
158,4,3,4,862174
92,1,1,1,435647
170,3,2,3,891987
225,5,5,4,1210357
292,6,5,4,1552130
273,5,5,4,1401316
278,6,5,4,1446125
226,4,3,3,1152123
190,3,2,3,935165
110,3,2,2,609744
204,5,5,4,1109003
117,3,2,3,629254
212,4,4,4,1102973
175,3,2,2,903518
107,3,3,3,624484
130,2,2,2,668892
293,5,5,4,1507729
292,5,5,4,1492529
206,5,5,4,1162241
292,6,5,4,1524328
217,4,3,3,1121054
274,5,4,4,1436944
54,1,1,0,242828
204,4,4,3,1066317
260,6,5,4,1398117
277,4,4,3,1389705
201,4,4,3,1035681
126,2,2,2,642282
181,3,3,3,915455
200,3,3,3,1014671
213,5,4,4,1155641
97,2,2,1,517838
212,3,2,3,1072353
224,5,4,4,1208505
291,5,5,4,1483854
267,5,4,4,1381247
187,3,3,2,915987
56,1,1,1,309321
257,6,5,4,1358733
133,1,1,0,620154
145,4,3,4,846232
45,1,1,1,217132
181,3,3,2,933149
61,2,1,2,330990
295,5,4,4,1472460
175,2,2,1,854368
276,4,4,3,1395977
227,4,4,3,1171813
165,4,3,4,885743
179,4,3,3,946464
276,5,5,4,1453674
84,2,1,2,455507
168,2,2,1,834172
287,5,5,4,1473443
263,4,3,4,1324520
202,5,5,4,1116314
210,4,3,4,1105808
68,1,1,0,354300
152,2,2,1,755764
104,2,2,2,537895
295,5,4,4,1486376
297,5,4,4,1524422
194,5,4,4,1082182
137,3,2,2,735970
141,3,3,2,743254
159,4,3,3,884294
115,2,1,2,569462
264,5,5,4,1356939
206,3,2,2,996307
214,5,5,4,1167942
95,1,1,0,470822
112,3,3,2,645523
67,2,1,2,407194
225,3,2,2,1084270
54,2,2,1,298947
214,3,2,2,1056433
203,4,4,4,1098807
279,6,5,4,1443285
137,3,2,3,744120
122,1,1,1,577603
152,3,3,2,798010
50,1,1,1,270990
187,4,3,4,971622
96,2,2,2,527412
233,4,4,4,1237606
58,1,1,0,275201
167,2,1,1,800269
287,4,3,4,1442323
240,4,4,4,1210532
118,3,2,3,662608
158,2,2,2,799853
297,6,5,4,1567233
274,4,3,3,1341070
271,6,5,4,1433483
73,2,1,2,380943
191,3,3,2,984729
55,2,2,1,357634
106,3,3,2,578015
199,4,4,4,1050242
203,4,3,3,1076291
259,5,4,4,1360441
152,2,1,2,754118
213,3,3,2,1069732
69,2,1,1,376314
246,5,4,4,1318555
113,2,1,2,579812
253,6,5,4,1332608
100,3,3,2,577826
208,4,4,4,1081343
287,5,4,4,1438043
185,4,3,4,973333
101,2,2,2,540685
286,5,4,4,1479035
91,1,1,0,437289
240,4,3,3,1236163
235,3,3,2,1139867
244,5,4,4,1285950
114,3,2,3,608900
247,4,3,4,1241545
214,3,2,3,1061328
261,5,5,4,1392124
151,4,4,4,879336
216,5,5,4,1168227
122,2,1,2,601862
288,6,5,4,1518540
152,3,3,2,785931
123,1,1,0,558270
101,2,1,1,513952
105,2,1,1,532742
217,5,5,4,1179954
299,4,3,4,1451001
137,1,1,0,636530
46,1,1,1,227162
60,1,1,0,299191
88,3,2,3,496299
278,5,4,4,1412850
130,2,2,2,669029
175,2,2,1,844670
79,2,1,2,442551
208,4,4,4,1112038
255,6,5,4,1397812
273,5,5,4,1435187
131,3,3,2,713578
281,5,4,4,1463778
241,4,4,4,1254750
58,1,1,1,272454
245,4,3,3,1245302
262,5,5,4,1403265
224,4,4,3,1173678
134,1,1,1,639855
198,3,3,3,983414
147,3,2,3,750857
161,3,3,2,814786
58,1,1,0,283116
132,3,2,3,739263
245,4,4,4,1287284
200,4,4,4,1051832
110,1,1,1,500833
137,2,2,1,674321
194,3,3,3,971738
137,1,1,1,623687
125,2,2,2,642124
177,3,2,2,888739
140,3,3,2,717063
72,2,1,1,409616
125,2,1,2,642710
94,2,2,1,515525
271,4,3,3,1319498
213,5,4,4,1164780
288,5,4,4,1459217
52,1,1,0,238578
72,1,1,1,373282
162,2,1,1,742437
142,4,3,4,832457
83,3,2,3,527654
209,3,3,2,1040425
136,2,1,1,647103
129,2,2,1,616611
108,1,1,1,513647
135,2,2,1,657585
290,4,4,4,1421439
133,3,2,2,715508
266,5,5,4,1372884
238,4,4,3,1201190
205,4,3,3,1041958
54,1,1,1,258645
273,5,4,4,1379483
264,4,4,3,1312171
71,1,1,1,361659
183,4,3,4,956823
151,4,3,3,817525
265,6,5,4,1425148
218,4,3,4,1159394
146,3,2,2,777566
130,2,2,1,672310
125,3,3,3,716187
213,4,3,4,1082298
254,5,5,4,1338022
129,2,1,2,643169
186,4,3,4,1009915
173,2,1,1,799160
285,4,3,4,1397132
132,2,1,1,653412
139,4,3,3,755733
77,1,1,1,364430
272,4,4,4,1377192
98,3,2,2,522772
137,2,1,1,660686
108,3,2,2,573825
46,1,1,0,236080
72,1,1,1,349490
79,2,2,2,468614
112,2,2,1,561018
201,3,3,2,1024982
83,1,1,1,409820
253,5,4,4,1333641
230,5,4,4,1235311
79,1,1,0,400508
286,6,5,4,1472402
80,1,1,0,376267
221,3,2,3,1082642
279,5,5,4,1431396
86,2,2,1,438479
57,1,1,1,291576
257,6,5,4,1395004
195,4,4,4,1042882
294,5,5,4,1533718
78,1,1,1,395843
291,5,4,4,1466789
279,5,4,4,1410595
105,2,1,2,539508
122,2,1,1,572089
143,2,1,2,690724
68,1,1,1,359799
263,5,5,4,1377272
152,4,4,3,842712
164,3,3,2,840826
218,3,2,2,1077813
232,3,3,2,1107336
257,4,4,3,1314396
133,2,1,1,628320
296,4,3,4,1427745
68,1,1,1,337221
262,5,5,4,1370180
107,2,2,1,565178
254,4,4,4,1298397
284,5,4,4,1424757
224,5,4,4,1179377
85,1,1,0,407561
68,2,2,2,430833
138,3,3,2,740138
254,5,5,4,1363194
267,5,4,4,1389476
176,2,1,2,823838
255,5,4,4,1344725
93,2,2,1,513133
59,1,1,0,291980
268,5,5,4,1383714
127,3,2,3,664221
58,1,1,0,312104
140,4,3,3,792092
226,4,3,3,1120237
150,4,3,4,821145
138,2,2,1,697903
61,1,1,1,330852
278,6,5,4,1482263
120,3,2,2,664814
56,2,1,2,314433
191,3,2,2,962217
281,5,5,4,1472629
250,4,4,3,1257456
251,4,3,3,1248237
149,3,2,2,779646
58,2,1,1,330491
174,4,3,3,933893
278,5,5,4,1458241
232,3,2,2,1136160
293,5,4,4,1472868
290,4,4,4,1461961
142,4,4,4,832718
256,4,4,3,1313152
56,1,1,1,290125
110,2,1,1,570823
298,6,5,4,1558925
211,4,3,4,1107195
287,5,5,4,1488398
146,4,4,4,868242
277,6,5,4,1466516
290,5,4,4,1501603
162,2,2,2,782551
106,3,3,3,621385
88,1,1,1,452575
173,3,3,2,906706
124,1,1,1,587672
128,2,2,2,671743
184,3,2,2,928187
54,1,1,1,310672
159,2,2,1,797444
140,3,3,3,763800
61,1,1,1,292706
150,3,3,3,786854
239,4,3,3,1202480
98,2,2,2,501589
123,3,2,2,631747
191,3,3,3,947898
187,2,1,1,862304
80,1,1,1,408501
104,2,2,2,574524
92,3,2,3,544000
159,3,2,3,824603
165,3,2,2,859001
283,5,4,4,1417685
212,5,5,4,1142672
224,5,5,4,1215257
164,4,4,4,911942
183,3,3,3,947605
89,1,1,1,419717
254,5,5,4,1312058
78,1,1,0,400320
119,1,1,0,570590
248,5,4,4,1270469
52,2,1,1,311541
142,4,4,4,839045
99,3,3,2,598721
253,6,5,4,1373473
144,4,3,4,840575
72,1,1,1,339367
113,2,2,1,575003
108,2,2,2,570300
180,2,1,2,829980
137,3,2,2,725720
77,1,1,1,410018
226,4,3,3,1154414
224,3,3,2,1083539
256,6,5,4,1352254
99,1,1,0,476658
266,5,4,4,1346267
228,4,3,4,1145300
210,3,3,2,1061919
216,5,5,4,1209264
200,3,2,3,1005240
271,6,5,4,1463434
264,5,5,4,1367290
128,2,2,1,666976
239,5,5,4,1280912
58,1,1,0,293454
257,4,3,4,1320842
259,4,4,4,1341816
264,5,5,4,1387315
116,1,1,0,509926
132,1,1,0,585044
208,5,5,4,1163309
169,3,2,2,826010
241,5,5,4,1280834
297,5,5,4,1509448
194,4,3,4,1014173
188,3,2,2,902576
233,5,4,4,1255509
55,1,1,0,281890
236,5,5,4,1238946
151,4,4,4,836700
105,2,2,2,530290
281,5,5,4,1472350
184,3,2,2,909626
144,3,3,2,766809
103,1,1,0,486712
111,2,2,2,578615
253,6,5,4,1342560
202,4,4,4,1067138
208,5,5,4,1140741
152,2,2,1,744258
135,2,2,2,665518
137,1,1,1,619966
125,2,2,2,629386
137,3,3,3,769781
93,3,3,3,583572
294,5,4,4,1492151
294,5,4,4,1505856
245,4,3,3,1239159
280,5,4,4,1417175
46,1,1,1,249409
151,4,4,4,886627
166,3,2,3,834973
83,2,2,2,477125
140,2,2,2,701867
193,4,3,4,994629
123,2,1,1,618348
62,1,1,1,331758
174,3,2,2,875552
177,4,4,3,949993
98,2,2,2,537864
182,3,2,2,904765
97,2,1,1,516330
112,2,1,2,563816
181,3,3,2,892215
286,5,4,4,1478245
93,2,2,1,487004
300,5,5,4,1508603
47,1,1,0,250821
82,2,1,1,451672
218,4,3,4,1120359
103,2,1,2,554602
69,1,1,0,308354
292,5,5,4,1479874
187,3,3,2,955958
294,5,5,4,1487969
156,3,3,2,792155
138,2,2,1,658801
272,4,4,4,1392406
264,5,4,4,1351615
88,3,2,2,484453
126,2,2,1,659802
107,2,2,1,563054
97,2,1,2,498411
63,1,1,1,345242
287,5,5,4,1479719
141,3,3,2,736846
117,3,3,3,648961
169,2,1,2,812953
143,3,2,2,734620
75,1,1,0,384015
57,1,1,0,272069
264,6,5,4,1413388
86,3,2,2,497206
45,2,2,1,263031
141,3,2,3,734433
199,5,4,4,1080890
131,3,2,3,697532
267,5,5,4,1384311
275,5,5,4,1429965
284,6,5,4,1492522
137,2,1,2,655676
295,6,5,4,1529390
73,2,2,1,419125
164,4,3,3,910477
55,1,1,1,281030
214,4,3,3,1072707
118,3,2,3,656035
59,2,1,2,319019
55,1,1,0,250120
125,3,2,3,704902
222,4,3,4,1162570
290,5,5,4,1479023
105,3,2,3,569332
185,3,3,2,927752
192,2,2,2,933089
59,1,1,0,278279
220,3,3,3,1091497
91,1,1,0,454116
86,1,1,1,440353
145,3,2,3,735164
284,6,5,4,1506451
289,6,5,4,1539811
268,4,3,4,1334732
282,5,5,4,1483772
219,4,4,3,1126662
252,4,4,3,1264700
104,1,1,0,462461
269,5,5,4,1378766
217,3,2,3,1083800
263,4,3,4,1326797
221,4,4,3,1163733
184,4,3,4,999409
139,2,1,2,680640
143,2,1,2,713911
54,2,2,2,316672
116,3,2,2,634198
230,4,4,3,1170624
175,2,2,1,809855
223,5,5,4,1220901
126,2,1,1,626818
69,1,1,0,360086
119,3,3,2,649839
119,2,1,2,616330
160,2,2,2,790133
165,3,2,3,836577
237,3,3,2,1150984
159,2,1,2,795257
272,5,5,4,1426325
111,2,2,1,557546
223,4,3,4,1136800
65,1,1,1,340256
287,5,4,4,1450617
183,3,3,3,962379
284,4,4,4,1396870
123,2,1,2,586126
83,2,1,1,437302
246,5,5,4,1321311
69,1,1,0,322995
220,5,4,4,1179748
171,3,2,3,851921
212,5,4,4,1140221
65,2,2,1,367469
129,3,2,3,673482
122,2,2,2,624898
159,2,1,1,755333
198,3,2,2,964623
232,4,4,3,1205823
265,5,5,4,1380188
238,3,2,2,1132856
216,5,5,4,1166235
263,4,4,3,1311582
106,2,1,2,537178
215,3,2,2,1066248
98,3,3,2,588377
89,1,1,0,390324
280,4,4,4,1404023
222,4,4,3,1130038
235,3,2,2,1133247
139,3,3,2,746265
154,3,2,3,791540
128,2,2,1,636419
106,3,3,2,611049
245,3,2,2,1189541
45,1,1,0,238576
255,4,4,4,1297590
96,2,2,2,538007
174,2,1,1,839292
115,3,2,2,620265
187,2,1,2,873593
122,2,1,1,586040
194,4,3,4,1016195
274,5,4,4,1425450
48,2,2,2,325540
103,3,3,2,592906
236,5,4,4,1242512
205,4,4,3,1096028
82,1,1,0,399872
202,5,4,4,1105537
166,2,2,1,789305
188,3,3,2,969188
236,3,2,3,1150853
182,4,4,3,969512
121,1,1,1,560703
144,3,3,2,761646
137,2,1,2,690306
71,1,1,0,326172
103,3,2,2,591976
85,2,2,2,470059
132,3,2,2,682154
95,2,1,2,512231
170,4,3,3,909181
159,3,3,3,864013
137,3,2,2,691457
174,3,2,2,889681
118,2,1,1,551074
126,3,2,3,694003
282,4,4,4,1444044
217,5,5,4,1188817
295,5,4,4,1515720
250,4,4,3,1254811
193,3,2,3,950243
137,3,2,2,695920
76,1,1,1,370344
147,2,1,1,676092
98,2,2,1,487272
70,1,1,1,356043
62,2,1,2,366843
136,2,1,2,667599
62,1,1,1,343944
127,1,1,0,573512
238,4,3,4,1190471
55,1,1,1,288952
221,4,3,3,1127399
289,5,5,4,1485164
268,5,4,4,1393987
233,3,3,3,1140219
266,6,5,4,1406847
251,6,5,4,1350082
70,1,1,0,323053
55,2,2,2,358724
93,3,3,2,569179
202,3,3,2,998474
275,4,4,4,1403780
202,3,2,2,998651
89,2,2,2,472106
220,4,4,3,1141949
172,4,3,3,947560
118,2,2,2,589946
77,2,2,2,456391
271,6,5,4,1427149
255,5,5,4,1349276
281,4,3,3,1362614
142,2,2,2,694139
68,1,1,1,322099
74,1,1,1,375811
144,4,4,4,838825
226,5,4,4,1197028
171,3,2,2,852713
211,4,4,4,1115460
52,2,1,1,297578
187,4,3,3,995932
83,3,3,3,507740
72,2,2,1,426308
221,4,4,4,1132524
289,5,5,4,1486106
158,2,1,1,725293
86,2,2,2,467535
49,1,1,0,256460
112,2,2,1,548046
122,2,2,1,596547
194,3,2,2,950728
186,4,3,3,957026
267,4,4,4,1345009
278,5,5,4,1431435
160,3,3,3,870654
217,5,5,4,1189305
183,3,3,3,939073
213,4,4,4,1128411
222,4,3,4,1126688
268,4,4,3,1332063
200,4,3,3,1063865
80,1,1,1,366999
160,2,1,1,782759
163,2,2,1,756618
234,3,2,3,1149799
55,1,1,0,289349
214,5,5,4,1178797
57,1,1,1,289672
175,3,3,3,885193
278,4,4,4,1424385
174,3,3,3,918424
248,4,3,3,1247701
90,2,2,1,471623
255,5,4,4,1325415
285,6,5,4,1513855
236,4,4,3,1196617
91,1,1,0,449975
271,6,5,4,1420160
247,4,4,3,1249680
109,3,3,2,605763
284,5,5,4,1474611
197,3,3,3,979773
258,6,5,4,1411811
184,4,3,4,989335
261,5,5,4,1359491
48,1,1,0,242842
266,5,5,4,1373298
156,3,2,2,772615
286,5,4,4,1484713
198,5,5,4,1124251
163,4,3,4,912766
170,2,2,1,809515
99,3,2,3,577184
260,5,5,4,1388031
107,1,1,1,505950
171,3,2,2,854373
90,1,1,1,434461
105,2,2,2,586755
90,3,2,2,495430
239,3,2,2,1167165
172,4,4,4,976859
284,6,5,4,1463766
57,1,1,0,263878
90,2,1,1,461855
223,5,4,4,1165637
153,2,1,1,722488
163,2,1,2,801542
194,4,3,3,1017489
133,2,1,1,640994
85,2,2,2,470811
106,2,1,1,540030
239,5,5,4,1269620
168,3,3,2,873901
54,1,1,1,296899
270,5,5,4,1395351
66,1,1,0,322568
252,5,5,4,1349757
199,4,4,3,1080217
175,2,1,1,840245
246,5,5,4,1328002
188,3,3,2,955758
219,5,4,4,1169231
127,3,2,2,695454
292,5,5,4,1529353
203,4,3,4,1095510
49,1,1,1,276418
248,4,3,4,1261974
274,5,5,4,1407555
145,3,2,3,763143
138,3,3,3,724681
222,4,4,4,1137262
85,2,1,1,441635
76,1,1,0,351568
143,2,1,2,725570
265,5,4,4,1348134
68,2,2,2,416558
133,1,1,1,615161
226,4,3,4,1158272
270,6,5,4,1444472
149,3,2,2,762379
122,3,2,3,683699
210,4,3,3,1107813
277,6,5,4,1455994
52,1,1,0,268037
212,3,2,2,1055872
133,3,2,2,693680
149,3,3,3,800868
203,4,3,4,1093668
189,3,3,2,950912
140,3,3,2,725193
108,3,3,3,607664
242,4,4,4,1266622
237,5,5,4,1276419
47,1,1,1,229418
173,3,3,2,908120
161,4,4,4,906358
246,4,3,4,1256151
210,4,3,4,1106600
120,3,2,2,637404
292,5,4,4,1491432
54,1,1,1,256838
81,1,1,0,363919
76,1,1,1,372700
92,2,2,2,515969
277,6,5,4,1436587
253,5,4,4,1307698
97,2,2,2,512123
286,5,4,4,1481621
83,1,1,1,436383
99,1,1,0,440822
205,4,4,3,1062388
257,4,3,4,1306720
232,5,4,4,1228037
181,2,1,2,841948
182,2,2,1,892454
231,5,5,4,1266934
57,2,2,1,360267
223,3,3,3,1083510
167,4,4,3,890228
146,3,2,3,784839
193,4,4,4,1064341
130,2,1,2,648684
69,2,1,2,399852
165,3,2,2,860650
194,4,4,4,1053057
194,3,2,2,956565
232,4,3,3,1202345
256,5,4,4,1304010
218,3,3,2,1064684
208,3,3,3,1076471
213,3,2,3,1040812
183,3,3,3,956736
277,4,4,4,1367135
196,4,4,3,1057160
246,5,4,4,1317148
202,4,4,3,1078935
226,4,4,4,1152589
291,5,5,4,1522516
121,2,2,2,638044
204,4,4,4,1106737
49,1,1,1,261253
239,3,3,2,1165306
162,3,3,3,853031
284,5,5,4,1447225
139,3,3,2,767152
165,3,3,3,854165
232,4,4,4,1210563
247,4,3,3,1245079
76,1,1,0,348351
212,4,4,4,1121358
63,1,1,0,298945
258,4,4,4,1317655
224,3,2,3,1104659
83,2,1,1,447559
215,4,3,3,1096944
94,2,2,2,525440
120,1,1,1,561195
217,3,2,3,1080336
280,6,5,4,1498329
124,3,2,3,666862
251,5,4,4,1320415
86,3,2,3,506127
235,4,3,4,1212795
51,2,1,2,289649
155,4,4,4,865218
67,2,2,1,379311
208,3,3,2,1055934
50,2,1,2,329214
109,2,2,1,539143
142,4,3,4,787229
288,4,3,3,1424783
257,6,5,4,1384792
300,4,4,3,1463075
49,2,1,2,283635
88,2,1,2,467994
239,3,2,3,1169053
213,3,2,3,1031189
250,6,5,4,1335208
112,3,2,2,618201
280,4,3,4,1378380
254,5,5,4,1322215
193,4,4,3,1032255
187,3,2,3,940377
239,4,3,3,1172973
198,4,3,4,1041725
248,5,4,4,1310820
189,3,2,2,924853
177,4,3,4,945447
249,5,5,4,1304242
276,5,5,4,1415663
284,6,5,4,1492628
211,3,2,3,1034385
252,4,3,3,1270673
63,1,1,1,314808
245,3,2,3,1201857
211,4,3,3,1067261
252,5,5,4,1326782
241,3,2,3,1160935
90,2,2,2,466118
88,2,2,2,465813
147,4,3,4,838654
86,1,1,0,410875
51,1,1,0,227927
235,4,4,4,1207078
137,2,1,1,681142
244,4,3,3,1234806
214,5,5,4,1194020
210,5,5,4,1127448
297,6,5,4,1541531
46,1,1,0,232272
96,1,1,0,466294
87,2,1,2,475289
154,3,2,2,798630
291,5,5,4,1521861
78,2,2,2,444572
279,4,3,4,1413490
173,3,2,3,906788
94,2,2,2,495396
45,1,1,0,248964
193,5,5,4,1098309
278,6,5,4,1459262
151,3,3,3,798747
87,2,1,2,443119
175,2,2,2,840662
206,5,4,4,1115067
53,1,1,0,238601
152,4,3,3,835771
216,5,4,4,1144471
118,3,3,3,655231
127,1,1,1,604268
77,1,1,1,354841
239,4,4,4,1226534
186,3,2,3,929709
136,1,1,0,618499
299,4,3,3,1443471
271,6,5,4,1447512
67,1,1,0,323639
203,3,2,2,1014606
251,4,4,4,1256764
153,4,4,3,864766
134,2,1,1,644218
168,3,2,3,874559
269,6,5,4,1448147
81,1,1,0,375153
210,5,4,4,1112651
189,3,3,3,958750
297,6,5,4,1533204
294,4,4,3,1445481
168,3,2,2,851120
249,5,5,4,1333748
80,1,1,1,386915
294,4,3,3,1427205
193,4,4,3,1020031
179,3,3,3,910757
115,3,2,3,644840
242,4,4,4,1239389
216,3,2,3,1044770
178,3,3,2,883015
144,3,2,3,785322
226,4,4,4,1179791
79,1,1,1,414825
128,3,2,2,701753
121,2,2,2,642188
85,2,2,2,446853
171,2,2,1,841461
167,4,3,3,910133
100,2,2,1,498738
214,4,4,4,1127729
92,3,2,3,547156
246,4,3,3,1230809
62,1,1,0,321027
156,4,3,3,834168
146,3,3,3,807624
75,1,1,1,352005
55,1,1,1,297963
155,3,3,3,848029
251,4,3,3,1268226
222,4,3,4,1126908
219,4,3,4,1145001
298,5,4,4,1527710
170,4,3,3,884614
55,1,1,1,282930
198,3,3,3,976938
251,5,5,4,1311490
240,5,5,4,1266216
249,6,5,4,1326150
75,2,1,2,422967
60,1,1,0,312215
239,4,4,4,1211723
215,3,3,3,1062591
291,4,4,4,1450775
205,3,2,2,984686
53,2,1,2,340859
162,4,3,4,871209
248,5,4,4,1274051
86,1,1,0,408116
263,4,3,4,1339233
300,5,4,4,1492489
191,4,3,4,1013568
239,4,4,3,1243271
174,3,2,2,843270
156,3,3,2,818383
173,2,2,1,802384
112,2,1,1,532413
153,2,2,2,771948
206,3,3,2,1017030
280,6,5,4,1475293
126,3,2,2,672622
277,6,5,4,1436309
200,5,5,4,1091476
197,5,5,4,1120344
106,2,2,1,542912
249,5,4,4,1300747
232,4,4,4,1233018
244,3,3,3,1212427
289,5,5,4,1478998
58,1,1,0,299797
280,4,3,3,1395730
142,4,3,3,772680
135,2,1,2,685709
274,4,4,3,1343905
100,3,2,3,588226
131,1,1,0,601440
52,1,1,0,251047
107,1,1,1,506165
102,2,2,2,548254
181,3,2,2,876539
134,1,1,0,607003
179,4,4,4,986595
275,5,4,4,1398247
58,2,1,1,339810
89,3,2,3,526347
103,3,2,2,557552
204,4,3,3,1047242
223,4,4,4,1151228
142,2,1,1,657189
130,2,1,2,629626
236,5,5,4,1267857
130,2,1,1,607354
73,1,1,0,378383
65,1,1,1,326206
56,1,1,1,263404
201,3,3,2,976191
140,4,3,3,767721
83,1,1,1,424464
162,2,2,1,757557
70,1,1,1,339963
203,4,4,3,1049351
259,5,5,4,1381026
245,5,4,4,1290109
114,3,3,2,623073
256,6,5,4,1368672
266,5,5,4,1410635
197,4,3,3,1016272
165,3,2,3,826006
193,5,5,4,1066082
275,4,3,4,1374355
287,5,5,4,1471934
233,4,3,3,1187031
161,3,3,2,846492
52,1,1,0,279026
222,3,2,3,1105950
207,4,3,4,1105637
257,4,3,3,1259005
65,1,1,1,343690
61,1,1,1,296981
289,5,5,4,1490422
60,1,1,0,278377
109,3,2,3,607156
298,4,4,3,1455256
180,3,3,2,909831
142,3,3,2,764421
175,3,3,3,911142
219,4,3,4,1142909
92,2,1,1,481607
230,4,3,4,1158657
91,2,1,1,495094
245,4,4,3,1235426
95,1,1,1,441499
94,1,1,1,465652
281,4,3,4,1407234
120,1,1,0,524076
148,3,2,2,749902
173,2,1,1,793394
49,1,1,1,246045
94,2,1,1,458366
273,4,3,4,1363665
100,3,3,3,590664
116,2,2,1,615173
153,3,2,2,760318
124,1,1,0,567293
193,4,4,3,1027760
284,5,5,4,1486688
280,4,4,4,1382969
130,2,1,1,599011
140,3,3,2,732955
208,3,2,2,992857
276,6,5,4,1452500
216,3,2,3,1079408
147,4,4,4,879366
139,4,4,3,814350
264,5,4,4,1365636
215,4,4,3,1106615
276,5,5,4,1447780
88,2,2,2,478530
297,6,5,4,1523459
55,1,1,0,280795
283,4,4,3,1426872
207,4,3,3,1089932
187,2,1,2,871977
187,3,3,2,922912
130,3,3,2,717108
51,1,1,0,248309
45,1,1,1,267989
221,4,4,3,1148094
120,1,1,0,575287
198,3,3,3,1010203
185,3,3,3,972635
216,4,3,3,1129310
167,2,2,1,829491
270,4,3,4,1349084
135,3,3,3,758802
220,5,5,4,1197948
255,6,5,4,1350686
174,3,3,3,892235
267,6,5,4,1443544
56,1,1,0,291754
99,2,1,2,502478
170,3,2,3,848232
129,2,2,2,675325
259,5,5,4,1354266
106,1,1,1,488977
281,6,5,4,1466575
134,3,3,2,733215
296,5,4,4,1488193
247,4,3,3,1254567
281,5,4,4,1455253
55,1,1,0,293716
127,3,3,2,668796
55,1,1,0,261999
145,3,2,3,774434
215,4,3,4,1116912
53,1,1,0,273526
163,3,2,2,828862
168,2,2,2,816048
170,2,2,1,838301
184,4,4,4,1013171
55,1,1,1,266175
78,1,1,1,406242
170,4,3,3,941287
255,6,5,4,1376242
175,4,4,3,929483
170,4,4,3,931868
197,3,2,2,963826
104,1,1,0,501697
134,3,3,3,715266
95,2,1,2,506565
135,3,3,3,768465
116,3,2,3,637507
247,4,4,3,1232396
84,1,1,0,398414
281,5,5,4,1425559
235,4,4,3,1224406
250,4,3,3,1258657
157,2,2,2,756154
276,5,4,4,1424633
53,1,1,1,295399
196,4,3,3,1004019
170,3,2,3,845091
295,6,5,4,1556534
299,5,4,4,1499555
58,1,1,1,288775
205,3,2,2,1024660
237,3,3,2,1170679
205,5,5,4,1136354
250,4,3,4,1282857
165,2,1,2,813908
189,3,3,3,947776
194,4,3,3,996329
226,3,2,2,1118934
146,2,1,2,698364
127,2,2,1,650310
193,3,2,2,922995
134,3,3,3,708679
155,3,2,3,787082
103,3,2,2,580883
97,1,1,0,458670
120,2,1,2,608980
300,5,4,4,1542614
192,2,2,1,926317
78,1,1,1,360798
156,3,2,2,779732
288,5,5,4,1472727
291,5,5,4,1482734
155,3,3,3,853398
272,6,5,4,1440617
177,3,2,2,891310
189,3,2,2,955262
162,4,4,4,907721
254,4,4,4,1270777
244,5,4,4,1308432
98,1,1,0,436661
95,1,1,1,474263
214,3,3,3,1059102
112,3,3,3,667498
156,3,2,2,797409
245,4,3,4,1263384
159,4,4,3,869804
232,4,3,3,1203291
77,1,1,0,352653
67,1,1,0,351694
192,2,2,1,908375
272,5,5,4,1407140
159,4,3,3,892234
278,4,3,3,1352834
288,4,3,3,1396812
113,2,1,1,554495
170,4,4,4,973778
157,4,4,3,875123
272,5,4,4,1380000
64,1,1,0,326552
155,4,3,4,864107
83,2,2,2,446294
280,4,3,3,1386058
234,4,4,3,1191580
108,2,1,1,565726
130,3,2,3,713946
248,4,4,4,1280296
284,6,5,4,1495002
185,3,2,2,945856
221,4,3,4,1138894
94,2,2,1,494105
77,1,1,1,405581
161,3,3,2,812056
203,3,2,3,979085
196,4,4,4,1066336
140,2,1,1,694103
56,2,2,1,364995
188,3,3,2,943557
155,3,2,3,816712
165,3,2,3,861845
103,1,1,0,485547
107,1,1,1,500858
183,3,3,2,906130
284,4,4,4,1431444
63,1,1,1,298144
218,3,2,2,1034502
179,3,2,3,933373
296,5,5,4,1529439
78,2,1,1,409302
196,4,4,3,1048168
183,3,3,2,950700
280,6,5,4,1456034
261,6,5,4,1390214
251,5,5,4,1346819
226,3,3,3,1145702
90,2,1,2,497609
146,4,3,3,783337
199,3,3,2,990815
250,5,5,4,1315606
56,1,1,1,316547
235,3,2,2,1130239
184,3,2,2,885310
152,2,2,1,719791
266,5,4,4,1347020
195,5,5,4,1089559
261,6,5,4,1368086
90,3,2,2,503242
175,4,3,3,921115
137,2,2,2,676351
93,3,3,2,543589
150,3,2,2,781875
91,2,1,1,457912
173,3,3,2,894277
187,3,2,2,905454
247,3,3,2,1182501
253,5,4,4,1324908
48,1,1,0,257401
86,3,2,3,491947
96,2,1,2,476439
210,3,2,2,995953
83,1,1,0,388434
243,3,3,2,1180402
73,1,1,1,384053
218,4,3,3,1109333
233,3,2,2,1125078
257,4,3,3,1292942
119,2,2,2,607494
47,1,1,0,221556
113,1,1,1,539461
291,5,5,4,1505467
139,4,3,4,811059
168,4,4,4,956101
166,2,2,2,819783
235,4,4,3,1231594
190,4,4,4,1049511
190,2,2,1,927116
97,2,2,2,523380
80,1,1,1,422447
221,3,2,2,1085526
261,4,3,3,1292654
251,6,5,4,1335725
130,3,3,3,714101
291,5,5,4,1476463
271,4,3,3,1361437
68,1,1,1,342492
75,1,1,1,393203
183,3,3,2,932524
84,2,1,2,423874
54,2,2,2,371181
146,4,4,4,831232
108,3,2,3,594473
78,1,1,1,357461
222,4,4,3,1165656
286,5,4,4,1459539
121,1,1,1,549203
265,5,4,4,1366407
139,3,3,2,756489
232,5,4,4,1203730
65,2,2,1,381944
187,3,2,2,947575
255,5,5,4,1354617
111,2,1,1,532974
293,5,4,4,1492180
174,3,2,2,874881
85,2,2,2,447450
90,3,3,2,550326
288,6,5,4,1480929
280,5,5,4,1448155
106,2,1,1,510662
131,2,1,2,657308
198,5,4,4,1118433
109,1,1,0,495124
108,1,1,1,537673
196,4,4,4,1057503
267,5,5,4,1376037
109,1,1,0,485319
58,1,1,0,310339
203,5,4,4,1091841
134,1,1,1,591462
85,3,3,2,493130
138,3,3,3,773096
244,4,4,3,1230191
211,4,3,4,1076334
117,2,1,1,573727
110,2,2,2,553343
185,3,2,2,895828
147,4,3,4,838865
98,2,2,2,545645
65,1,1,0,302434
199,5,4,4,1101032
269,4,4,3,1349174
296,6,5,4,1516059
186,3,3,3,932107
223,4,3,4,1174608
295,4,3,4,1472018
296,5,4,4,1508092
110,3,2,2,597730
46,1,1,0,227105
207,5,4,4,1142199
184,4,4,3,1007610
184,4,3,4,1016522
93,3,2,2,538205
245,4,3,3,1251392
211,3,3,2,1050717
273,4,4,4,1408564
189,4,3,4,1024117
233,4,3,4,1203813
299,5,5,4,1555930
235,4,4,4,1204331
195,3,2,2,930607
198,4,3,4,1052424
285,5,5,4,1469972
60,2,2,2,378164
100,2,2,2,512144
148,4,4,4,857112
135,1,1,1,600220
107,2,1,2,560205
200,3,2,2,960382
239,4,4,3,1206404
171,3,3,2,882715
139,3,3,3,762602
95,3,2,2,527357
163,4,4,3,922676
179,3,2,3,916178
187,3,3,2,972782
105,2,1,2,536437
202,4,4,3,1067691
275,6,5,4,1464492
122,2,2,1,639364
162,2,1,1,758428
157,4,4,4,885137
111,3,3,3,639625
66,1,1,0,291924
81,1,1,1,426878
109,1,1,0,507973
174,3,3,3,934205
234,3,3,2,1149969
182,3,3,2,950034
225,4,3,4,1132695
205,4,3,4,1083954
75,1,1,0,386803
210,4,4,4,1130681
112,2,2,1,591159
300,4,3,4,1466815
282,5,5,4,1482308
218,5,5,4,1183558
193,4,4,4,1060601
65,1,1,0,319773
263,6,5,4,1378916
204,3,3,3,1035619
250,5,5,4,1296608
253,5,4,4,1291984
127,1,1,1,613130
102,1,1,0,470772
89,2,2,1,464051
129,2,2,2,667139
284,5,5,4,1474484
121,2,2,2,595219
298,5,4,4,1490799
175,4,4,3,970857
265,6,5,4,1384266
118,3,2,2,665490
200,4,4,3,1031629
182,4,3,3,992115
129,2,1,1,641560
65,1,1,0,337536
219,5,4,4,1159389
208,5,5,4,1144589
234,4,4,3,1187200
53,1,1,0,275128
161,3,3,3,861600
150,4,4,4,862859
183,3,3,3,960708
168,3,2,3,887814
254,5,4,4,1350872
54,1,1,0,274952
51,1,1,1,257809
65,1,1,1,346666
132,3,3,3,709503
79,2,2,2,430607
257,6,5,4,1359256
189,3,2,2,910934
286,5,5,4,1470391
89,1,1,1,413623
220,4,3,3,1098042
278,4,3,4,1399096
124,2,2,1,596667
155,4,3,3,837346
182,4,3,4,979692
291,6,5,4,1545984
119,1,1,0,519097
61,1,1,1,304488
120,2,1,2,572843
186,3,3,3,925970
251,5,4,4,1340484
53,2,1,2,334942
102,2,2,2,539026
254,6,5,4,1357966
194,4,3,3,986609
65,1,1,0,305552
216,4,4,4,1163143
286,5,4,4,1478105
182,2,1,1,871282
218,5,5,4,1173863
258,5,5,4,1367693
157,3,3,3,820830
179,4,3,3,969117
111,1,1,1,510247
73,1,1,0,323407
209,4,4,3,1076618
50,1,1,1,274453
118,2,1,2,574658
281,4,3,3,1383458
86,2,2,2,474608
82,1,1,0,377853
295,5,4,4,1514205
128,3,2,2,662706
181,2,1,2,828978
208,3,2,2,1020038
80,1,1,1,411788
210,3,2,2,1028465
179,3,3,3,940188
125,1,1,1,612017
179,3,3,2,932254
267,5,5,4,1424468
293,6,5,4,1504478
168,4,4,3,911241
128,3,3,3,707930
73,2,2,2,419123
140,4,4,4,840909
121,2,2,1,605814
86,2,2,1,432913
76,1,1,0,340054
107,3,3,2,582374
108,1,1,0,478695
140,3,2,3,716338
172,4,4,3,942002
220,4,4,3,1166039
269,6,5,4,1414950
88,2,1,1,469206
49,1,1,0,257552
64,2,1,1,359014
201,4,3,3,1044958
244,4,3,3,1228552
138,3,3,2,759529
277,5,5,4,1454240
180,2,2,2,848606
275,4,3,4,1392637
155,4,3,4,866531
202,4,4,3,1042931
112,2,1,2,589024
48,1,1,0,233049
226,4,4,3,1159250
120,1,1,1,536586
238,4,3,3,1178524
89,1,1,0,409698
162,4,4,4,935467
110,2,1,1,521078
126,2,2,2,642017
222,5,5,4,1224815
288,4,4,3,1431645
222,5,5,4,1205980
258,5,4,4,1331534
245,4,4,4,1236010
128,1,1,1,599418
172,3,2,3,862560
243,3,3,3,1179463
278,6,5,4,1472920
138,3,2,2,747935
269,5,5,4,1425667
60,1,1,1,297702
59,1,1,1,287538
246,4,3,3,1236375
95,2,1,1,508717
243,4,4,4,1247764
123,2,1,1,576859
78,1,1,1,392065
201,4,3,3,1062124
118,2,1,1,579218
180,2,1,1,835698
289,4,3,3,1394442
88,2,1,2,490637
238,4,4,4,1261284
161,3,2,2,832686
234,4,3,3,1195598
262,6,5,4,1394979
172,3,3,3,893427
113,3,2,2,628139
113,3,2,3,634937
84,1,1,1,418909
86,2,1,2,437133
265,6,5,4,1428080
126,3,3,2,676021
242,4,4,4,1260064
151,3,2,3,803783
198,3,2,2,988144
97,3,2,3,584307
127,1,1,1,563993
277,4,4,4,1393382
290,4,3,4,1431908
73,1,1,0,366983
263,5,4,4,1384412
100,2,2,1,492807
298,5,5,4,1545388
158,3,2,3,815682
147,3,2,3,785481
80,1,1,0,407257
190,3,3,2,966737
58,2,2,2,364040
232,4,3,3,1158319
125,1,1,1,560132
64,1,1,1,332999
88,2,1,1,428998
211,3,3,2,1067471
98,2,1,2,504488
236,4,4,4,1252231
178,3,3,2,882196
279,6,5,4,1472836
107,1,1,1,520742
279,5,5,4,1422034
255,5,5,4,1331633
129,3,3,3,731310
224,5,5,4,1243173
167,4,4,4,920545
232,4,3,4,1210745
237,3,2,3,1180337
190,3,3,2,967310
154,3,3,3,840567
281,6,5,4,1486273
118,2,2,2,617665
201,4,3,4,1041434
120,2,1,1,572258
234,5,4,4,1228886
265,5,5,4,1404444
74,2,1,2,423077
78,1,1,1,400145
162,2,2,1,802231
69,1,1,0,334990
75,1,1,1,372048
200,4,4,3,1053448
206,4,3,4,1066263
132,2,1,1,610534
54,1,1,1,307938
146,2,1,1,691739
189,3,2,3,945212
69,1,1,1,351546
137,3,3,3,778077
209,4,3,4,1063963
278,5,5,4,1453184
219,5,5,4,1181071
266,5,4,4,1375577
164,2,1,2,780602
178,3,2,2,893373
106,1,1,1,510753
80,1,1,0,385678
51,1,1,0,270928
265,5,4,4,1374706
164,2,1,1,742016
150,2,1,2,718828
142,3,3,3,783735
161,3,2,2,807494
90,1,1,0,450433
171,2,1,2,804770
152,3,2,2,791889
153,2,2,2,750291
271,4,4,3,1361491
271,4,3,4,1324910
254,5,4,4,1339554
287,5,4,4,1446274
152,4,3,4,836221
110,3,2,3,641685
254,6,5,4,1381978
208,4,4,3,1111933
264,6,5,4,1431189
224,5,5,4,1195209
139,2,1,2,701665
104,3,3,3,586592
59,2,2,2,391680
152,3,3,2,803157
166,3,2,2,817277
46,1,1,1,254536
290,5,4,4,1479843
204,4,3,4,1097454
172,4,4,4,930496
104,2,1,2,534364
264,6,5,4,1414924
175,3,3,3,933612
113,2,1,2,551846
57,1,1,1,312855
116,3,3,2,648220
257,5,4,4,1341991
48,1,1,1,281850
88,2,2,2,503672
288,5,5,4,1461514
280,5,4,4,1404267
103,2,2,1,525285
114,2,1,2,604013
126,2,2,1,655160
151,4,3,4,844374
245,4,4,4,1247204
213,4,4,3,1133305
46,1,1,0,233031
154,3,2,3,802742
177,4,4,3,960074
248,5,5,4,1312795
189,4,4,3,1040336
129,2,1,1,651368
230,5,5,4,1247479
241,4,3,4,1231857
112,1,1,1,507727
130,2,2,2,637296
275,4,3,4,1384060
177,3,3,3,937801
183,3,2,3,940403
235,3,3,3,1168184
218,5,4,4,1147792
63,1,1,0,301849
63,1,1,1,321403
99,2,1,2,503934
182,2,1,2,870171
62,1,1,1,331569
137,1,1,1,611522
239,4,4,4,1262785
244,3,3,3,1178916
243,4,3,3,1196603
197,4,3,4,1058234
201,3,2,2,956522
181,4,3,4,969736
49,1,1,1,260948
210,4,4,3,1089181
122,1,1,0,555565
104,2,2,2,565885
218,5,5,4,1208572
107,1,1,1,482212
125,2,2,1,654626
252,5,4,4,1315197
73,2,2,2,422430
93,1,1,1,470928
287,4,3,4,1389504
264,5,4,4,1368107
244,5,5,4,1271001
215,4,3,3,1090327
204,4,4,3,1093521
246,4,3,3,1229104
232,5,4,4,1220838
170,4,4,3,944499
202,4,4,3,1074634
241,4,3,3,1236936
121,3,3,2,656901
300,5,5,4,1522235
85,2,1,2,479413
83,3,2,3,482761
181,3,2,2,920340
251,4,4,4,1258842
208,4,3,4,1058130
129,2,1,1,613457
236,4,4,4,1210810
177,3,2,2,908696
216,5,5,4,1203616
257,5,5,4,1375098
210,3,3,3,1057892
150,3,3,3,802739
80,1,1,0,372874
254,5,4,4,1345793
48,1,1,0,236240
103,2,1,2,543069
134,3,3,3,736224
128,1,1,1,616309
92,1,1,1,426277
262,5,4,4,1379126
257,5,4,4,1340406
258,4,4,4,1326566
283,5,4,4,1468416
278,6,5,4,1486313
237,4,4,3,1234385
291,6,5,4,1539965
55,1,1,1,305126
233,5,4,4,1231625
154,3,2,2,798672
275,5,5,4,1427144
149,2,2,2,746372
157,3,3,2,826134
129,2,1,1,641342
158,4,4,3,857241
248,5,5,4,1320058
67,1,1,0,314034
83,2,1,1,455344
243,5,5,4,1314846
129,3,3,3,702062
254,5,4,4,1352660
250,5,5,4,1316698
180,3,2,3,918937
61,1,1,1,327681
76,1,1,1,388456
228,3,2,2,1079415
151,2,1,1,726997
258,4,3,4,1325419
240,4,3,3,1213211
162,4,4,3,910543
292,4,3,4,1417088
86,3,3,2,529853
252,4,3,3,1236994
281,5,5,4,1481322
108,3,2,3,633658
80,1,1,0,374420
72,1,1,0,368302
271,6,5,4,1415528
261,6,5,4,1369361
289,4,4,4,1428878
127,2,2,1,662718
139,3,3,2,766428
224,5,5,4,1202555
245,4,4,4,1249875
158,3,2,3,797156
232,5,5,4,1252475
167,4,4,4,924470
110,2,2,1,545480
209,4,3,3,1082843
122,2,1,2,589026
80,1,1,0,388351
284,5,5,4,1451916
202,4,3,3,1020734
183,3,3,2,919302
234,4,4,4,1231653
211,5,4,4,1153492
108,1,1,0,469092
170,2,2,1,831146
52,1,1,1,296212
288,5,4,4,1447381
209,5,4,4,1107133
205,5,4,4,1098598
80,2,1,2,414161
98,3,3,3,592549
225,3,3,3,1127284
61,1,1,1,328509
138,3,3,2,758922
253,4,3,4,1300855
145,4,4,4,854694
225,4,3,4,1146530
239,4,4,4,1236790
167,3,3,3,894159
206,4,4,3,1105067
76,1,1,1,392578
230,3,2,2,1079354
199,4,4,3,1044095
79,2,2,1,413413
266,5,5,4,1383388
94,3,2,3,549428
270,5,4,4,1385280
246,3,3,3,1234793
205,4,4,3,1087260
61,2,2,1,350192
255,6,5,4,1368247
155,4,4,3,849025
167,3,2,2,833680
142,4,3,4,837839
109,3,3,2,616589
244,4,4,4,1254842
214,5,4,4,1162510
219,3,2,3,1103404
116,3,3,3,661766
108,2,2,1,573621
156,3,3,3,816081
53,2,1,1,275633
137,2,2,2,691078
140,4,4,3,786436
52,2,1,2,304226
51,1,1,1,294331
210,4,3,3,1098208
283,5,4,4,1428962
151,2,1,1,740363
213,5,5,4,1177909
172,4,3,3,934457
78,2,2,1,430487
82,1,1,0,371214
87,1,1,0,425820
258,6,5,4,1383655
99,2,1,2,486748
218,5,4,4,1178349
134,3,2,2,683161
294,5,5,4,1522543
218,4,3,4,1138103
218,3,2,3,1067809
208,4,3,3,1087340
63,1,1,1,327082
131,3,2,2,668653
114,1,1,1,510074
210,4,4,4,1143620
179,4,3,3,927831
67,1,1,1,309506
279,5,5,4,1462286
288,5,4,4,1466634
131,1,1,0,597671
126,2,2,2,640556
236,3,3,3,1152324
261,5,5,4,1378415
109,1,1,1,506405
165,3,3,2,876408
164,4,4,4,950127
207,4,4,4,1112764
278,6,5,4,1455429
140,3,2,2,732678
96,1,1,1,440311
146,4,3,3,782471
182,3,2,3,918934
86,3,2,3,499527
290,6,5,4,1509607
289,4,4,3,1414221
54,1,1,1,314387
126,3,3,3,677064
51,1,1,1,297483
240,5,5,4,1263739
181,2,1,2,878603
109,2,1,1,541633
92,2,2,1,490956
88,3,2,2,492429
57,1,1,0,268250
53,1,1,1,286227
268,5,5,4,1400986
154,2,2,2,785464
178,2,1,2,869641
244,4,3,4,1253363
273,5,5,4,1396274
45,2,1,1,274460
156,3,3,2,800889
275,5,5,4,1405001
190,3,2,2,949371
173,4,3,3,910977
290,5,5,4,1491889
181,3,3,2,927189
116,3,3,2,617749
258,5,4,4,1364915
252,5,5,4,1347568
216,5,5,4,1183680
275,6,5,4,1437977
70,2,2,1,396361
79,1,1,1,390057
121,2,2,2,594354
184,3,3,3,922134
263,6,5,4,1418863
46,1,1,0,261831
114,2,2,1,598377
256,5,4,4,1355632
84,2,2,2,455535
281,5,5,4,1456529
239,4,3,4,1221007
291,4,3,3,1397828
143,4,3,4,824218
72,1,1,1,366893
182,3,2,2,928756
225,5,5,4,1220202
183,3,3,2,938665
163,4,4,4,913355
139,2,2,1,671371
270,5,4,4,1415977
123,1,1,0,552725
158,4,3,3,837077
59,1,1,1,326283
125,3,3,3,723685
92,2,2,1,466748
252,5,5,4,1317675
231,4,3,3,1153685
272,6,5,4,1439420
157,2,1,1,729179
50,2,1,2,292185
220,4,4,3,1157988
182,2,2,1,852610
208,3,3,2,1030491
120,2,2,1,593890
253,5,4,4,1329730
157,2,2,1,751580
296,4,4,3,1432625
239,4,4,4,1220942
182,2,2,1,849637
283,6,5,4,1508367
234,3,2,3,1130906
266,5,5,4,1390476
288,6,5,4,1504503
135,2,1,2,637352
268,4,3,4,1345466
203,4,4,4,1066740
45,1,1,1,227048
161,3,3,3,868928
278,5,4,4,1408395
251,5,5,4,1336282
103,1,1,1,511272
47,1,1,1,225508
66,1,1,1,345275
69,2,1,1,389369
46,1,1,0,220994
85,1,1,1,394853
300,4,4,3,1504833
78,1,1,0,380755
190,4,3,4,996744
123,1,1,1,548094
216,3,3,2,1048314
206,5,5,4,1144360
185,4,3,4,1019380
296,5,5,4,1499354
122,2,1,1,612206
125,2,2,1,645474
131,1,1,1,598091
157,2,2,2,766608
135,1,1,1,602555
110,3,3,3,640748
140,2,2,2,688251
160,4,3,4,882918
175,4,3,4,921713
212,5,5,4,1174905
276,5,5,4,1446694
85,1,1,0,417380
206,4,4,3,1100334
243,5,5,4,1296204
215,3,3,2,1054901
159,2,1,2,783850
203,5,4,4,1091729
268,5,5,4,1384371
66,1,1,1,334619
281,5,5,4,1473085
83,2,2,2,484323
84,3,2,2,518694
278,4,4,4,1409234
214,5,5,4,1146622
274,4,3,4,1335792
235,5,5,4,1266940
50,2,2,1,314778
72,1,1,0,354959
263,5,4,4,1388915
231,4,4,3,1191307
139,4,3,4,793013
266,5,4,4,1400558
208,4,3,3,1078409
254,5,4,4,1343838
288,6,5,4,1487287
79,1,1,0,376394
230,3,3,3,1134561
185,3,3,2,912386
151,2,2,2,764857
55,1,1,1,265050
283,5,5,4,1461546
182,3,3,3,917396
235,3,3,3,1176341
219,3,2,3,1095630
224,4,3,3,1141944
218,3,2,3,1097769
208,4,3,3,1091544
121,2,2,1,608953
217,5,4,4,1161321
128,2,2,1,646376
273,4,4,4,1371998
55,1,1,0,255078
153,2,1,1,754637
90,1,1,0,436268
254,5,4,4,1296987
299,5,5,4,1508430
53,1,1,1,295018
96,2,2,1,489898
160,2,1,2,792746
112,2,1,1,582537
256,6,5,4,1391881
279,5,4,4,1416909
209,4,3,4,1095636
243,4,4,3,1225181
191,2,1,1,876246
113,2,1,1,528538
300,4,3,3,1486779
105,2,2,2,560546
220,4,4,3,1131474
278,5,4,4,1415383
138,2,1,1,685671
62,1,1,1,302250
207,4,3,3,1074254
234,3,3,3,1155197
186,2,1,2,850222
214,3,3,2,1081407
79,1,1,1,408924
282,6,5,4,1496804
85,2,2,1,481054
60,1,1,1,307852
109,3,3,2,645277
123,2,1,1,626538
75,1,1,0,374929
280,4,4,3,1403475
272,5,5,4,1432632
237,3,3,2,1130578
170,4,4,3,944445
64,1,1,0,321223
287,5,5,4,1498933
53,1,1,0,293084
253,5,4,4,1341355
93,2,1,1,490225
108,2,1,1,543199
167,2,1,1,810708
184,4,3,3,948387
256,6,5,4,1353181
253,5,5,4,1315588
127,3,3,3,683963
188,2,1,2,901121
214,4,4,3,1129758
277,4,3,3,1391240
296,5,4,4,1491760
235,4,4,3,1193858
54,1,1,0,284861
173,2,1,1,825450
133,1,1,0,598501
46,1,1,0,263657
93,1,1,0,457901
58,1,1,0,308969
196,3,2,3,994587
157,4,3,3,852724
237,5,4,4,1231530
60,1,1,0,266451
82,1,1,0,391648
242,5,5,4,1294049
162,3,3,3,871451
64,1,1,0,302913
148,3,2,3,766626
123,1,1,0,554296
277,5,5,4,1444199
296,5,5,4,1505720
255,5,5,4,1361707
292,6,5,4,1547392
70,1,1,0,351958
45,1,1,1,252626
171,2,1,1,830730
139,2,1,2,664447
273,6,5,4,1467079
253,5,4,4,1290727
75,1,1,0,384538
53,2,1,1,296162
112,3,3,2,636128
187,4,3,3,969197
121,2,1,1,595233
128,3,3,2,694702
144,3,3,2,775602
143,4,4,3,801520
299,6,5,4,1583571
77,1,1,0,346037
258,6,5,4,1398809
176,2,2,2,830843
120,1,1,1,541283
236,5,5,4,1271906
101,1,1,0,481715
75,2,1,2,410511
257,6,5,4,1358089
185,2,2,1,893432
169,4,3,3,914493
167,3,2,2,838991
216,4,4,3,1133700
53,1,1,1,283526
176,3,3,2,923487
62,1,1,1,289233
207,5,5,4,1164186
206,4,3,3,1039251
75,1,1,1,361079
197,4,3,3,1003607
68,1,1,1,357504
157,4,3,3,875444
60,1,1,0,314699
89,3,3,3,541690
45,1,1,0,241202
88,1,1,0,386508
135,1,1,0,634978
217,3,3,2,1087104
277,5,4,4,1411043
253,5,4,4,1348830
82,1,1,1,401611
276,4,3,3,1341917
191,3,3,2,970722
86,2,2,2,502711
92,2,1,1,464151
258,5,5,4,1331163
223,4,4,4,1181963
85,2,1,1,460208
54,1,1,0,293239
48,2,2,1,289957
295,5,5,4,1523571
86,1,1,1,394691
86,3,2,3,539703
153,4,3,3,850073
135,2,2,1,656099
75,1,1,1,399930
147,3,2,3,748006
72,1,1,0,355601
282,4,3,3,1361783
139,4,3,3,768129
191,3,2,3,929896
96,2,1,1,464855
55,1,1,1,268986
98,2,2,2,502139
129,2,1,1,620933
160,2,2,1,797484
291,5,5,4,1489160
169,2,2,1,815502
193,4,3,3,1000467
101,1,1,1,472417
255,5,5,4,1341498
51,2,1,2,309766
131,2,2,1,623140
102,2,1,1,515016
100,2,2,2,554509
235,4,4,3,1191687
60,1,1,0,288364
145,2,1,1,678016
295,6,5,4,1551284
192,3,2,3,983818
211,5,5,4,1143487
196,4,3,3,1032408
278,4,3,3,1339539
62,1,1,0,289849
58,2,2,1,362363
174,2,1,2,832747
287,5,4,4,1452190
173,3,3,3,879774
77,1,1,1,397975
166,4,3,3,899236
232,4,4,4,1204466
95,1,1,0,468486
82,1,1,1,424685
188,2,1,2,876974
270,5,5,4,1386904
198,3,2,3,1014007
76,1,1,0,339363
186,3,3,2,937880
85,2,2,1,428132
83,2,1,1,406841
282,4,3,3,1355062
49,1,1,0,257213
134,3,2,2,677968
283,5,5,4,1467207
109,3,2,2,600090
242,4,4,3,1263026
117,2,1,2,570301
230,3,3,2,1148786
259,5,4,4,1346181
272,6,5,4,1465883
120,1,1,0,541633
240,3,3,2,1176118
126,3,2,2,660945
126,3,3,2,675558
189,2,2,1,873931
179,3,2,2,888561
197,5,5,4,1084137
74,2,2,1,418809
216,4,3,3,1120733
118,2,1,1,586580
230,4,4,4,1189401
125,2,2,2,647102
272,5,4,4,1405289
252,5,5,4,1339020
266,6,5,4,1393964
57,1,1,1,285877
94,3,3,3,540360
76,1,1,0,344289
231,3,2,3,1119658
254,5,4,4,1301852
123,2,2,1,601089
67,2,1,1,341602
99,3,3,2,562687
215,4,4,4,1143876
125,2,2,1,623530
77,1,1,1,395280
53,1,1,0,274366
271,5,5,4,1387083
252,6,5,4,1347320
189,2,2,2,918027
86,2,1,2,441882
294,4,4,3,1474018
104,2,1,2,525918
298,5,4,4,1517999
74,1,1,1,374269
114,3,3,3,650600
182,4,4,3,972352
215,4,4,3,1118176
228,3,2,2,1126537
146,4,4,4,846406
167,4,4,3,896270
60,2,1,2,372678
79,1,1,0,347628
271,5,4,4,1407398
139,4,3,4,824963
247,3,2,2,1160080
167,2,1,2,779244
51,1,1,0,272275
77,1,1,0,348143
66,2,2,1,359206
182,4,3,4,957480
45,1,1,0,223329
175,4,4,3,965236
294,6,5,4,1545374
81,1,1,1,421210
90,1,1,1,417721
188,4,3,4,1006319
275,4,3,4,1364906
224,3,2,2,1067335
287,5,5,4,1485993
249,5,4,4,1326567
198,3,3,2,1008509
263,4,4,4,1358067
123,2,2,1,589963
280,6,5,4,1498475
259,5,5,4,1366458
269,5,5,4,1431284
253,5,5,4,1316545
78,2,2,1,452000
130,3,2,3,684800
82,1,1,0,366144
235,4,3,4,1221778
191,4,4,3,1009984
288,5,5,4,1477251
128,1,1,0,587568
212,3,2,3,1064355
115,2,2,2,572484
234,4,4,3,1175429
184,3,2,2,905633
202,4,4,4,1068474
211,3,3,2,1034189
92,2,1,1,489814
220,5,4,4,1178347
230,4,4,4,1203993
45,1,1,1,257125
123,2,1,1,572244
165,2,2,1,807367
224,3,2,3,1102410
117,3,3,3,673533
114,3,3,3,632371
137,2,2,1,665432
116,2,1,1,597957
240,3,2,3,1190072
105,2,2,1,546360
206,5,4,4,1128264
151,3,3,3,818353
200,4,3,3,1059134
62,1,1,0,331728
236,4,3,3,1212538
127,3,3,3,707214
45,1,1,0,250776
206,5,4,4,1139806
133,1,1,1,624902
234,4,4,3,1228891
233,3,2,3,1105371
180,3,2,2,870812
255,5,4,4,1317882
293,5,4,4,1481316
298,5,5,4,1506839
238,3,2,2,1163984
47,1,1,1,239408
133,3,3,3,762075
122,2,2,2,657805
134,2,1,1,642262
125,3,2,2,674357
295,6,5,4,1544886
88,2,2,1,465279
208,3,2,3,1016155
278,5,5,4,1472484
117,1,1,1,556913
100,2,1,1,510093
228,3,3,2,1133141
284,5,5,4,1495479
188,2,2,2,890741
77,1,1,0,340778
168,3,2,3,875977
50,1,1,0,257168
160,2,1,2,774476
77,1,1,0,391079
122,3,2,2,676666
282,5,5,4,1453659
223,5,5,4,1191254
184,3,2,3,923709
85,2,1,1,447389
253,5,4,4,1324170
77,1,1,1,379683
219,5,5,4,1215294
53,1,1,1,282846
206,3,3,2,1027645
187,3,3,2,968591
133,2,2,1,653905
103,2,1,2,539434
138,3,2,3,747905
159,3,3,3,848752
205,5,5,4,1143893
232,4,3,3,1157230
276,6,5,4,1457491
140,4,4,4,835825
56,2,2,1,316889
54,2,2,1,347000
263,6,5,4,1415106
299,5,4,4,1486562
49,1,1,0,263237
181,2,1,2,882173
100,3,3,2,571832
171,3,3,2,885641
71,1,1,1,374108
55,1,1,1,267066
64,1,1,1,306057
46,1,1,0,260552
135,3,2,2,693869
130,2,2,2,658049
75,2,1,2,437440
289,5,5,4,1484641
176,2,1,1,805446
273,5,4,4,1395351
72,1,1,0,337457
291,6,5,4,1501748
79,2,1,1,401360
259,4,3,4,1306282
103,2,2,1,553463
211,3,3,3,1050606
203,5,4,4,1109351
108,3,2,2,602060
143,2,2,1,679867
54,1,1,1,297915
111,2,1,1,556841
235,3,3,3,1182759
97,2,2,2,496736
293,6,5,4,1516891
45,2,2,1,295246
125,3,3,2,671218
68,2,2,2,396257
286,5,4,4,1450478
134,2,2,1,634130
65,2,2,2,392624
158,3,2,2,786781
246,5,4,4,1315380
185,2,2,1,890002
136,3,2,3,726928
232,3,2,2,1130611
238,4,3,3,1211058
200,5,5,4,1123707
259,5,5,4,1376785
131,2,2,2,678888
290,4,4,3,1456808
95,1,1,1,480534
188,2,1,1,845407
296,6,5,4,1562752
174,3,3,3,932639
223,4,3,3,1155646
174,4,4,4,955059
256,4,4,3,1297530
76,1,1,0,382044
187,4,4,4,1026538
181,3,2,3,913508
287,5,5,4,1458160
194,3,3,3,961389
93,2,1,2,516721
73,1,1,1,363352
106,3,3,3,590399
223,3,2,3,1105521
166,3,3,3,855841
63,1,1,1,350130
101,2,1,1,498723
205,4,4,3,1099920
251,4,4,3,1293745
172,4,3,3,944606
264,4,3,3,1318235
297,4,4,3,1439417
140,3,2,2,726910
164,4,4,4,895749
283,5,4,4,1466266
73,1,1,1,344393
94,1,1,1,439786
172,4,3,4,964499
118,2,1,2,592894
138,2,1,1,666494
114,2,1,1,535300
109,2,2,1,578079
255,4,3,3,1290668
98,2,2,1,485849
97,2,2,1,501231
294,4,3,3,1420026
224,4,3,3,1114532
110,2,2,2,550271
281,5,4,4,1407841
178,3,3,2,893831
103,1,1,1,469572
177,4,3,3,965876
148,4,4,4,856900
78,2,1,1,394288
58,2,1,2,312542
238,5,5,4,1247471
122,3,2,3,665618
143,4,3,4,791564
240,5,5,4,1285777
184,3,2,3,917680
293,4,4,4,1441059
58,1,1,1,309794
261,5,4,4,1350942
138,3,3,2,761755
199,3,3,3,995365
201,5,5,4,1104741
193,5,5,4,1104418
103,3,2,2,581641
280,5,5,4,1476176
204,3,3,2,1037586
212,3,2,2,1011551
95,1,1,0,461846
129,2,1,2,635289
202,4,3,3,1061607
142,3,2,3,776728
260,6,5,4,1407505
114,2,2,2,603700
159,3,3,2,853740
70,2,1,1,403296
103,2,2,1,524404
181,4,3,4,945437
98,1,1,0,482290
128,3,3,3,710127
94,3,2,2,543394
153,3,2,3,825864
205,5,4,4,1102262
129,2,1,2,639501
298,5,4,4,1509622
292,4,3,3,1417349
55,1,1,1,313743
162,3,3,3,835618
205,3,2,2,1014821
206,3,2,3,1021809
147,3,2,2,779374
170,3,3,3,870704
239,4,4,4,1214147
194,3,2,2,943493
154,3,3,3,791051
260,4,3,4,1302987
147,2,1,2,704235
277,5,5,4,1416514
130,3,2,3,673630
107,1,1,0,483951
259,4,3,4,1285406
115,2,1,1,545467
159,3,3,2,824113
219,4,3,3,1141451
80,1,1,0,354909
230,5,5,4,1266318
260,5,4,4,1373025
211,5,5,4,1162017
110,3,2,2,617354
116,1,1,0,550226
66,1,1,1,320506
153,3,3,3,811355
280,5,4,4,1456886
252,5,4,4,1316212
96,3,2,2,528518
81,1,1,0,370996
78,1,1,0,396342
105,2,2,1,517707
245,4,3,4,1272982
263,4,3,4,1330268
86,2,2,1,456425
116,2,2,1,581449
293,5,5,4,1479895
90,1,1,1,456784
276,6,5,4,1463861
194,4,4,3,1034582
277,6,5,4,1480642
183,4,4,4,1016155
254,6,5,4,1372718
204,5,5,4,1119483
286,5,4,4,1471005
127,3,3,3,723439
194,3,2,2,928925
235,4,3,3,1197966
231,3,3,2,1134538
209,4,4,3,1102601
150,4,3,4,841936
246,3,3,2,1164382
88,1,1,1,450692
115,2,1,1,577688
251,5,5,4,1339268
75,1,1,1,349094
245,4,3,4,1218498
186,3,3,3,930931
46,1,1,1,228328
237,4,4,3,1222196
191,2,2,2,905894
183,4,3,3,978476
87,1,1,0,436009
286,5,4,4,1470973
231,4,3,3,1164823
213,4,3,4,1082707
82,1,1,1,422652
142,4,4,3,796725
195,4,4,3,1045782
240,5,5,4,1277231
63,2,2,2,404283
162,2,2,1,767550
216,4,4,3,1128619
82,2,2,2,482726
235,4,4,4,1208274
198,5,4,4,1073877
130,3,2,2,671621
234,4,3,3,1185511
137,3,2,3,732234
221,5,4,4,1205994
83,2,1,2,473357
133,2,2,2,679590
179,3,2,2,918703
124,2,2,1,639098
65,1,1,1,312462
76,1,1,1,398637
284,6,5,4,1516236
293,6,5,4,1512583
81,1,1,0,410262
185,4,3,4,973595
194,4,4,4,1043713
83,2,1,1,428438
164,4,4,4,915253
126,3,3,3,718608
130,3,2,3,730811
141,3,2,3,726192
138,3,3,3,782536
188,4,4,3,1009559
127,2,1,2,655577
199,5,5,4,1087489
232,5,5,4,1250628
203,3,3,3,1033176
59,1,1,0,295503
51,1,1,0,261970
46,1,1,1,263272
135,2,1,2,659511
170,3,2,3,842743
174,4,4,4,953300
50,2,1,1,292383
262,5,4,4,1385574
262,4,3,4,1289359
213,4,3,4,1115492
297,5,5,4,1501722
233,4,3,4,1184413
126,2,1,2,620274
190,4,4,4,1058313
61,1,1,1,342752
268,6,5,4,1433908
95,1,1,1,453339
96,2,2,1,475619
233,5,4,4,1224136
71,1,1,0,343184
63,1,1,1,294066
198,3,2,3,975752
125,2,1,1,581600
167,3,3,2,836983
165,4,3,3,883073
209,4,3,4,1071664
269,6,5,4,1440909
143,4,3,3,771249
145,4,4,4,833453
109,2,1,2,564775
244,3,2,3,1196198
243,5,4,4,1290823
222,3,2,3,1098016
235,4,4,3,1198151
53,2,1,2,348813
221,3,3,3,1116862
295,4,4,3,1437410
47,1,1,0,223813
253,4,4,4,1299027
128,2,1,1,623562
112,2,2,2,600067
295,4,3,3,1414460
152,2,1,2,756795
92,2,2,2,491627
99,1,1,1,466557
243,4,4,4,1262666
56,1,1,0,283984
210,3,2,3,1011214
232,3,3,2,1108215
102,3,3,2,559345
265,5,5,4,1399401
264,5,4,4,1337894
123,2,2,2,650569
144,2,2,2,717450
280,6,5,4,1503681
275,6,5,4,1453262
145,4,4,3,838293
120,2,2,2,629428
81,1,1,0,375741
237,3,3,2,1179004
102,2,1,2,512557
204,4,4,3,1049138
263,4,3,3,1327553
253,4,4,3,1305528
104,1,1,1,494753
251,6,5,4,1360561
182,3,2,2,891214
120,2,1,1,583348
75,1,1,0,384037
218,4,4,4,1150205
141,3,3,3,773295
156,2,1,2,776547
231,3,3,3,1121251
88,2,2,1,486116
100,3,2,3,585206
214,5,5,4,1171487
272,4,3,3,1341907
54,1,1,0,249755
130,1,1,0,591738
104,3,3,3,586981
73,1,1,0,371817
216,4,3,3,1128022
176,3,2,3,869872
293,6,5,4,1559034
187,4,4,3,1023751
117,2,2,1,586829
295,5,4,4,1476995
135,3,2,3,739091
197,4,4,3,1071542
280,5,5,4,1437023
47,1,1,0,265223
251,5,4,4,1320029
201,4,4,4,1094545
150,3,2,3,814093
106,2,1,1,503404
300,5,5,4,1518125
243,3,3,3,1188549
140,3,3,2,761168
259,6,5,4,1371566
286,4,4,3,1406278
116,2,2,1,611156
253,4,3,4,1265205
114,2,1,1,581710
300,5,4,4,1524474
241,4,4,4,1263387
289,5,4,4,1482638
73,1,1,1,350571
234,3,3,3,1149544
238,3,3,2,1170822
228,3,3,3,1153445
229,4,4,4,1182185
183,2,1,1,863830
54,2,1,2,337326
151,3,2,2,793176
95,2,2,2,497548
60,2,2,1,355251
68,2,1,2,380368
204,4,4,4,1065094
161,4,4,4,938062
262,5,5,4,1363804
201,4,4,4,1100543
68,1,1,1,342111
228,4,3,3,1132161
191,3,3,3,1000755
58,2,2,2,375864
299,4,4,3,1487350
45,2,1,2,309247
155,2,1,1,719976
162,4,3,3,875111
64,1,1,0,284637
169,4,3,4,914173
208,4,3,3,1093912
200,5,4,4,1087494
298,4,3,4,1493971
120,1,1,0,571799
125,2,1,2,647827
62,1,1,1,331973
226,4,4,3,1171029
190,3,3,2,940196
115,2,2,2,584732
79,1,1,0,360562
131,2,1,2,636257
77,1,1,1,385331
168,2,2,2,797531
207,4,3,3,1064712
246,4,4,4,1244845
285,5,5,4,1443480
142,3,3,3,784807
155,3,2,2,804365
197,4,3,3,1054363
66,1,1,1,321897
161,2,2,2,794684
210,3,2,3,1038117
202,4,4,4,1100020
78,1,1,0,388496
191,3,2,2,938000
56,1,1,0,281464
78,1,1,0,386463
45,2,1,2,268216
46,1,1,1,245392
83,3,2,2,488532
65,1,1,1,316992
97,3,2,2,558529
237,4,3,4,1237309
253,5,5,4,1357183
118,1,1,1,568817
105,2,1,1,519232
106,2,2,1,536146
119,3,3,3,647311
132,2,1,1,636247
136,3,2,2,716124
89,2,2,1,498163
225,3,2,2,1066446
143,4,4,3,828923
86,2,2,2,469144
260,5,5,4,1342876
257,6,5,4,1352243
282,6,5,4,1502589
280,6,5,4,1477562
180,4,4,3,958557
66,1,1,1,308686
220,5,4,4,1199274
104,2,1,2,524786
96,2,1,1,513589
54,1,1,0,241814
217,3,2,2,1028625
248,4,3,3,1260270
64,2,1,2,379583
192,3,2,2,976006
293,4,3,4,1416969
300,4,3,3,1487406
224,5,5,4,1193839
149,4,3,3,827444
63,2,2,2,399044
132,2,1,2,661978
51,1,1,0,239350
76,1,1,1,393076
81,1,1,1,420231
60,2,2,1,341132
251,6,5,4,1329238
162,3,2,2,797395
229,4,4,3,1202679
73,1,1,0,367985
223,4,3,3,1137213
212,4,4,3,1129052
273,6,5,4,1463310
202,3,3,3,1037352
175,2,1,1,801307
253,6,5,4,1349344
257,4,3,4,1274425
156,3,2,3,836055
251,5,5,4,1349322
285,6,5,4,1480707
110,3,3,2,633231
220,5,4,4,1206874
254,5,5,4,1340953
86,2,1,2,471491
85,3,2,2,490865
103,2,1,2,537567
293,6,5,4,1536860
71,1,1,0,322309
130,2,1,2,670825
144,3,3,2,735116
173,3,2,2,850860
80,2,2,2,477426
62,2,2,2,368753
163,3,3,3,879918
116,2,2,1,570791
294,6,5,4,1542834
226,4,4,4,1202907
222,5,4,4,1212229
220,4,4,3,1115919
190,4,3,3,971377
140,2,2,2,682960
247,5,5,4,1324713
165,3,2,3,833498
133,1,1,1,617379
295,5,5,4,1508745
116,2,2,1,594331
104,2,1,2,521392
99,3,3,2,548431
168,3,2,2,839797
117,3,3,2,656052
188,3,3,2,953447
249,5,4,4,1320696
254,6,5,4,1382939
221,5,4,4,1198256
234,5,5,4,1239797
211,4,3,3,1105854
257,6,5,4,1395542
98,2,2,2,529583
212,5,5,4,1194312
236,5,4,4,1248593
74,1,1,1,351367
83,1,1,1,434047
298,6,5,4,1573305
114,2,2,2,592580
108,2,2,1,531119
134,1,1,1,591235
198,4,4,3,1064430
292,6,5,4,1524254
269,5,5,4,1414392
113,2,2,1,589472
235,3,3,3,1180917
242,3,2,2,1146085
281,6,5,4,1501117
202,4,3,3,1030916
298,6,5,4,1538167
64,1,1,0,318208
135,3,2,3,721567
51,1,1,0,281896
203,3,2,2,984885
76,1,1,1,398387
258,5,4,4,1328916
185,3,3,2,929637
239,4,4,3,1192119
146,3,2,2,750419
47,1,1,0,223945
230,4,3,3,1159950
247,5,4,4,1272445
224,3,3,2,1129372
140,4,3,3,774282
117,2,2,1,564197
83,1,1,1,396103
166,3,2,2,818909
47,1,1,1,272162
65,2,1,1,352623
297,4,3,4,1478939
172,4,4,3,918925
78,1,1,0,368383
45,1,1,0,245428
85,2,2,1,449152
140,3,2,3,732819
232,5,4,4,1247057
214,5,4,4,1166366
151,3,3,3,791089
237,5,4,4,1233952
137,1,1,1,621616
73,1,1,1,356876
171,3,2,3,863156
231,5,5,4,1217774
210,3,3,2,1060015
121,2,1,2,619188
67,2,1,1,373883
156,2,2,2,762535
244,5,4,4,1264022
291,4,3,4,1459455
228,5,5,4,1229089
182,4,3,4,992959
165,3,3,2,842592
96,2,1,1,498820
94,2,1,1,460349
276,6,5,4,1432616
211,3,2,3,1064751
253,5,4,4,1335818
70,1,1,0,361817
56,1,1,0,253523
207,3,2,2,1006143
85,1,1,0,408283
293,6,5,4,1519097
102,1,1,0,484632
83,2,2,2,454370
166,3,3,3,900213
277,5,4,4,1442439
113,1,1,0,499274
113,2,1,2,590770
58,1,1,0,295858
300,5,5,4,1560588
126,1,1,0,593348
51,1,1,1,270326
201,5,5,4,1098903
206,4,3,4,1055175
252,5,4,4,1333496
52,1,1,1,249696
229,3,3,2,1135607
211,5,4,4,1115423
86,3,3,3,505656
250,6,5,4,1357055
58,1,1,1,314688
167,3,2,3,846572
165,3,2,2,841379
241,4,3,4,1245071
240,4,3,4,1202903
170,4,3,4,905330
214,4,3,3,1086768
164,2,1,1,742694
78,1,1,1,355929
93,3,3,2,555497
222,4,3,3,1122610
110,3,3,2,609644
211,4,3,4,1080125
49,1,1,1,283709
198,5,5,4,1096773
154,3,3,3,815031
237,3,3,2,1136411
73,1,1,0,372998
72,1,1,0,356009
71,1,1,0,341869
146,4,4,3,828932
239,4,3,3,1209592
133,2,1,1,615443
278,5,4,4,1410312
80,2,2,2,475064
264,5,4,4,1383651
231,3,3,3,1117987
292,4,4,3,1456068
105,3,2,3,577044
49,2,2,2,321726
267,5,5,4,1410423
86,2,1,1,423764
292,5,4,4,1465762
153,3,3,2,800395
255,4,3,3,1259281
52,2,1,1,303304
99,1,1,0,441018
241,4,4,3,1217727
98,2,1,1,498105
264,5,5,4,1356665
177,3,2,2,903756
266,4,4,3,1309174
83,2,2,2,454691
201,4,4,3,1090269
45,1,1,0,245375
187,3,2,3,956884
105,2,2,2,532930
90,2,2,2,477393
230,4,3,4,1161423
139,3,3,3,761983
300,5,5,4,1514176
175,4,3,4,946544
248,4,3,3,1239964
254,4,4,4,1271077
158,3,3,2,810819
220,3,3,2,1081655
58,1,1,0,258514
300,5,5,4,1550235
73,1,1,1,379079
290,6,5,4,1493773
276,4,4,3,1369000
110,2,2,1,553807
189,4,3,4,1019345
65,2,1,1,361069
291,5,4,4,1506579
300,6,5,4,1583367
131,3,2,3,710056
108,1,1,0,477897
114,2,2,2,581202
220,4,4,4,1160663
138,3,2,2,700549
166,3,2,3,834104
185,3,2,3,941508
214,3,3,2,1070327
291,5,4,4,1467384
84,1,1,1,393563
47,1,1,1,234783
187,3,2,2,899999
111,2,2,2,591276
94,2,2,1,519792
274,5,5,4,1414696
237,4,3,4,1201188
177,3,3,3,914347
286,5,4,4,1445668
162,3,3,3,826108
82,1,1,1,394357
122,1,1,1,590529
111,3,3,3,646375
227,4,3,4,1160883
272,5,4,4,1414325
279,5,4,4,1400629
121,3,3,3,672059
90,1,1,1,441488
231,4,4,3,1192866
207,3,3,2,1052253
99,1,1,1,484254
227,4,3,4,1197345
300,5,5,4,1524497
289,5,5,4,1512934
71,1,1,1,330398
278,5,4,4,1433356
145,4,3,4,820719
87,2,1,1,453241
107,1,1,1,508630
222,3,3,3,1079867
48,2,2,2,289771
115,1,1,1,512118
117,2,2,1,614855
103,1,1,0,481722
133,2,2,1,677176
211,4,3,3,1108188
213,5,5,4,1164281
186,3,2,2,893270
68,1,1,0,348680
297,6,5,4,1576221
231,5,5,4,1223011
242,3,2,3,1186392
217,4,3,4,1103273
68,1,1,0,308008
266,5,5,4,1387534
289,6,5,4,1543417
241,5,4,4,1277330
288,6,5,4,1531713
197,4,4,4,1072604
271,5,5,4,1392539
75,1,1,1,381084
134,2,1,1,634347
59,1,1,1,294258
65,1,1,1,333715
137,3,3,3,751581
51,1,1,1,279327
168,2,1,2,793613
198,3,3,3,978562
62,1,1,0,323679
189,3,2,2,924839
103,2,1,1,530951
196,3,2,3,966016
279,5,5,4,1429255
128,3,3,3,703146
182,3,3,3,932753
108,2,1,2,533176
142,3,2,2,712854
188,2,1,1,868482
154,3,2,2,797089
168,4,3,4,925084
243,3,2,3,1198290
260,4,4,4,1327557
51,1,1,1,256340
204,3,3,2,1003999
88,1,1,1,448270
292,5,4,4,1493835
280,6,5,4,1462106
224,4,3,3,1152614
243,3,3,3,1212908
153,3,3,3,836135
169,4,4,4,937107
169,4,4,4,967717
184,3,3,3,953152
123,1,1,0,568681
106,1,1,0,458472
233,4,4,4,1237734
122,1,1,1,558111
295,5,4,4,1507152
128,2,1,1,611293
130,2,1,1,639624
67,1,1,1,360762
259,6,5,4,1392589
281,5,4,4,1455944
234,3,2,2,1128897
117,3,3,3,650282
106,2,1,2,532551
212,5,5,4,1146699
60,1,1,0,315473
235,3,3,2,1146665
52,1,1,0,246165
234,3,3,3,1141775
190,3,2,3,972191
47,2,2,1,324437
183,3,3,2,913089
67,2,1,2,383062
234,4,3,3,1178501
54,1,1,1,294534
86,1,1,0,432340
145,3,3,3,770650
297,4,3,4,1459545
121,2,2,1,589428
218,4,3,4,1132938
246,3,2,3,1194901
53,2,2,2,348982
277,4,4,3,1351427
115,1,1,0,509307
102,2,1,2,506273
196,4,4,3,1066897
127,3,3,3,721470
251,6,5,4,1380746
215,4,4,3,1099919
263,6,5,4,1399581
121,1,1,0,570944
225,4,3,3,1144141
106,2,1,2,518567
85,2,2,2,451463
85,2,1,2,482956
259,4,3,4,1321566
230,4,3,3,1164198
288,5,5,4,1494305
175,3,2,2,902560
46,1,1,0,250338
94,2,1,1,485598
236,4,4,3,1226939
60,2,2,1,369317
223,5,5,4,1237544
185,4,4,3,966674
89,1,1,1,408078
93,3,3,2,559580
240,5,5,4,1294752
255,4,3,4,1268761
265,4,3,3,1308021
136,3,3,2,706715
83,2,2,1,450728
273,5,5,4,1424669
194,5,5,4,1066670
108,2,2,1,531053
97,3,3,3,566554
157,4,3,3,875792
112,3,3,3,649980
216,5,4,4,1149535
115,1,1,1,519374
211,4,3,4,1104053
122,1,1,0,538876
297,5,4,4,1501204
217,3,2,2,1051762
271,5,4,4,1398373
154,3,3,3,818357
291,4,4,3,1461982
170,3,2,2,849703
261,6,5,4,1407337
129,3,3,2,672423
245,4,3,4,1214678
110,2,1,2,579544
78,1,1,0,348730
153,3,3,3,798973
76,1,1,0,391313
282,5,5,4,1443407
160,2,1,1,766051
101,3,2,2,577695
58,1,1,1,286772
53,2,1,2,301167
97,2,1,2,498700
123,2,1,2,607149
86,1,1,0,416512
82,1,1,1,431376
219,3,3,2,1059316
218,4,4,3,1106064
80,1,1,1,375514
280,4,4,4,1408672
113,2,1,2,559811
296,6,5,4,1524418
58,1,1,0,261027
211,4,4,3,1129286
242,3,3,2,1148089
247,5,4,4,1269578
285,6,5,4,1474922
45,1,1,1,223999
95,2,2,2,515472
209,3,3,2,1028562
256,6,5,4,1384510
238,4,3,4,1233155
221,3,3,2,1087991
286,5,5,4,1462462
219,3,2,2,1056313
235,4,4,3,1187449
66,1,1,1,331640
117,2,2,2,634394
202,4,4,4,1084999
129,1,1,0,583068
160,3,2,2,824403
146,4,4,4,831762
70,1,1,1,352728
78,1,1,1,364023
93,3,3,2,523585
134,2,2,2,668143
255,5,4,4,1336119
140,4,3,4,793104
244,3,3,3,1227675
115,3,3,2,618156
222,4,4,4,1187541
87,2,2,1,444318
99,1,1,0,430850
200,5,4,4,1086216
119,2,2,2,632247
47,2,2,2,291603
191,3,3,3,964168
131,3,3,3,696284
299,5,4,4,1517876
217,4,4,3,1130878
174,3,2,3,915417
228,3,2,3,1086607
130,3,3,3,725984
265,4,3,3,1285732
135,3,2,3,695940
282,5,5,4,1467454
294,4,3,4,1431125
98,2,1,1,480991
137,2,2,2,664865
72,1,1,0,351584
150,2,1,2,700877
283,5,5,4,1475743
272,6,5,4,1466863
123,2,1,2,590800
206,3,2,2,1023369
109,3,3,3,617993
286,5,5,4,1494268
139,2,2,2,712981
199,4,3,3,1037431
204,4,3,4,1097039
49,1,1,1,249705
258,4,3,3,1308012
133,1,1,1,617844
220,4,4,4,1132327
229,4,4,4,1175555
129,2,2,2,642483
51,1,1,1,246593
290,6,5,4,1524954
111,2,1,2,552788
182,3,2,3,937638
274,4,3,3,1375570
115,1,1,1,565814
266,4,3,3,1324820
139,3,3,3,780581
115,3,2,2,649543
119,1,1,1,544413
190,3,2,3,942085
224,4,4,3,1153244
150,2,1,2,735773
71,1,1,0,354187
151,3,2,2,782214
262,5,5,4,1400699
80,1,1,0,381438
248,5,4,4,1308001
95,2,2,2,508391
97,1,1,0,428014
156,2,2,1,738198
213,4,4,3,1081892
112,1,1,0,523982
70,2,1,2,386652
102,2,2,1,548634
100,3,2,2,569205
209,5,4,4,1133085
193,4,3,4,1006367
214,4,3,4,1083724
115,2,1,2,582457
295,4,4,4,1441997
142,2,1,2,695131
133,3,2,3,716901
184,2,1,2,868982
162,2,1,1,769112
222,4,3,4,1143612
253,4,4,4,1323034
176,3,3,3,894540
298,6,5,4,1581325
73,1,1,0,351149
92,3,2,2,499782
259,5,4,4,1362049
106,2,1,2,535013
166,4,3,3,873686
253,5,5,4,1307682
203,5,4,4,1121373
177,3,3,2,901140
289,6,5,4,1518020
81,1,1,0,362986
204,4,4,3,1080154
296,6,5,4,1535477
212,4,3,4,1116590
247,4,4,4,1286475
298,5,5,4,1502270
241,3,2,2,1135828
238,4,4,4,1243856
113,2,2,2,610978
259,5,5,4,1349241
212,3,3,2,1077212
199,4,3,4,1032701
186,3,3,3,937198
253,4,3,3,1278749
69,2,1,1,354455
62,1,1,1,332450
199,3,3,3,1030615
202,4,3,4,1035959
242,3,3,3,1205119
80,1,1,1,381958
90,3,2,3,531370
197,4,4,4,1053000
209,3,3,2,1027978
100,2,1,1,473073
81,2,2,1,429643
105,1,1,0,495647
215,3,2,3,1069051
146,2,2,2,709967
64,2,2,1,345892
160,3,3,2,835400
58,2,2,2,340634
220,4,3,3,1132198
191,4,4,3,1002728
146,4,4,3,853371
228,5,5,4,1223559
280,6,5,4,1450045
246,3,2,3,1191209
160,3,2,2,836088
98,3,3,2,546646
112,3,3,3,621440
177,4,4,4,954989
230,4,4,3,1176877
118,1,1,0,524099
136,2,1,2,696328
135,1,1,1,622210
148,2,1,1,728964
108,2,2,1,554001
86,2,2,1,455528
294,4,4,3,1473743
78,1,1,1,359436
218,4,4,4,1163450
198,4,3,4,1059220
166,4,3,3,868430
203,3,3,2,1031014
174,3,3,3,908533
251,6,5,4,1379598
97,3,3,3,596485
105,1,1,0,471440
80,1,1,1,402370
70,2,1,1,386919
209,5,4,4,1152085
136,1,1,1,600632
46,1,1,0,229806
265,5,5,4,1387821
148,3,3,2,769493
113,1,1,0,530584
60,1,1,0,310985
202,5,5,4,1121047
259,5,5,4,1367104
236,4,3,4,1181264
129,2,2,2,651338
185,3,3,2,930793
243,4,3,3,1192577
56,1,1,1,278266
88,1,1,1,447486
251,4,3,3,1261892
99,2,1,1,483535
170,2,1,2,834502
276,6,5,4,1478234
197,4,3,4,1069109
51,2,1,1,296193
102,2,1,2,530808
52,1,1,1,278325
222,3,2,2,1048519
171,3,3,3,906077
98,1,1,0,434733
296,6,5,4,1572652
225,4,3,4,1133409
173,3,3,2,858282
289,4,4,3,1433988
208,5,5,4,1177666
67,1,1,1,349642
129,3,3,2,712599
261,5,4,4,1356774
279,5,5,4,1470894
259,6,5,4,1389522
75,1,1,1,345071
293,5,4,4,1486735
116,1,1,0,546204
247,4,4,4,1242986
280,5,4,4,1413698
276,5,4,4,1402376
114,2,1,2,561835
192,2,1,1,915291
103,2,2,1,554408
237,4,3,3,1199002
119,2,1,1,579997
78,1,1,1,409593
52,1,1,1,270301
68,1,1,1,353632
46,2,1,1,274140
179,3,3,3,899412
144,3,3,2,769584
225,3,2,2,1088688
160,2,1,2,776953
67,2,2,2,408158
189,4,3,4,999171
179,3,2,3,881103
61,1,1,1,322725
246,5,4,4,1305102
235,5,5,4,1268259
56,1,1,1,318309
287,5,5,4,1471658
66,2,1,1,351400
179,3,3,2,914989
232,4,3,4,1182039
293,4,4,3,1427144
96,1,1,1,448590
272,5,4,4,1398554
156,2,2,2,743210
96,1,1,0,468745
131,1,1,1,633093
67,1,1,1,364622
98,2,2,2,541845
84,1,1,0,420466
235,4,4,3,1213845
223,5,5,4,1241199
296,5,4,4,1484450
175,2,1,2,843671
180,4,4,4,1008233
167,4,4,3,893207
261,5,4,4,1342820
130,1,1,1,624340
229,4,4,4,1204559
77,1,1,1,407067
126,3,3,3,687809
122,3,2,3,654722
136,3,2,2,692282
297,5,4,4,1488636
100,2,1,1,511637
192,3,3,2,942528
118,2,1,1,591596
160,3,2,3,811863
105,3,2,2,588215
133,2,1,1,622172
163,3,2,2,797144
90,2,1,2,482998
280,4,4,4,1399983
238,5,4,4,1274057
298,5,4,4,1530473
265,5,4,4,1377973
64,2,2,2,364013
256,4,3,3,1255716
112,1,1,1,536196
187,3,3,2,937211
268,4,3,3,1325362
219,5,5,4,1204259
267,5,5,4,1396744
217,4,4,3,1113501
111,1,1,1,533361
69,2,1,1,355100
205,5,4,4,1108759
264,6,5,4,1389465
71,1,1,0,324488
48,1,1,0,256070
89,3,3,3,560329
231,4,3,3,1162792
181,4,3,4,959987
188,4,4,3,1010562
161,4,3,4,900700
253,5,4,4,1337813
169,2,2,2,806111
80,1,1,0,379156
225,5,5,4,1190039
208,5,5,4,1168278
76,1,1,1,399310
71,1,1,1,364194
118,2,2,1,591743
167,3,2,2,825545
45,1,1,0,215423
77,1,1,0,384274
271,5,5,4,1430874
82,2,2,2,462709
80,1,1,1,368020
122,2,1,2,606960
224,4,4,4,1172900
120,3,2,2,669399
209,4,3,3,1085861
70,2,1,1,378339
180,3,2,3,936654
148,2,1,2,749301
243,4,4,3,1226946
144,4,3,3,790221
73,1,1,1,353122
62,1,1,0,275630
285,5,4,4,1477641
148,3,2,2,739821
105,2,1,2,531718
198,5,4,4,1077439
99,3,3,3,565350
267,5,5,4,1423644
275,5,5,4,1423670
200,4,3,4,1034026
54,1,1,0,261617
172,4,3,3,893974
290,6,5,4,1508851
146,3,2,3,795367
90,3,3,3,540945
107,3,2,2,580037
75,2,2,1,386671
72,1,1,0,320098
111,2,2,2,576838
181,3,2,3,893798
160,2,1,2,773596
58,2,2,2,360296
151,2,1,2,737850
227,5,4,4,1239534
160,4,3,3,861204
281,4,4,3,1419677
164,3,3,2,833915
64,2,2,2,365352
62,1,1,0,308053
125,1,1,1,579509
275,6,5,4,1482601
244,4,4,3,1231395
116,3,2,3,650839
144,3,3,3,807715
110,1,1,1,537736
67,1,1,0,326651
146,3,3,3,796121
176,3,2,2,854783
50,1,1,1,282147
185,2,1,1,841737
254,4,4,3,1296604
266,5,5,4,1420246
211,4,4,4,1137880
233,4,3,4,1166005
290,6,5,4,1543606
149,2,2,1,719195
245,3,2,2,1183350
58,1,1,1,280595
195,5,4,4,1083597
277,6,5,4,1444129
225,4,4,4,1193386
144,3,2,2,730534
289,5,5,4,1467412
80,1,1,1,418697
63,1,1,0,316509
198,4,4,4,1080821
100,2,2,2,509753
298,4,4,3,1439869
203,5,5,4,1116234
287,4,4,4,1431214
138,3,3,3,742086
52,2,2,2,326448
175,2,1,1,812497
250,6,5,4,1362558
144,4,4,4,846770
61,1,1,0,276022
70,2,1,1,371007
77,2,1,2,420929
151,3,2,3,797284
205,4,3,3,1083200
58,1,1,1,330401
244,5,4,4,1267027
85,1,1,0,400961
296,5,4,4,1483531
49,1,1,1,258989
197,4,4,3,1072292
124,2,1,1,588373
202,4,3,3,1055142
224,3,2,2,1093276
161,2,1,1,759686
225,4,4,4,1152311
98,2,1,2,483772
195,5,5,4,1080196
199,4,3,4,1060587
175,2,1,1,826706
233,3,2,2,1135266
273,6,5,4,1444432
149,3,3,3,799365
193,4,3,3,995307
284,5,5,4,1494225
111,1,1,1,547126
181,2,2,1,842091
77,1,1,0,342149
79,1,1,1,390094
253,4,4,3,1307201
227,3,3,2,1123315
142,3,3,2,774142
81,2,1,1,403029
59,1,1,1,312896
68,2,1,2,410953
47,2,1,1,262978
124,3,3,3,684259
51,1,1,0,261143
185,3,3,2,956980
152,3,2,2,778481
246,4,3,3,1244802
231,5,5,4,1224950
132,2,1,2,679797
279,4,3,4,1399135
160,4,4,3,878849
112,3,3,2,646207
183,4,3,3,953695
146,2,2,1,729219
115,2,1,2,553186
153,2,2,2,781278
156,2,2,2,765687
145,3,2,2,766732
203,4,4,3,1077492
284,4,3,3,1371321
87,3,2,3,543775
116,1,1,1,569758
103,1,1,1,461927
196,4,4,3,1021054
59,2,2,1,366536
55,2,1,1,325100
269,5,4,4,1362431
112,2,2,1,584814
287,6,5,4,1499890
280,4,4,4,1396070
299,4,4,3,1498740
168,3,3,2,878201
174,3,2,3,873998
278,6,5,4,1478411
176,4,3,4,949779
294,5,5,4,1517255
54,1,1,0,286660
200,4,3,4,1067291
193,4,4,3,1032992
251,6,5,4,1349677
173,4,4,3,925394
120,2,2,2,639860
213,4,3,3,1074694
147,2,1,1,726444
130,3,3,3,694216
194,4,4,3,1043529
270,5,4,4,1417804
49,1,1,1,238502
81,1,1,0,406574
162,4,3,3,879386
125,3,2,2,669825
123,2,1,2,616854
232,5,5,4,1239864
116,1,1,0,547446
157,3,3,2,807314
270,5,5,4,1402093
156,4,3,4,896474
92,2,2,2,530684
145,3,2,2,726967
234,4,4,4,1203899
182,3,2,2,875888
126,2,2,2,662246
135,1,1,1,643806
149,3,2,2,739995
280,5,4,4,1422039
183,3,3,2,913931
209,4,4,3,1070869
156,4,3,4,873068
121,2,2,2,614372
144,3,3,2,770384
103,1,1,0,500446
123,2,1,1,579332
260,5,4,4,1351393
135,2,1,2,643202
242,3,3,3,1192673
285,6,5,4,1525332
146,3,2,2,758409
257,5,5,4,1378984
271,6,5,4,1416452
66,2,1,1,332944
95,2,2,1,476247
214,3,3,2,1052445
198,5,5,4,1098361
138,3,3,3,735336
156,4,3,3,826326
153,3,2,3,809613
48,2,2,1,319087
84,2,1,1,420234
85,3,2,2,492697
50,1,1,1,266847
137,2,1,2,649792
172,3,2,2,865113
283,5,4,4,1474607
194,4,4,3,1046750
276,6,5,4,1479024
146,3,3,2,769843
237,4,4,4,1213902
300,4,3,4,1493265
276,5,5,4,1453951
153,4,4,3,831266
80,1,1,1,388274
268,5,5,4,1409950
152,3,3,3,787963
196,3,2,2,950560
75,1,1,0,373436
89,2,1,2,468674
274,5,5,4,1432328
220,3,2,2,1089197
242,4,4,3,1233775
59,1,1,1,326587
231,4,4,3,1180345
211,4,4,3,1130884
120,1,1,0,564022
243,4,3,4,1225394
135,1,1,0,596858
294,5,5,4,1506581
296,6,5,4,1560098
213,5,4,4,1153002
163,4,4,3,919536
112,3,3,2,620433
125,3,2,3,660756
153,3,2,2,781115
154,4,4,3,846819
62,1,1,0,312922
114,2,1,1,584633
282,5,5,4,1432700
123,1,1,0,574400
164,3,3,3,847489
281,5,5,4,1463651
179,4,4,4,1002920
178,4,3,3,946403
218,4,3,3,1088559
299,5,5,4,1505563
99,3,2,2,573212
89,3,2,2,503332
117,1,1,1,560821
156,3,3,3,817357
283,4,4,3,1389758
219,4,4,3,1151842
82,1,1,0,388551
145,4,3,4,803531
194,4,3,4,1051597
168,2,2,1,818478
194,4,4,4,1053235
178,3,3,3,904469
215,3,3,2,1062267
223,4,3,3,1118402
75,1,1,1,359596
240,4,3,3,1206998
119,2,2,2,626089
230,4,4,3,1163914
166,3,2,3,858420
122,3,2,3,672998
168,4,3,4,922105
64,2,1,2,364391
263,4,4,3,1346898
190,3,3,3,994821
135,2,2,2,661064
104,2,1,2,556009
297,6,5,4,1536235
254,4,3,4,1287630
90,2,2,1,464268
69,1,1,0,318858
257,5,4,4,1342890
87,2,2,1,451499
94,3,2,3,578088
261,6,5,4,1417990
132,1,1,1,606057
298,5,4,4,1498955
131,1,1,1,605943
45,2,2,2,282152
154,2,1,2,735617
109,2,1,1,528136
69,1,1,0,351729
275,6,5,4,1477810
265,5,5,4,1374843
153,2,1,2,727497
48,1,1,0,272070
61,1,1,1,295712
265,4,3,3,1319244
82,1,1,1,402966
210,3,3,2,1036840
114,2,1,2,593489
264,6,5,4,1413659
183,2,2,1,862717
81,1,1,1,414645
109,2,2,2,572734
206,5,5,4,1158142
185,3,2,2,903791
213,3,3,3,1091806
289,5,5,4,1491637
115,2,1,1,553114
259,5,5,4,1388528
130,3,3,2,729198
69,2,2,1,383961
280,5,4,4,1410326
159,2,1,1,735593
135,3,2,3,707552
245,4,3,4,1234596
199,3,3,2,1015467
172,2,1,1,798538
293,4,4,3,1418304
263,6,5,4,1388398
176,3,2,3,873494
261,6,5,4,1376412
222,5,4,4,1174328
237,5,5,4,1255316
237,3,3,3,1176254
278,5,4,4,1409914
271,5,4,4,1388707
286,4,3,3,1394171
128,3,2,2,700512
190,3,2,3,983033
97,2,1,1,466985
188,2,2,2,923534
183,4,4,3,994599
116,2,1,2,597291
211,3,2,2,1011476
299,5,4,4,1493216
163,2,1,1,763750
84,3,2,3,538273
122,2,1,1,579302
65,1,1,0,296703
207,5,5,4,1147647
76,1,1,0,391085
188,3,3,3,972485
288,5,5,4,1491577
238,4,4,3,1236672
222,4,4,3,1133527
259,4,3,4,1303898
236,3,2,3,1169138
64,1,1,1,298794
97,3,3,3,580858
272,5,5,4,1443195
101,1,1,0,462736
239,4,4,3,1232834
77,1,1,1,408312
227,4,3,3,1172700
186,4,3,3,990110
131,2,1,2,667784
273,4,3,4,1350916
82,1,1,0,393345
92,1,1,1,450727
300,4,3,3,1437122
296,6,5,4,1543816
96,2,2,1,533836
199,3,2,2,952772
95,1,1,1,433984
161,3,2,3,826205
286,4,4,3,1407066
214,4,4,4,1135689
90,3,2,3,532303
296,5,4,4,1482601
286,4,3,4,1387223
261,4,4,4,1356644
82,1,1,0,362791
226,4,4,4,1199158
283,5,4,4,1434783
140,3,3,2,731605
55,2,1,2,351868
247,3,2,2,1164084
221,5,5,4,1189902
262,5,5,4,1404369
201,4,3,3,1046331
198,3,2,2,976719
143,2,2,1,711845
100,2,2,2,565656
149,2,1,1,736283
140,3,3,3,790061
78,1,1,0,366924
85,2,2,2,494062
119,2,2,2,618568
141,4,3,3,782092
126,1,1,1,596859
246,4,4,4,1239892
243,5,5,4,1318433
108,2,1,1,516840
109,2,1,1,551021
79,2,2,1,456162
216,4,4,3,1143434
135,2,1,1,620324
140,4,3,4,827325
250,4,4,4,1300438
149,3,2,2,760291
239,3,2,2,1140583
279,6,5,4,1497141
122,2,1,1,577379
281,5,5,4,1436717
241,5,5,4,1289666
80,1,1,0,400970
300,6,5,4,1549003
198,4,4,4,1035384
195,4,4,4,1034584
181,3,2,3,933053
267,6,5,4,1438391
134,1,1,0,634284
85,2,2,1,437079
129,2,1,2,624815
270,5,5,4,1396268
299,5,5,4,1505817
164,4,3,4,903723
260,5,5,4,1362693
299,5,5,4,1515514
85,1,1,0,418045
195,3,3,2,996940
105,2,1,2,557988
80,1,1,1,390390
155,2,1,2,743763
241,3,2,3,1168782
262,5,4,4,1367850
61,1,1,1,313039
66,1,1,1,322631
156,2,2,1,760365
151,3,2,3,794867
285,5,5,4,1475412
244,5,4,4,1259286
239,4,4,3,1226271
138,2,2,2,725436
109,2,1,1,515367
218,5,5,4,1217283
160,3,3,3,838543
84,2,2,1,447889
58,1,1,0,314726
248,5,5,4,1342320
286,6,5,4,1501354
75,1,1,1,356213
119,2,2,2,600490
162,3,2,3,831611
243,4,3,4,1240479
239,3,2,3,1177726
137,3,3,2,747562
292,4,3,4,1452329
279,6,5,4,1446238
85,1,1,1,437323
188,2,1,2,887482
200,4,4,4,1064307
101,2,1,1,520282
226,3,3,3,1113552
181,3,2,2,894451
218,4,4,3,1103617
212,4,4,3,1134657
203,5,4,4,1087698
289,6,5,4,1508225
183,4,4,3,1001937
51,1,1,0,275852
147,4,4,3,816963
49,1,1,1,287366
264,5,5,4,1361092
55,1,1,1,262452
198,4,4,3,1028968
85,3,3,3,511853
278,5,5,4,1426234
148,3,2,3,779268
271,6,5,4,1423691
206,4,4,4,1095512
67,1,1,0,313152
194,4,3,4,1023554
81,2,2,2,445918
73,1,1,1,369735
231,5,4,4,1200282
137,1,1,1,625475
275,5,5,4,1435387
237,4,3,4,1180969
288,6,5,4,1488270
165,3,2,2,813650
228,4,3,4,1145251
256,5,5,4,1366806
261,5,5,4,1348407
256,4,3,3,1300738
279,5,4,4,1411551
169,2,1,1,819274
282,4,4,3,1377660
271,5,5,4,1432382
221,5,4,4,1190273
182,4,4,4,979563
193,5,5,4,1061444
205,3,2,2,1001825
273,5,4,4,1430692
91,2,1,2,487090
274,5,4,4,1403239
226,3,2,3,1076844
150,2,1,1,741775
288,6,5,4,1506884
213,3,3,3,1079242
157,3,3,2,806057
45,2,1,1,253996
213,5,5,4,1166076
270,5,4,4,1408405
248,5,4,4,1295448
102,1,1,0,491602
202,5,5,4,1152400
174,3,2,3,863249
279,6,5,4,1468787
191,3,2,2,931673
132,2,1,2,625788
182,4,3,4,988962
59,1,1,0,304739
276,5,5,4,1406690
49,1,1,1,272625
258,5,5,4,1384572
202,5,4,4,1093526
136,2,2,1,694117
51,1,1,1,267105
275,4,4,4,1413370
231,5,4,4,1238363
292,5,4,4,1471565
189,3,2,2,919747
80,1,1,1,408213
198,4,3,4,1066294
204,3,3,3,1033633
85,2,2,2,487925
133,2,1,2,631803
90,1,1,1,411778
202,4,4,3,1068136
108,1,1,0,471377
139,2,1,2,655049
115,2,2,1,607959
206,5,5,4,1159701
164,2,1,1,767296
201,4,3,3,1051164
225,5,5,4,1214245
210,3,2,3,1011013
201,4,4,3,1085385
183,4,4,3,985772
82,1,1,0,359280
134,2,1,2,650836
209,5,5,4,1173603
189,4,4,4,1004953
67,1,1,0,334369
123,2,1,1,604490
259,4,4,4,1344475
162,2,2,2,810569
212,4,3,4,1075289
152,3,2,2,800772
99,3,3,3,568569
193,4,3,4,1036997
51,2,1,1,270121
78,2,1,1,392333
205,4,3,3,1061041
141,3,3,2,743921
169,4,4,3,915832
61,1,1,0,328837
224,4,4,3,1150613
241,4,4,3,1201442
261,4,3,4,1331650
84,1,1,1,399347
216,3,3,2,1039068
111,1,1,1,518258
86,1,1,1,426580
176,3,3,2,878152
104,2,2,2,575007
160,3,3,2,848911
127,1,1,1,620752
280,5,5,4,1453364
240,5,5,4,1309800
60,1,1,0,298500
215,4,4,4,1162378
149,3,3,2,774263
177,3,3,2,877287
160,4,3,4,908406
58,2,2,1,369692
239,5,5,4,1301332
124,3,3,2,706756
237,5,5,4,1258839
143,3,2,2,735693
198,3,2,2,975913
228,4,4,4,1187195
292,5,4,4,1487328
227,4,4,3,1194222
268,4,4,3,1313165
299,4,4,4,1517114
272,5,5,4,1409286
122,1,1,1,563778
59,2,2,1,326392
254,5,5,4,1333084
202,4,4,4,1072690
263,6,5,4,1394711
136,2,2,2,709648
78,2,1,2,419418
219,4,4,3,1112054
97,1,1,1,456368
248,4,3,4,1236318
209,3,2,2,1027749
50,1,1,1,287955
61,2,1,2,335318
59,1,1,1,300151
57,2,2,2,344704
117,2,2,2,624558
231,4,4,4,1185473
197,4,4,3,1034157
76,1,1,1,397411
48,1,1,0,241223
272,6,5,4,1413506
56,1,1,0,266829
71,1,1,0,331188
97,2,2,2,546297
187,3,2,3,933708
181,3,3,2,903836
126,2,1,2,630712
159,4,4,4,886004
75,2,1,2,417540
273,6,5,4,1456424
282,5,4,4,1461022
144,3,2,2,730414
202,4,4,3,1075036
93,3,3,3,538965
137,2,1,1,630895
162,3,2,3,808342
105,3,3,3,600082
223,4,4,3,1161405
126,3,2,3,706625
127,1,1,1,612685
96,2,1,2,473500
60,1,1,0,265217
259,5,4,4,1367445
117,2,2,2,582905
48,1,1,1,252804
264,6,5,4,1392515
87,2,1,1,421729
101,2,2,1,526426
283,6,5,4,1518349
256,5,4,4,1348557
84,3,2,2,480355
53,1,1,1,284387
107,1,1,0,507027
189,3,2,2,909805
114,1,1,0,514225
281,6,5,4,1497567
227,3,2,3,1085347
135,2,2,1,663238
86,1,1,0,408760
103,2,2,1,519555
232,3,3,3,1174825
136,2,1,1,641789
73,1,1,1,368851
53,1,1,1,260269
65,1,1,1,308711
242,3,3,3,1216670
101,3,3,3,598639
195,4,4,3,1041217
236,4,3,4,1212858
139,4,3,3,786352
80,2,1,2,433660
273,5,4,4,1404944
226,5,4,4,1211978
224,3,3,3,1098319
242,4,3,3,1243594
186,3,2,3,943202
181,3,2,2,908362
186,4,4,4,1032726
90,2,2,2,477205
296,4,3,4,1433583
222,4,4,4,1171222
112,3,2,2,584969
48,1,1,1,275768
220,3,3,3,1091086
231,5,5,4,1219682
298,4,3,3,1431118
207,4,3,3,1075160
52,1,1,0,271796
71,1,1,0,324391
201,3,3,3,1037302
89,1,1,1,422908
106,2,2,2,560713
287,5,5,4,1465149
225,5,5,4,1201673
298,4,3,3,1461703
273,5,5,4,1402159
183,3,3,2,926967
50,2,1,1,286016
70,1,1,0,330253
158,2,2,1,787198
92,2,1,1,497363
192,4,3,3,987325
110,2,2,2,583912
63,1,1,1,313024
86,2,2,2,479893
266,5,4,4,1393731
169,3,3,3,855115
227,5,5,4,1257369
70,1,1,1,381829
169,3,2,2,829005
72,1,1,1,388889
279,6,5,4,1463737
179,3,3,3,938321
275,4,3,3,1351206
228,4,3,4,1188520
180,3,2,2,889001
47,2,2,2,320233
206,5,4,4,1151446
50,1,1,0,259757
266,4,4,4,1341777
153,4,3,4,835442
49,2,2,1,304741
90,3,2,3,540593
189,2,1,2,876747
110,3,3,2,629044
294,4,3,3,1457731
202,4,3,3,1070940
142,2,1,1,684106
195,3,2,2,936655
242,3,2,2,1173103
90,2,1,1,468792
57,1,1,0,254772
235,4,4,4,1234621
220,4,4,4,1143308
190,4,3,4,1025952
164,3,2,2,817133
67,1,1,0,337299
288,5,4,4,1446180
194,4,3,3,1024166
159,3,2,3,852648
289,5,5,4,1468513
223,4,3,3,1142024
235,4,3,3,1182316
59,2,2,1,328255
159,3,2,3,848607
256,5,5,4,1356690
175,3,2,2,871605
81,1,1,0,407954
81,1,1,1,420922
226,4,3,4,1157116
234,5,4,4,1250481
121,1,1,1,537830
109,1,1,1,539516
208,4,4,3,1079465
99,2,1,2,527179
182,3,2,3,893197
207,3,2,3,1015279
221,3,3,2,1089028
195,3,3,3,965707
138,3,2,3,733799
76,2,1,2,433795
261,6,5,4,1422654
132,1,1,1,590688
215,3,3,2,1082496
151,3,3,3,791858
229,4,3,4,1147895
226,5,5,4,1247318
117,2,1,2,600869
95,1,1,1,432341
144,3,3,3,807698
207,3,2,3,1011332
87,3,2,3,511380
172,2,1,2,815387
103,1,1,1,502264
276,5,4,4,1415233
218,4,3,4,1100206
62,1,1,1,312696
122,3,3,2,674734
60,1,1,1,312375
88,2,2,2,460941
182,2,2,2,872805
299,5,4,4,1535913
285,4,4,3,1427945
238,3,2,3,1158425
258,5,5,4,1333591
162,2,2,2,811878
189,3,2,2,935912
105,2,1,2,534167
284,5,4,4,1478358
240,3,2,3,1175645
108,2,2,1,568694
255,6,5,4,1399856
282,4,4,4,1430612
164,4,3,3,907611
284,6,5,4,1484979
233,4,3,3,1197729
137,2,1,2,650240
264,5,5,4,1376443
132,3,3,2,741180
60,1,1,1,288338
152,3,2,2,765699
192,2,2,2,941647
106,2,2,2,549521
85,2,1,2,442748
65,1,1,0,314273
214,5,5,4,1160046
49,2,2,1,329685
200,3,2,3,979804
78,1,1,0,366759
279,4,4,3,1399811
190,2,1,1,901029
139,2,1,1,645242
213,4,4,4,1136723
195,4,3,4,1048128
80,1,1,0,373291
171,4,4,3,938358
277,5,4,4,1414573
266,6,5,4,1416821
287,4,3,3,1390770
96,2,2,1,496015
210,5,5,4,1146523
106,2,1,2,522288
128,1,1,1,607011
266,5,5,4,1410936
184,4,3,4,1001682
165,2,2,1,810314
51,1,1,0,249628
69,1,1,1,350037
213,3,3,2,1030958
217,4,4,3,1157623
171,2,2,1,801621
263,5,4,4,1386584
52,1,1,1,286835
247,4,4,4,1240876
102,2,2,2,558083
151,3,2,2,804910
287,4,3,3,1421831
85,2,2,1,472539
235,3,3,2,1175798
300,6,5,4,1562262
107,1,1,0,469291
167,3,3,3,903279
101,3,3,3,625558
164,2,2,2,807019
59,1,1,1,287186
270,5,5,4,1399345
169,3,2,3,892252
165,3,2,2,822147
235,4,3,3,1191198
257,4,3,4,1302718
273,5,5,4,1408165
133,2,2,1,686100
58,2,2,2,382245
87,2,2,1,479528
177,3,3,3,897886
183,4,3,3,982889
88,2,1,2,484366
104,3,2,3,581133
237,4,3,4,1207588
292,6,5,4,1529310
279,6,5,4,1447044
79,1,1,1,375744
70,1,1,1,339005
60,2,2,2,365767
221,5,4,4,1177644
300,5,5,4,1514518
291,5,5,4,1498985
123,3,2,3,659936
223,4,4,3,1175719
275,6,5,4,1454127
113,2,1,2,575108
274,4,4,4,1391320
166,4,4,3,911623
292,5,5,4,1506428
295,6,5,4,1509133
288,6,5,4,1514875
121,3,3,2,674087
83,1,1,1,398729
266,5,5,4,1406825
146,2,1,2,693019
61,1,1,0,291062
232,5,4,4,1246318
129,2,1,1,619186
85,3,2,2,526865
195,5,4,4,1063742
100,2,2,1,540735
297,5,5,4,1501820
182,4,4,4,988988
60,1,1,0,296438
178,3,2,2,892308
281,5,4,4,1416064
209,4,3,3,1104962
146,3,2,2,739479
293,5,4,4,1463777
133,2,2,2,684250
172,2,1,2,839516
129,3,3,2,684800
56,1,1,0,285024
278,5,5,4,1461014
66,2,2,1,375147
79,1,1,1,411966
198,4,3,3,1027613
130,1,1,0,586749
152,3,3,3,802756
253,5,4,4,1305791
77,1,1,1,378835
218,4,3,3,1091816
203,4,3,3,1045546
66,1,1,0,324563
258,5,5,4,1355738
188,3,2,3,966097
239,4,4,3,1190992
230,4,3,3,1173941
144,3,3,2,782762
260,5,4,4,1345324
64,2,2,1,364742
260,6,5,4,1385168
297,6,5,4,1576488
208,4,3,4,1080451
102,2,1,1,528488
140,4,4,4,842694
189,3,3,2,970481
45,1,1,1,255864
137,3,3,2,708544
76,1,1,0,375654
54,1,1,1,269161
163,3,2,3,820153
242,3,2,3,1154451
177,3,3,2,895348
137,1,1,0,597022
234,3,3,2,1164370
92,2,1,2,480674
83,1,1,1,403229
268,6,5,4,1405795
242,5,4,4,1263845
212,3,3,3,1047207
139,3,3,2,728611
159,3,2,2,807415
234,4,4,3,1218205
114,2,1,2,566701
129,2,2,2,656520
176,2,2,2,833721
47,1,1,0,219122
200,5,4,4,1106734
172,3,2,3,898821
68,1,1,0,300105
111,2,1,1,533606
66,1,1,0,331046
93,2,1,2,474418
112,1,1,1,541223
256,6,5,4,1377364
243,4,3,3,1211892
133,2,2,1,633608
145,2,2,2,726173
184,4,4,4,1019754
137,2,2,2,673297
266,4,3,3,1338541
156,4,4,4,891379
156,2,1,2,735591
161,4,3,3,901097
109,2,2,2,601265
259,6,5,4,1369428
200,5,5,4,1123943
169,4,4,4,950964
86,2,1,1,419651
46,1,1,0,261231
60,2,2,1,343424
71,1,1,1,371054
76,2,2,2,418380
191,4,4,4,1037809
155,3,3,3,809182
195,3,3,2,948598
216,5,4,4,1162726
92,3,3,2,540288
172,3,2,2,840919
58,1,1,1,313240
228,5,5,4,1219555
56,2,1,1,330231
212,5,4,4,1134942
156,4,4,4,872821
250,4,4,4,1257871
278,5,4,4,1424463
104,2,1,2,506379
200,4,3,3,1062556
269,6,5,4,1436590
229,4,4,3,1175861
292,6,5,4,1530272
299,5,5,4,1552843
176,2,1,1,810588
176,3,3,3,888940
294,4,3,4,1447629
251,5,5,4,1308754
72,2,2,2,410411
213,3,2,2,1046545
253,6,5,4,1374786
49,1,1,1,271510
262,4,3,4,1311778
106,2,2,2,583378
232,4,3,4,1209926
246,5,5,4,1309754
154,4,4,3,887366
221,5,5,4,1206002
107,1,1,0,463786
162,3,3,2,858310
297,6,5,4,1558336
114,2,1,2,556508
72,1,1,0,369590
164,3,2,3,834547
240,4,3,3,1183357
172,3,2,3,880876
150,3,3,3,795269
194,3,3,3,987411
102,3,2,2,552624
230,4,4,4,1171863
47,2,1,2,323571
206,4,3,3,1076695
144,3,2,3,744679
147,3,2,3,795646
66,1,1,1,343054
246,5,5,4,1333225
275,5,5,4,1441543
52,1,1,1,298742
98,2,2,2,508235
155,4,3,4,835711
263,5,5,4,1357417
128,2,2,1,653598
261,4,4,3,1309327
163,3,2,2,826849
127,2,2,2,628232
279,5,4,4,1431565
178,4,4,4,984258
161,3,3,2,842962
222,4,3,4,1175993
135,2,2,2,658269
147,2,1,2,733883
230,3,2,3,1113919
182,3,3,2,941079
94,2,2,2,516398
281,4,3,4,1420968
61,1,1,0,319069
143,2,2,2,734181
164,3,3,2,834945
117,2,1,2,589769
278,5,5,4,1427580
120,2,2,1,627793
73,2,2,2,395303
68,2,1,1,395433
270,5,5,4,1424681
128,2,1,1,631248
95,2,2,2,492970
93,1,1,0,460708
212,5,4,4,1166369
203,3,2,3,1035644
77,1,1,1,394529
194,4,3,3,1027744
233,4,4,4,1193347
221,4,4,3,1124205
68,1,1,1,348591
102,2,1,1,530126
297,5,4,4,1498028
262,5,5,4,1363799
67,2,2,2,373716
72,1,1,1,345637
103,2,1,2,550563
217,3,3,2,1056351
268,5,4,4,1366345
249,4,4,4,1285357
283,6,5,4,1482128
72,1,1,1,382431
173,3,2,2,863631
118,2,2,2,596896
152,4,4,3,871166
103,2,1,1,514228
138,2,1,1,686996
209,5,5,4,1169821
85,3,2,2,516956
49,1,1,1,292862
150,2,1,2,703005
145,2,2,1,709004
57,1,1,1,309545
72,1,1,0,332902
273,5,4,4,1387189
91,2,2,1,487265
124,2,2,1,630096
260,5,4,4,1335397
117,3,2,3,639535
247,5,5,4,1339395
296,5,4,4,1528312
239,4,3,4,1241494
273,5,5,4,1422414
129,3,3,2,705718
209,5,4,4,1150798
282,6,5,4,1475115
72,1,1,0,374275
238,5,5,4,1287738
143,3,2,3,747879
144,3,3,2,741196
288,4,4,3,1445998
183,4,3,4,980475
152,2,2,1,743992
45,1,1,1,223803
154,3,3,2,827943
285,5,5,4,1486132
81,1,1,0,376342
101,1,1,1,467465
178,2,1,1,820595
213,4,4,4,1137341
76,1,1,0,389760
279,5,4,4,1406103
70,1,1,1,375040
130,2,2,1,656346
56,1,1,0,305090
246,5,5,4,1298598
269,6,5,4,1427874
120,3,3,2,640681
267,5,5,4,1409877
66,1,1,1,318472
290,5,4,4,1498712
150,3,3,3,806983
224,3,3,2,1070564
186,2,2,1,877564
267,4,4,3,1349785
125,3,2,2,668718
57,1,1,0,276459
175,3,3,2,885668
243,5,4,4,1299952
217,5,4,4,1195771
231,4,4,3,1205426
143,2,1,1,659324
55,1,1,0,268574
104,2,2,2,542213
223,5,4,4,1188762
294,4,4,4,1479409
228,3,3,3,1110420
121,3,2,2,626085
216,4,4,3,1139453
276,4,3,4,1374371
121,3,2,2,632587
230,4,4,3,1180337
57,1,1,0,270070
209,4,4,4,1112704
90,2,2,1,502625
246,5,4,4,1262509
164,3,3,3,885555
132,3,3,3,719130
171,4,4,4,950193
291,5,4,4,1498516
81,2,2,1,462895
183,4,3,4,990316
293,4,3,4,1461542
242,4,4,4,1228944
133,3,2,2,692295
291,6,5,4,1518607
254,4,3,3,1246345
219,4,4,4,1154495
167,2,2,1,786292
105,3,3,2,604565
207,5,4,4,1098115
182,3,2,2,879969
87,2,2,1,457369
270,4,3,4,1335106
160,4,4,4,893796
264,5,4,4,1345395
147,3,2,2,753597
204,4,3,3,1061177
65,1,1,1,354382
156,3,2,3,828855
242,3,3,3,1189999
233,4,3,4,1174223
102,2,2,2,545719
259,5,4,4,1358884
126,3,2,2,642089
108,1,1,0,471651
264,4,4,4,1368184
196,4,4,4,1055480
79,1,1,0,404439
76,1,1,1,374313
292,4,4,4,1434304
134,2,1,2,652821
119,2,1,2,625157
202,5,4,4,1075651
179,3,2,2,905677
198,4,3,3,1007309
261,5,4,4,1356491
219,4,4,3,1126422
89,2,2,2,468395
170,2,2,1,814391
140,4,3,3,779865
94,2,1,2,479623
112,3,3,2,639774
211,4,3,3,1103827
186,3,3,2,911664
50,2,1,1,319740
218,5,5,4,1211064
220,3,3,3,1068503
103,2,2,1,511266
261,5,4,4,1378482
97,3,3,3,588437
166,4,4,4,935984
263,4,3,3,1282980
234,3,3,3,1141954
137,1,1,0,631575
245,4,3,4,1240689
122,1,1,1,580141
261,5,5,4,1347040
194,5,5,4,1107637
211,4,4,3,1079027
256,6,5,4,1378487
132,3,3,2,684348
73,2,1,1,406707
161,3,2,3,853589
88,2,2,2,480132
133,1,1,1,592274
50,1,1,0,235031
56,1,1,1,278689
72,2,1,2,384383
98,3,2,2,531156
286,4,3,4,1422100
169,3,2,3,877909
83,2,1,1,440339
119,1,1,1,566167
118,2,1,2,591753
217,3,2,2,1035491
250,4,3,4,1274181
223,3,3,2,1098645
154,3,2,2,761409
180,2,1,1,817259
134,1,1,0,588551
296,5,5,4,1521215
249,4,4,4,1273714
194,5,5,4,1069568
172,3,2,2,883751
48,1,1,1,271676
132,2,1,1,638069
208,5,5,4,1119585
274,4,4,4,1396934
101,1,1,0,446725
164,3,2,2,823795
215,4,3,3,1094210
105,2,1,1,531575
275,5,5,4,1424351
112,3,2,3,625851
231,5,4,4,1211943
253,4,4,3,1277706
81,1,1,1,391375
62,1,1,0,278302
64,1,1,1,314545
283,4,4,4,1404152
203,4,3,4,1095552
54,1,1,1,258944
50,1,1,1,271918
50,2,2,2,347698
192,4,4,4,1067626
80,1,1,1,407493
212,4,3,4,1117894
136,3,2,3,707997
67,1,1,1,332413
170,2,2,2,804118
297,5,5,4,1542777
144,3,2,3,756875
179,2,2,1,878401
223,3,2,2,1056895
276,4,3,3,1369370
250,6,5,4,1324040
195,4,3,3,1025286
128,2,2,1,614730
205,5,5,4,1149099
220,4,3,3,1100522
289,4,3,4,1419577
281,5,4,4,1439219
198,3,3,3,1012943
193,4,3,4,1014974
191,3,3,2,962895
291,5,4,4,1462532
245,4,4,3,1258496
113,2,1,2,546509
118,3,3,2,656949
55,2,1,2,310868
179,3,3,2,908732
99,2,2,2,510352
107,1,1,0,481586
64,2,2,1,375216
65,1,1,1,320112
88,2,1,2,497124
102,2,1,1,511933
254,6,5,4,1345162
57,2,2,2,358948
103,2,1,2,513151
188,2,1,2,868703
244,4,3,3,1193823
292,4,4,3,1446470
67,1,1,0,308315
171,4,3,4,955262
157,3,2,2,822068
63,2,2,1,349686
203,3,2,2,1017544
81,2,2,1,433777
113,1,1,1,539339
274,5,5,4,1412830
182,3,3,2,915956
73,1,1,1,361425
185,3,3,3,967741
144,3,2,2,733034
82,1,1,1,380146
186,3,2,2,923157
227,4,4,4,1207087
285,4,3,4,1436566
299,6,5,4,1556880
270,5,4,4,1365664
53,1,1,1,257779
166,3,2,2,810243
129,2,1,1,635459
48,2,1,1,308871
244,5,4,4,1253388
142,3,2,2,737705
150,3,3,2,776556
176,3,2,3,924401
139,4,3,3,797357
274,5,4,4,1379297
294,6,5,4,1542992
256,6,5,4,1400361
167,3,2,2,824800
275,5,4,4,1435055
278,6,5,4,1492732
287,6,5,4,1526832
67,1,1,1,352033
171,3,3,3,868312
163,3,2,2,839665
300,6,5,4,1545630
88,3,2,2,539767
257,4,4,4,1316116
87,3,3,3,526260
284,4,4,4,1399373
177,3,2,2,899541
212,3,2,2,1047766
125,2,1,1,580981
117,3,3,3,666394
66,1,1,1,346665
283,5,4,4,1445823
259,5,4,4,1320277
112,2,1,2,568576
46,1,1,0,254402
114,3,2,3,635300
194,5,5,4,1096237
136,2,2,1,645552
193,5,4,4,1068668
282,6,5,4,1506818
162,3,3,2,867383
123,2,2,1,638245
260,6,5,4,1410773
69,1,1,0,304344
264,5,5,4,1368507
129,2,2,2,680563
241,3,3,3,1181029
172,2,1,2,811748
83,1,1,1,411015
108,3,2,2,572565
138,3,3,2,710912
233,5,4,4,1256971
92,1,1,0,438865
56,1,1,0,290552
242,4,4,4,1263896
247,3,3,2,1180008
236,3,3,2,1122155
200,3,2,3,991113
157,3,2,3,828821
290,5,5,4,1480664
171,4,4,3,964807
47,1,1,0,239510
84,3,3,3,518173
118,3,3,2,640367
259,5,4,4,1345399
107,2,1,2,526915
125,1,1,0,595004
194,5,4,4,1042355
232,5,4,4,1254931
296,5,5,4,1502657
144,2,2,1,730009
279,4,4,3,1394350
69,1,1,0,320858
127,2,2,1,631579
195,3,3,3,968597
255,4,3,4,1312417
104,3,2,3,590122
245,5,4,4,1262606
187,4,4,3,1029623
74,1,1,1,355949
97,3,2,2,564685
87,2,2,1,473213
130,3,3,2,681943
241,5,5,4,1278332
106,1,1,1,480375
152,3,2,2,807226
194,4,3,4,1038446
246,5,5,4,1329364
77,1,1,1,364385
87,2,1,2,477408
227,5,4,4,1220108
190,3,3,3,965721
134,3,2,2,695896
176,2,2,2,876209
45,1,1,0,214861
122,2,1,1,609544
227,4,3,3,1173034
174,2,1,2,807786
168,3,2,2,874173
109,2,1,1,561821
295,5,5,4,1498852
236,3,2,3,1129749
155,3,3,2,786741
78,1,1,1,362638
234,5,4,4,1263538
169,3,2,2,877920
152,3,3,2,772165
85,2,2,1,446499
247,4,4,3,1242561
50,2,2,1,303649
174,4,3,3,909865
295,5,5,4,1488578
180,2,2,2,900865
169,4,4,4,928664
193,5,4,4,1049696
49,1,1,1,283296
197,4,3,4,1050736
121,2,2,1,618186
139,2,2,2,693601
181,3,3,3,941087
187,3,3,2,921136
252,6,5,4,1343337
136,2,1,1,650856
109,3,3,2,604188
76,2,2,2,421241
220,3,2,2,1041546
176,4,4,3,944390
179,3,3,2,914504
221,4,4,3,1125923
226,3,3,3,1137096
168,2,1,1,801790
198,4,3,4,1017677
201,4,3,3,1068744
284,4,4,3,1384069
59,2,1,1,349203
91,3,3,3,542050
78,1,1,1,361240
209,4,3,4,1068441
209,4,3,3,1105503
242,3,3,3,1203085
294,4,4,3,1460461
127,2,1,1,636784
280,5,4,4,1410052
139,3,3,2,736507
216,5,4,4,1139508
208,3,3,3,1049639
158,2,2,1,742421
96,2,1,1,489707
89,2,2,1,445873
195,4,4,3,1012419
97,1,1,0,443803
283,4,4,3,1382719
70,1,1,0,333158
151,3,2,3,787908
291,6,5,4,1514873
166,2,2,1,797525
174,3,2,2,863808
106,3,2,3,588097
113,3,3,2,616225
67,1,1,1,349622
213,3,2,2,1011550
298,6,5,4,1551496
276,5,5,4,1445966
180,2,1,1,832983
157,3,3,3,859840
214,3,3,3,1065041
64,1,1,1,340281
141,3,2,3,771674
158,2,1,2,782778
88,1,1,0,432980
244,4,4,4,1274161
294,4,3,3,1458524
142,2,2,2,738839
152,2,2,2,738470
151,2,1,2,725345
104,2,2,2,528758
299,5,4,4,1532542
260,6,5,4,1373296
102,1,1,0,469513
284,5,5,4,1491368
78,1,1,1,395911
217,5,5,4,1161521
78,2,1,2,399983
275,5,5,4,1430626
113,2,1,2,601410
290,4,3,4,1431043
140,2,1,2,672755
160,3,3,3,840784
162,2,1,1,774383
211,3,3,3,1063325
240,4,4,3,1222922
275,5,4,4,1431882
218,4,4,3,1116313
115,3,2,3,639811
49,1,1,0,234445
72,1,1,1,334723
145,2,1,1,690924
149,3,3,3,776280
202,4,3,3,1046066
283,5,5,4,1435222
107,1,1,1,480243
213,3,3,2,1068321
110,2,2,2,593775
175,3,3,2,902892
290,5,5,4,1516493
71,1,1,0,368452
214,4,4,4,1153745
218,3,3,2,1085374
294,5,4,4,1465274
258,6,5,4,1398940
54,1,1,1,262715
290,5,5,4,1519726
146,2,2,2,743032
202,4,3,4,1036320
286,5,5,4,1452864
96,2,1,2,497845
69,1,1,0,308348
128,2,2,1,659578
262,5,4,4,1336401
98,1,1,0,429836
239,4,4,3,1209602
120,3,2,2,656690
279,5,5,4,1476569
198,5,5,4,1103018
250,5,4,4,1290599
239,4,4,3,1215169
214,4,4,4,1151166
247,4,4,3,1247002
183,3,2,2,912446
226,5,4,4,1211029
150,4,3,3,801424
260,4,4,3,1334423
71,2,1,1,365900
223,5,4,4,1206468
240,4,4,4,1251432
97,2,1,2,533982
192,2,1,1,885706
179,3,3,3,912862
149,3,3,2,812452
286,5,4,4,1473810
260,4,3,3,1271045
165,3,2,2,813121
140,2,2,2,675357
190,3,3,2,937679
177,3,3,3,936204
284,4,4,4,1446774
180,2,1,2,883607
202,4,3,3,1032137
186,4,3,4,1006080
191,3,2,3,984653
178,3,3,2,916461
282,6,5,4,1477644
181,2,1,2,852108
239,4,3,4,1217213
181,4,3,4,994332
240,4,3,3,1200674
214,3,2,2,1022864
168,3,2,3,833720
196,4,3,4,1056140
185,3,3,2,919570
206,5,4,4,1142954
99,3,2,3,543247
279,5,4,4,1425187
89,2,2,2,484520
224,4,4,4,1170778
92,3,3,2,517128
256,5,5,4,1373615
129,3,2,2,674097
188,3,2,3,954352
248,5,5,4,1344236
207,5,5,4,1149440
220,3,3,3,1082097
164,4,4,3,888333
74,2,1,2,399778
209,4,4,3,1112875
237,5,4,4,1261356
193,4,3,4,1019754
93,3,3,2,567498
285,5,5,4,1444482
141,2,2,1,666871
174,3,2,2,879082
288,4,4,3,1399533
188,3,2,2,912231
292,5,5,4,1526736
219,5,4,4,1190266
187,2,2,2,876480
221,5,5,4,1176469
256,6,5,4,1388695
231,3,3,3,1171770
282,6,5,4,1463981
252,5,4,4,1311060
226,4,3,3,1148354
221,4,3,3,1105611
130,2,1,2,658584
185,2,2,2,873190
228,3,2,2,1076939
96,2,1,1,467106
50,1,1,0,266150
237,3,2,3,1176588
126,2,2,1,612303
266,5,4,4,1348183
220,3,3,3,1101978
275,6,5,4,1441902
216,3,3,2,1048655
154,4,3,4,857135
278,5,4,4,1406696
47,1,1,0,257322
224,5,4,4,1204199
140,2,2,2,676483
98,3,3,3,557144
235,4,3,4,1183795
259,5,4,4,1315763
130,2,2,2,662724
245,3,2,3,1160974
246,5,4,4,1271479
279,6,5,4,1463544
126,1,1,1,568264
165,3,3,3,875801
54,2,2,1,333127
221,4,3,3,1119162
211,4,3,4,1070835
241,5,5,4,1312901
265,6,5,4,1388010
58,1,1,0,311910
97,3,2,2,527936
249,6,5,4,1334538
196,3,2,3,960720
202,4,3,4,1051381
194,4,3,4,1052916
45,1,1,1,232623
206,4,3,3,1062950
82,1,1,1,391099
132,2,2,2,667283
249,5,4,4,1329553
119,1,1,0,515703
152,4,4,3,873890
181,4,4,3,1000542
165,3,2,2,804528
166,3,3,3,868401
71,1,1,1,374551
94,2,2,2,486708
48,1,1,0,223069
71,1,1,1,352354
156,3,3,2,790276
167,4,4,4,905925
58,1,1,0,291630
244,4,3,3,1193810
238,4,3,4,1235263
132,2,2,1,682808
298,5,4,4,1505771
58,2,2,2,340519
103,1,1,1,493371
290,5,4,4,1475608
164,3,3,3,846020
214,4,4,3,1126160
235,5,4,4,1267972
78,2,1,2,398426
105,3,3,2,614960
213,4,4,3,1117893
107,2,2,1,541160
89,2,1,2,458729
267,4,3,3,1297696
188,2,2,1,878144
254,4,4,3,1290931
136,1,1,1,654897
294,6,5,4,1552425
161,3,3,2,836254
204,3,3,3,1037815
118,2,2,1,625982
88,1,1,1,414570
279,6,5,4,1451801
252,5,5,4,1347462
177,3,2,3,918878
139,3,2,2,721475
299,5,5,4,1555119
209,3,2,3,1036769
104,1,1,0,495861
252,6,5,4,1362265
81,1,1,1,397577
143,3,3,3,747751
97,2,2,2,528552
89,1,1,1,406612
110,2,1,1,519491
54,1,1,1,304749
231,4,3,3,1196054
77,1,1,1,398094
217,4,3,3,1120366
272,6,5,4,1434576
255,6,5,4,1345289
122,2,1,2,624849
249,5,4,4,1326487
288,4,3,4,1402249
55,1,1,0,244774
255,5,5,4,1372319
277,5,4,4,1409131
105,1,1,0,506049
114,2,2,2,620454
167,3,2,3,848166
286,4,4,3,1408594
168,3,3,2,871464
252,4,4,3,1281860
99,3,2,2,541857
237,3,2,2,1160799
232,4,3,4,1213447
279,5,4,4,1440218
140,2,1,1,647034
229,4,4,4,1187523
161,3,3,2,823674
291,5,5,4,1498140
188,3,2,3,929595
68,1,1,0,299890
123,2,2,1,607961
135,2,1,2,692942
289,6,5,4,1511971
52,2,1,1,305200
283,5,5,4,1452096
98,3,3,3,568486
135,1,1,1,618493
170,2,2,1,834816
105,2,1,2,534536
151,3,3,3,833875
176,4,4,3,942726
100,2,2,1,530839
88,2,1,2,440075
273,6,5,4,1473073
50,2,1,2,302004
232,3,3,3,1174512
242,4,4,3,1208394
237,4,3,4,1201947
259,5,5,4,1333402
238,5,5,4,1255229
217,4,3,3,1132358
104,1,1,0,453760
63,1,1,0,292778
76,1,1,1,374727
250,4,3,4,1255645
228,4,3,3,1157351
97,3,3,3,607587
220,4,3,4,1159191
80,2,1,2,433506
208,3,3,3,1031976
91,2,1,2,453414
189,3,3,3,937929
259,5,4,4,1364994
177,3,3,2,906047
241,5,5,4,1268312
242,4,4,4,1219990
148,4,4,4,836994
105,3,2,3,582515
106,3,2,3,571439
208,5,4,4,1126736
145,3,2,2,772887
137,1,1,0,643395
244,3,3,2,1188897
119,2,2,1,581688
230,3,3,3,1154877
238,5,5,4,1287879
231,3,3,2,1122086
176,4,3,4,928930
147,3,2,2,775415
298,4,4,4,1467568
299,4,3,4,1453291
137,3,3,2,728783
115,2,1,1,545053
132,1,1,1,589034
134,2,1,1,640223
186,2,2,2,895080
247,4,4,3,1241570
74,1,1,0,333867
112,2,1,2,551401
218,4,4,3,1103771
173,3,3,2,860205
178,2,1,2,860645
82,1,1,0,382123
260,6,5,4,1389072
60,2,1,1,347320
262,5,4,4,1373889
257,6,5,4,1362529
289,5,5,4,1462100
75,1,1,1,358745
68,1,1,0,333686
161,2,1,2,803814
248,4,4,4,1300099
297,6,5,4,1518870
179,2,2,2,877021
50,1,1,0,277287
121,3,3,3,670707
171,4,4,4,959365
213,4,4,3,1092240
224,5,4,4,1223306
122,3,2,3,668941
222,5,5,4,1223167
52,2,1,2,313229
295,5,5,4,1496569
153,4,4,4,867333
191,3,3,3,983335
277,4,3,3,1358256
287,5,4,4,1454762
99,1,1,1,462889
121,3,3,3,696909
151,2,2,2,778257
110,3,2,3,628483
209,3,2,3,1033720
87,2,1,1,429733
164,2,2,2,782756
69,1,1,0,344329
197,3,3,3,985669
93,2,2,1,480180
217,3,3,2,1093714
94,2,1,1,504812
64,2,2,2,376763
206,4,4,3,1108752
129,2,2,1,652669
122,1,1,1,585569
87,1,1,0,414563
87,2,2,1,486912
261,5,4,4,1336210
263,6,5,4,1390367
58,2,1,1,351484
50,1,1,1,267441
92,1,1,1,421775
103,1,1,1,519933
282,5,4,4,1465296
58,1,1,0,287125
187,3,2,3,949771
208,3,2,2,1010805
210,3,3,2,1016917
118,2,2,2,581795
182,3,3,3,945806
295,5,4,4,1486583
47,2,1,1,257183
128,1,1,1,582248
98,2,2,2,516660
171,4,4,3,948687
177,3,3,3,906473
104,2,1,2,560880
143,4,4,3,813370
295,5,5,4,1506506
264,4,3,3,1330193
60,2,1,2,356827
156,3,2,3,801822
293,5,5,4,1477740
248,6,5,4,1320142
53,2,2,2,347840
133,2,2,1,675931
282,4,4,4,1396586
197,4,3,4,1029645
178,3,2,3,906701
71,1,1,1,356972
144,2,2,1,690547
78,1,1,1,383342
293,5,4,4,1460215
61,1,1,0,273106
240,5,5,4,1266167
183,3,3,3,958875
275,5,5,4,1428814
79,2,1,2,447682
204,5,4,4,1113405
295,5,4,4,1503545
278,5,5,4,1426004
110,1,1,0,499760
119,2,1,2,601830
93,1,1,1,451216
280,6,5,4,1497945
248,5,4,4,1321609
48,2,2,2,307473
114,2,1,1,539160
143,2,2,1,686034
135,2,2,2,657415
106,3,2,2,581791
182,3,2,3,947299
232,5,5,4,1240468
294,5,5,4,1508960
46,1,1,1,259404
166,3,3,2,884487
277,5,5,4,1465005
114,1,1,0,550284
265,5,5,4,1374966
277,5,4,4,1409516
64,1,1,0,333875
143,2,1,1,675690
115,2,2,1,565113
116,3,3,2,651795
251,6,5,4,1342190
155,4,4,3,882373
131,2,1,2,651542
266,5,4,4,1362475
147,3,2,3,771339
153,2,2,1,714453
290,4,4,4,1465804
189,3,2,2,937838
234,4,4,4,1227672
201,3,2,3,988546
195,3,3,3,979622
81,1,1,1,372222
78,2,2,1,456663
48,1,1,0,231294
139,3,2,2,709250
228,4,3,4,1146603
107,1,1,1,497063
266,5,4,4,1399983
284,5,4,4,1441131
71,2,2,2,405993
252,5,5,4,1348650
126,2,1,1,633992
124,3,3,2,654249
224,3,3,3,1137130
132,2,1,1,639614
245,5,4,4,1309668
80,1,1,0,382127
293,4,4,4,1444729
146,4,3,4,823499
118,1,1,0,517036
62,1,1,1,312655
167,2,2,1,814055
204,5,4,4,1131663
104,2,2,2,522875
66,2,2,2,394861
91,1,1,0,420940
174,3,2,2,866490
295,5,4,4,1470802
141,3,2,3,758331
48,1,1,1,284312
147,4,4,4,849686
73,1,1,0,336631
134,2,1,2,675696
72,2,1,2,406499
256,5,4,4,1356176
251,6,5,4,1325553
189,3,2,2,933022
70,1,1,1,364683
237,4,4,3,1194546
260,5,4,4,1374746
92,2,2,1,511182
78,1,1,0,385601
154,2,1,1,747449
253,5,5,4,1365812
231,4,4,3,1212925
76,1,1,0,346785
73,1,1,0,331392
106,3,2,3,586276
160,3,2,3,839016
98,3,3,2,556035
79,2,1,2,402055
116,2,2,2,616068
84,1,1,0,407660
251,4,4,3,1255300
63,1,1,1,296180
262,6,5,4,1375068
243,3,3,2,1186841
111,2,1,1,575287
274,5,5,4,1397515
282,4,3,4,1410037
81,1,1,1,400927
69,1,1,0,327649
245,4,4,3,1236361
135,2,2,1,643465
112,3,3,2,606763
238,5,5,4,1284426
198,4,4,3,1051567
198,3,2,3,997439
55,2,2,1,312634
254,5,5,4,1352722
248,5,4,4,1282294
205,3,3,3,1057248
194,5,5,4,1067906
137,2,2,1,657472
129,2,2,1,644887
212,4,3,4,1086803
156,4,3,3,839273
111,2,1,1,531738
184,3,3,2,959092
191,2,2,2,916725
204,5,5,4,1156792
173,4,4,4,939178
233,5,4,4,1229353
291,5,5,4,1470872
220,5,4,4,1183079
54,2,1,1,333709
136,2,1,2,696249
97,2,1,2,509674
271,6,5,4,1413206
127,2,2,1,642751
142,3,3,2,782734
282,5,5,4,1457758
113,2,1,1,570997
145,2,1,2,734326
144,4,4,3,794716
183,3,2,2,926817
91,2,2,1,508147
97,2,2,2,550463
218,5,5,4,1206577
95,1,1,0,434021
222,5,4,4,1177439
192,2,1,1,915508
157,2,1,1,733616
121,2,2,2,619308
279,4,4,3,1397534
198,3,3,3,1021488
247,4,4,3,1256773
107,2,2,1,552335
234,4,3,4,1193041
103,3,2,3,575251
168,3,2,3,878507
139,3,3,2,723397
228,5,4,4,1223586
296,5,5,4,1545086
115,3,2,3,639399
152,2,2,2,745386
62,1,1,1,313244
250,4,3,4,1251629
229,4,4,3,1161386
277,4,4,4,1407499
54,1,1,1,293425
228,4,4,3,1190681
49,1,1,0,236412
59,2,2,1,353370
48,1,1,0,222349
166,4,3,4,903416
210,5,5,4,1163301
152,3,3,2,770104
51,1,1,0,259168
75,2,1,2,440905
97,3,2,3,549216
195,5,5,4,1072626
290,5,5,4,1520008
119,2,2,1,574643
289,6,5,4,1517526
248,4,4,4,1253466
271,4,3,4,1332833
215,4,4,3,1098331
86,1,1,1,437359
134,3,2,2,713023
57,2,1,1,303881
74,1,1,1,378336
239,5,4,4,1243974
71,1,1,1,353566
72,2,2,2,424250
151,3,3,2,808207
195,4,3,3,1038555
103,3,2,3,612890
70,1,1,1,377166
155,4,4,4,880862
122,2,1,1,584329
179,2,1,2,837379
175,3,3,2,912142
97,2,1,2,495846
134,2,2,2,682891
84,3,3,3,514102
118,3,2,3,657746
92,2,1,2,479119
224,4,4,4,1153413
188,3,3,3,981737
257,5,5,4,1345484
62,2,2,2,396891
263,6,5,4,1389988
143,3,2,3,748521
285,5,4,4,1473564
95,3,2,3,564654
63,1,1,0,288304
64,2,2,2,356441
58,1,1,1,293207
50,1,1,0,265167
187,3,3,3,985411
191,3,2,3,946673
257,6,5,4,1351376
175,3,3,2,883820
136,3,3,2,710981
179,2,1,2,869360
255,5,4,4,1299703
224,3,2,2,1070556
279,4,4,4,1404569
157,3,2,3,843125
203,4,4,4,1096444
72,1,1,1,345396
202,5,4,4,1132946
230,5,4,4,1194938
146,2,2,1,697665
220,4,4,3,1130702
99,1,1,1,481421
256,4,3,3,1267644
152,4,4,3,845909
195,4,4,3,1007507
250,5,4,4,1287361
102,1,1,1,493947
212,3,3,3,1045208
133,2,2,2,661551
144,4,3,4,832124
216,3,3,2,1090863
128,2,1,1,613855
111,2,2,1,560182
205,5,4,4,1141680
247,3,2,3,1196467
288,6,5,4,1488892
238,5,5,4,1272917
298,4,4,4,1510763
137,2,1,1,645501
273,5,5,4,1391810
58,2,1,1,330134
161,3,3,3,853452
294,6,5,4,1526173
246,4,4,3,1254907
255,4,4,3,1271638
247,3,2,3,1170451
138,4,4,3,781365
292,4,3,3,1431152
73,2,2,2,406432
152,4,3,3,848614
206,3,3,2,1031807
184,4,4,4,1008953
158,2,1,1,743363
243,3,3,3,1208610
49,1,1,1,235722
250,4,4,3,1253473
285,5,4,4,1424187
75,1,1,1,352572
145,3,3,3,786490
145,2,2,2,714544
109,3,3,2,605482
129,2,1,1,625402
168,4,4,4,959897
189,4,4,4,1001901
72,1,1,0,361569
55,2,1,1,327708
224,5,5,4,1241377
149,3,2,2,743393
147,3,2,2,763807
236,4,4,4,1211463
256,6,5,4,1351572
197,3,2,3,954277
183,4,4,3,972995
207,4,4,4,1123312
49,2,2,1,320972
91,2,2,1,485244
125,2,1,2,618017
95,2,1,1,482458
214,5,5,4,1151134
207,3,3,2,1058350
118,3,2,2,655347
298,5,5,4,1555893
275,5,5,4,1441740
250,4,3,3,1265032
77,1,1,1,381729
141,4,4,3,834386
158,3,2,3,842194
239,4,4,4,1207953
225,4,4,4,1175356
161,3,2,2,827211
297,5,5,4,1518235
237,4,4,3,1230795
89,1,1,1,455589
232,4,4,3,1204999
296,4,3,4,1430041
188,2,2,1,916877
105,1,1,0,480291
121,2,2,2,628285
199,4,4,3,1073689
69,1,1,0,334653
53,2,1,1,324854
295,6,5,4,1510501
294,5,4,4,1497973
235,4,3,3,1177410
284,5,5,4,1477774
119,2,1,2,590181
46,2,1,1,260695
64,1,1,1,343435
168,3,2,3,886093
97,1,1,1,465377
277,5,4,4,1418623
92,3,3,3,539513
263,5,5,4,1404085
225,5,4,4,1175352
130,3,2,2,692367
144,3,2,3,755390
74,1,1,1,373131
110,3,3,2,644595
216,4,3,4,1096365
272,5,5,4,1416211
259,5,4,4,1355874
292,5,5,4,1521063
90,1,1,0,407187
286,5,4,4,1440795
115,3,3,3,657651
215,4,4,3,1104156
165,3,2,3,820035
129,2,1,2,615474
69,1,1,1,357574
91,2,1,2,483589
253,4,4,4,1310409
277,4,3,3,1368125
135,2,2,1,661969
231,3,3,3,1138637
256,5,4,4,1342186
211,4,4,3,1115589
78,2,2,2,422492
262,4,4,3,1304944
202,5,4,4,1112975
115,1,1,0,553899
156,2,2,1,745513
139,2,1,1,655239
185,2,1,1,848193
266,5,4,4,1391917
264,4,4,4,1363569
166,3,2,3,861868
143,4,4,3,813794
73,1,1,1,372574
143,4,4,3,798251
68,1,1,1,365760
285,6,5,4,1523451
102,3,2,2,595945
216,4,3,3,1078324
226,4,4,4,1208957
285,4,3,4,1417085
238,4,3,3,1195012
112,2,1,1,569898
98,2,1,2,526806
79,2,1,1,434546
201,4,3,3,1056230
120,2,1,1,561645
161,2,2,1,775933
82,1,1,0,360114
209,4,4,4,1095376
299,6,5,4,1553261
119,2,1,2,570974
233,5,4,4,1222893
161,3,2,3,853715
193,4,4,3,1005111
117,3,2,2,611234
149,4,3,4,862591
117,1,1,1,529790
95,2,1,2,496345
51,2,2,1,310256
92,1,1,0,426037
190,3,3,3,976790
49,1,1,1,292530
147,4,4,3,830586
259,5,5,4,1363575
169,3,3,3,904330
119,2,2,1,601012
148,2,1,1,682840
96,2,1,2,494831
226,4,3,4,1150137
145,3,2,3,764377
199,4,3,4,1059941
239,3,3,2,1139718
295,6,5,4,1550434
237,5,5,4,1278166
228,5,4,4,1227136
236,5,4,4,1253371
263,5,4,4,1348995
288,5,5,4,1506622
108,2,1,1,526764
98,2,1,2,508602
72,1,1,1,342410
45,2,1,2,294489
144,4,4,4,838634
63,2,2,1,381435
293,6,5,4,1512345
221,3,3,3,1076149
112,2,1,2,553882
134,2,2,2,657748
65,2,2,1,384977
202,3,2,3,1017838
238,4,4,3,1193937
216,4,3,3,1108571
178,2,2,2,880181
300,6,5,4,1576000
140,4,3,3,778840
116,2,2,1,595655
187,2,1,1,877445
273,5,4,4,1395888
80,1,1,1,407878
125,1,1,0,540058
117,1,1,0,556565
280,4,4,3,1414717
241,5,4,4,1262874
87,2,2,2,479256
267,6,5,4,1430555
137,2,1,1,639067
105,1,1,0,462000
278,5,5,4,1426533
289,6,5,4,1526205
292,5,4,4,1465728
98,2,2,2,506681
101,2,1,2,510520
174,2,2,2,825975
206,3,2,2,1021634
139,3,3,2,765377
120,2,2,2,616811
167,3,3,3,845657
116,3,2,2,632799
183,2,1,1,880646
117,2,2,1,563746
114,1,1,1,554506
219,4,4,4,1163191
48,1,1,0,262525
269,5,5,4,1427747
134,2,1,2,668240
226,4,4,4,1198387
174,3,2,2,893492
178,2,2,2,884268
65,1,1,1,304862
80,1,1,0,396763
216,5,4,4,1142803
294,6,5,4,1535384
243,3,2,3,1166669
74,1,1,1,352019
138,3,2,2,697060
140,4,3,4,819271
215,4,3,4,1130823
123,2,1,1,585814
82,2,2,1,450161
88,2,1,2,496161
61,2,1,2,326770
94,1,1,0,459037
300,4,3,3,1465221
273,6,5,4,1439217
182,3,3,3,949446
291,5,4,4,1504773
63,1,1,0,284635
154,3,2,3,815499
295,4,3,3,1440082
45,1,1,1,232567
61,1,1,0,299334
168,3,2,2,876330
224,5,4,4,1189895
115,2,2,2,584726
159,4,4,4,869869
283,6,5,4,1470662
207,3,2,2,1010456
100,3,3,2,567472
113,3,3,2,655907
121,2,2,1,607681
164,3,2,3,850234
206,5,4,4,1148718
117,2,2,2,588144
262,4,3,3,1296595
88,3,2,2,516737
140,3,2,3,744117
80,2,2,1,459174
141,3,3,2,765931
93,3,2,3,517558
73,2,2,2,399110
282,5,5,4,1451599
126,2,1,2,626610
287,6,5,4,1511287
100,1,1,0,452284
56,1,1,0,300036
201,5,4,4,1094025
47,1,1,0,252736
159,3,3,3,870926
230,4,3,4,1175689
114,2,1,2,553837
268,5,4,4,1411347
105,2,2,1,563792
245,5,4,4,1306361
161,3,2,2,812191
81,1,1,1,405856
296,5,4,4,1479979
197,4,4,4,1048419
180,4,4,3,989080
295,4,3,3,1458553
292,5,5,4,1520891
150,3,2,2,777816
117,3,2,2,652765
263,4,4,3,1298036
132,1,1,1,620630
213,4,3,3,1123441
213,3,2,2,1044526
82,1,1,0,407192
114,3,3,3,646261
46,1,1,0,245883
153,2,2,1,736257
275,5,5,4,1409227
216,4,3,4,1105209
265,5,5,4,1410110
253,6,5,4,1335487
208,5,4,4,1122247
81,1,1,0,368210
121,2,1,2,581218
277,5,4,4,1421065
299,5,4,4,1512487
174,2,1,1,803809
297,4,3,4,1486309
287,4,4,4,1439342
227,3,3,3,1123128
270,4,3,4,1351473
164,3,2,2,803223
90,2,2,1,503166
170,4,3,3,941650
159,3,2,3,839233
98,2,2,1,500280
185,3,2,2,903241
58,1,1,0,311868
284,5,5,4,1492001
268,5,4,4,1410832
275,5,4,4,1433057
139,3,2,2,706665
229,3,2,3,1135533
180,2,1,2,856275
220,3,2,3,1072738
251,4,3,3,1275406
170,3,2,3,874384
55,1,1,1,310939
243,4,3,4,1259562
149,4,3,3,852954
218,3,2,3,1046803
74,1,1,1,395875
248,5,4,4,1307172
199,4,3,4,1042698
280,5,4,4,1425433
197,4,4,4,1037643
274,6,5,4,1446884
128,3,3,2,693566
136,3,2,3,749282
205,3,2,3,997817
153,3,3,3,833653
199,5,4,4,1110634
186,3,3,2,929967
253,5,4,4,1303126
51,1,1,1,259707
232,4,4,4,1226965
181,2,1,1,864669
260,5,4,4,1321473
165,3,3,2,865892
243,4,4,3,1210950
184,4,3,3,951751
147,4,4,4,828868
274,4,4,3,1384371
119,1,1,1,529014
160,4,3,3,877728
131,2,2,1,672387
189,2,1,1,879978
259,4,3,4,1303666
211,5,5,4,1147278
261,5,5,4,1372810
86,2,1,1,466294
146,2,1,2,694759
148,3,3,2,790858
131,3,3,3,696887
163,4,3,4,915095
203,4,4,4,1091335
77,2,2,1,430579
169,3,2,3,845118
221,3,3,2,1099827
289,5,4,4,1480422
198,4,4,4,1039443
46,1,1,1,270644
48,1,1,0,254105
129,2,1,1,639701
96,1,1,1,442291
214,3,2,2,1033316
297,5,4,4,1483096
54,1,1,1,258497
181,4,4,4,992426
187,4,3,4,1008504
279,5,4,4,1449801
140,3,3,2,776933
227,4,4,3,1145512
120,2,2,2,634200
138,3,2,2,697018
60,1,1,1,326095
265,4,4,4,1336359
185,4,3,3,996411
66,1,1,0,331710
265,5,4,4,1344496
118,1,1,1,542906
262,4,3,3,1309292
235,4,3,4,1173792
297,5,4,4,1497602
125,3,3,2,684824
88,2,1,2,449977
120,2,2,2,603126
134,3,2,2,683311
271,5,4,4,1408834
130,1,1,1,585081
152,2,1,2,718131
206,5,5,4,1166863
57,1,1,0,289151
192,2,2,1,897242
273,4,3,3,1333575
197,5,4,4,1065182
153,3,3,2,773899
138,3,2,2,695146
142,3,2,3,728875
70,2,2,1,423098
73,1,1,1,376012
74,1,1,1,398080
120,3,3,3,691936
120,2,2,2,632395
127,2,1,2,622229
242,4,4,4,1276898
172,3,2,2,877619
274,5,5,4,1442359
110,2,2,2,599263
300,4,4,3,1487223
62,1,1,1,339572
88,3,3,2,510234
130,1,1,0,573659
242,5,5,4,1268889
159,3,2,2,791571
75,1,1,0,374536
153,4,3,4,849657
186,3,3,2,946988
106,2,2,2,536455
73,2,2,1,405285
222,5,5,4,1225900
145,3,2,3,741719
117,2,2,2,626439
145,3,3,2,776097
227,3,3,3,1097896
107,2,2,1,561075
118,2,2,1,618537
66,1,1,1,356676
180,3,2,2,902522
137,2,2,2,671113
291,6,5,4,1521202
145,3,2,2,759609
206,4,4,3,1106726
181,3,2,2,894406
86,2,1,1,454418
240,3,2,2,1130383
128,1,1,1,568137
276,4,3,4,1392713
75,1,1,0,375762
195,4,3,4,1010373
122,2,1,2,633339
61,2,2,1,344989
152,4,3,4,842132
84,3,2,3,483788
298,6,5,4,1546938
299,4,4,4,1465773
265,6,5,4,1439269
48,1,1,0,269159
108,2,2,2,589509
140,3,2,3,753322
295,5,5,4,1503924
83,3,2,2,467265
86,2,2,1,488961
198,4,4,3,1054835
211,4,4,3,1102057
83,2,1,2,432094
150,3,3,2,814112
269,6,5,4,1406048
208,3,2,3,1006008
229,3,3,2,1105610
231,3,3,2,1153880
281,4,4,4,1426176
157,2,1,2,727530
156,3,2,2,811919
87,3,2,3,515170
68,1,1,1,326241
151,4,3,4,867759
230,3,2,3,1122650
85,2,1,1,431765
241,4,4,4,1222321
251,4,3,4,1270711
111,2,2,1,543090
260,4,4,4,1300789
97,2,1,2,534426
116,1,1,1,519116
264,5,5,4,1413461
132,2,1,1,663149
286,5,4,4,1462346
227,3,3,3,1111788
266,5,5,4,1420078
281,6,5,4,1505842
232,3,3,3,1177586
110,1,1,1,520744
135,3,2,2,707276
129,2,1,1,629697
136,2,2,2,696985
54,2,1,2,314366
54,1,1,1,313292
200,5,4,4,1105153
202,4,4,3,1038661
125,3,3,2,666179
132,1,1,0,621242
146,3,3,2,760811
220,5,5,4,1194274
258,5,4,4,1312558
227,5,4,4,1209904
111,2,2,1,570065
273,6,5,4,1446964
69,1,1,0,307487
157,2,1,1,736901
59,1,1,0,270830
235,4,3,3,1182475
264,5,4,4,1386743
244,5,4,4,1290293
209,3,3,3,1074162
114,3,3,2,665470
274,4,3,4,1336659
207,5,4,4,1117292
185,3,3,3,973173
166,3,3,2,832735
121,1,1,0,541447
110,2,1,2,545239
113,2,2,2,613698
75,1,1,1,365182
95,3,2,3,574919
171,2,2,1,795706
193,3,2,3,943930
118,2,2,2,603587
88,2,2,1,445373
151,3,3,3,821952
216,4,4,4,1157807
169,3,3,2,865297
271,4,3,3,1351223
59,1,1,1,305590
48,1,1,1,258834
67,1,1,1,324283
88,2,1,1,479092
161,3,2,3,814785
58,1,1,1,288883
80,2,2,1,409025
257,5,5,4,1361381
122,2,1,1,589457
98,3,3,2,591658
250,4,4,4,1281634
235,4,4,4,1224571
142,4,4,3,825234
211,4,3,4,1081552
120,1,1,0,563632
230,4,4,4,1224957
113,2,2,2,587333
75,1,1,0,336880
86,1,1,1,443773
122,1,1,1,557876
166,2,2,1,818662
299,6,5,4,1575991
50,1,1,0,252832
181,3,2,3,943534
83,2,2,2,441020
211,4,4,3,1127525
107,3,3,3,629239
266,6,5,4,1440942
235,4,4,3,1203974
60,1,1,1,307406
241,4,3,4,1217534
120,3,2,2,621385
55,1,1,0,295489
299,6,5,4,1533530
223,3,2,3,1083833
251,5,4,4,1295936
96,3,3,2,578737
162,4,3,4,920184
229,5,4,4,1197564
166,4,3,4,940270
54,2,2,1,307494
167,3,3,3,860410
200,4,3,4,1060033
221,4,3,3,1109995
235,4,3,4,1222311
83,2,1,2,459803
252,4,3,4,1293868
82,1,1,0,370139
136,2,1,2,661656
287,5,4,4,1433241
123,1,1,1,556068
180,2,2,1,869211
58,1,1,1,304278
214,3,3,2,1057496
69,1,1,0,337111
107,2,2,1,578680
95,2,1,1,509013
186,4,4,4,1005303
203,4,3,3,1036377
237,5,4,4,1267983
210,3,2,2,1045907
69,1,1,0,326451
91,1,1,0,454890
124,2,1,1,621775
69,1,1,0,338851
219,5,5,4,1210204
60,2,2,1,363944
230,4,3,3,1162141
58,1,1,1,322362
292,5,5,4,1518357
137,1,1,1,646358
163,4,3,3,881392
215,5,5,4,1153269
283,4,4,4,1422659
227,3,3,2,1114168
142,4,4,3,806501
181,4,3,3,969736
66,1,1,1,364182
188,3,2,3,945131
280,6,5,4,1501016
287,4,3,3,1401360
250,6,5,4,1346539
55,2,1,2,320728
123,3,3,3,692379
215,4,3,4,1123820
289,4,3,3,1432067
97,1,1,0,439357
291,4,4,4,1432462
266,5,4,4,1375369
202,3,2,3,1005619
87,1,1,1,420712
195,4,4,4,1030325
230,4,3,3,1141639
167,3,3,2,879308
88,3,2,3,502726
269,4,4,3,1320247
135,1,1,0,580452
167,2,2,1,831581
300,5,5,4,1523236
83,3,2,2,481705
282,5,5,4,1435558
50,1,1,0,262126
155,4,3,3,832270
152,3,2,2,797145
249,5,5,4,1315164
188,2,2,1,864907
83,2,1,2,433317
258,5,5,4,1337028
198,4,3,4,1028870
133,1,1,1,604463
180,3,3,3,917016
255,4,4,3,1271576
194,5,5,4,1091393
55,1,1,1,293293
197,5,4,4,1102906
111,2,1,2,588480
153,4,4,4,850571
142,2,1,1,700029
113,2,1,1,567909
265,5,5,4,1401765
232,4,4,4,1205441
101,2,2,2,554602
287,4,3,4,1446149
240,5,5,4,1262182
182,2,1,1,865611
95,3,3,2,575378
48,1,1,1,275821
162,2,1,2,762882
63,2,1,2,345873
75,2,2,2,455092
47,2,2,2,304403
154,4,3,4,831779
53,1,1,1,288636
160,4,4,3,884582
139,3,3,2,772353
243,4,4,4,1279402
259,5,5,4,1379667
265,5,5,4,1404482
183,2,1,1,870313
250,4,3,3,1221349
264,4,3,3,1329380
97,1,1,0,436552
292,6,5,4,1517365
121,3,2,3,639564
161,2,2,2,780798
115,1,1,1,514247
151,2,2,2,734721
97,1,1,0,443571
235,5,4,4,1249306
225,4,3,4,1172292
57,2,1,2,340555
256,4,3,4,1295859
156,4,4,3,884912
198,3,2,2,946341
58,1,1,0,277517
97,3,2,2,554379
244,3,3,3,1222164
73,2,2,1,396967
65,1,1,0,306209
247,4,4,3,1270793
199,3,3,3,994011
45,1,1,1,247521
180,3,3,2,895007
268,5,5,4,1423784
67,1,1,0,310138
119,2,1,2,607241
203,4,4,3,1056240
121,2,2,2,637667
88,2,2,1,442712
132,3,3,3,724474
155,4,4,4,853980
129,3,2,3,706224
121,1,1,0,573086
101,3,3,3,605613
213,4,4,3,1134560
166,3,2,3,838555
216,3,2,3,1058816
233,4,3,3,1170645
176,3,3,2,927536
210,3,2,2,1040255
295,4,3,3,1409927
289,5,4,4,1449619
64,1,1,0,300486
263,5,5,4,1370710
142,4,4,3,806153
195,5,4,4,1059054
133,1,1,0,595644
201,3,2,2,974753
199,4,4,3,1079999
219,3,3,2,1072058
113,2,2,2,600090
52,1,1,0,269284
246,4,4,3,1271583
205,3,2,2,1025614
113,2,1,1,528789
196,5,5,4,1118417
125,2,1,2,611207
69,1,1,0,323657
222,3,2,3,1070061
117,2,1,2,567603
228,4,4,4,1173243
130,2,2,1,641254
105,2,2,1,517928
208,4,3,3,1088623
142,2,2,2,723599
151,4,4,4,846413
254,6,5,4,1358000
141,3,3,3,745207
143,3,3,2,765708
273,5,4,4,1418381
219,3,2,2,1053097
297,5,5,4,1517688
206,4,3,4,1083045
202,4,4,3,1094872
206,4,3,4,1083468
174,3,3,3,925170
210,5,4,4,1109820
47,1,1,0,261579
220,3,2,3,1103993
227,4,4,3,1155211
98,3,3,3,564636
53,1,1,0,291642
177,2,1,1,841251
80,2,1,2,437206
112,3,2,2,602828
77,1,1,1,378302
183,4,4,3,967859
152,4,3,3,825591
105,1,1,0,484086
64,1,1,1,330779
270,5,4,4,1397432
86,3,3,2,523879
193,4,4,3,1028111
84,2,2,1,467497
220,3,2,3,1103123
238,4,4,4,1247690
106,2,1,1,503099
208,5,5,4,1164352
221,3,2,2,1076139
245,4,4,3,1222361
100,2,2,2,518673
72,1,1,1,382092
283,5,5,4,1454066
108,1,1,1,498883
66,1,1,0,339970
85,3,2,2,488833
285,5,5,4,1454809
127,3,2,2,675359
82,1,1,1,388256
199,4,4,4,1053919
214,4,4,3,1105886
146,2,2,2,717314
259,6,5,4,1405304
268,4,3,3,1306142
187,3,3,2,945711
227,3,3,2,1120920
226,5,5,4,1205495
215,4,4,4,1112681
227,4,4,3,1182923
167,2,1,2,787872
175,3,3,3,881293
247,4,4,3,1226556
224,5,4,4,1185421
179,3,3,2,924022
191,4,4,3,1043660
93,2,1,2,495660
273,5,4,4,1380366
107,2,2,2,538746
203,5,5,4,1099179
151,2,2,1,759002
171,3,2,2,832372
202,4,3,3,1055068
287,5,5,4,1459649
80,1,1,1,408940
85,2,1,2,435341
277,5,4,4,1445347
149,4,4,4,877566
244,3,3,2,1203371
82,1,1,0,401954
262,6,5,4,1405595
98,3,2,3,539741
221,4,4,4,1136759
139,4,3,3,771038
148,4,3,3,840053
90,2,2,1,459458
157,3,3,2,842047
83,3,3,2,533598
276,4,4,3,1376473
80,1,1,1,406603
69,2,1,2,417697
235,5,4,4,1269051
257,5,4,4,1318701
125,2,2,1,608073
105,3,2,3,591325
235,4,4,3,1217594
227,4,4,3,1189143
194,4,4,3,1007228
272,4,4,3,1331818
207,4,4,3,1080340
206,4,3,3,1068379
270,4,3,3,1337177
186,4,4,4,991151
291,5,5,4,1472099
85,2,2,1,442081
48,1,1,0,215333
281,4,3,3,1352788
180,3,2,2,919781
102,2,1,1,532463
174,3,2,2,862630
52,1,1,1,271839
51,1,1,1,260677
199,3,2,2,968385
143,3,2,2,744990
73,1,1,1,360815
110,1,1,1,529512
63,1,1,0,314630
255,5,5,4,1328969
128,2,2,2,651531
256,5,5,4,1374290
254,5,4,4,1294682
86,2,1,2,448210
172,3,3,2,891537
293,5,4,4,1461512
235,5,5,4,1233573
180,3,3,3,915070
289,6,5,4,1511197
265,6,5,4,1438621
244,4,4,3,1223997
260,5,4,4,1338061
101,2,2,1,550052
280,5,4,4,1410068
237,3,2,2,1114904
195,5,4,4,1087146
171,3,2,3,853678
145,2,1,2,725373
135,3,2,3,698293
60,1,1,0,294208
83,2,2,2,434985
158,4,4,3,852359
244,4,4,3,1217970
291,5,4,4,1491285
93,1,1,0,451328
118,2,1,1,565378
229,4,3,4,1181578
148,3,3,3,778073
225,4,4,4,1200267
62,2,1,2,347995
91,2,1,2,477699
268,5,5,4,1420859
96,2,2,1,506160
278,6,5,4,1453393
178,3,3,3,899777
113,3,3,3,629271
224,4,3,4,1138818
140,3,2,2,710870
108,3,2,3,581740
150,4,3,3,816768
114,2,1,2,568102
136,3,2,3,747616
97,3,2,2,545729
260,5,5,4,1377945
54,1,1,0,240165
122,2,2,1,632656
99,2,2,1,488624
185,3,3,3,922342
134,3,2,2,733463
160,4,4,4,878932
148,3,2,2,779805
93,2,2,2,498028
187,3,3,2,924109
137,1,1,1,652346
82,1,1,0,405880
273,5,4,4,1408593
250,6,5,4,1366757
50,1,1,0,280205
198,4,3,4,1025325
258,5,4,4,1315247
169,2,1,1,801502
271,4,3,3,1347520
262,6,5,4,1400443
200,5,4,4,1121654
117,3,3,3,677132
167,2,2,2,834972
223,5,5,4,1210227
290,5,4,4,1504571
298,4,3,3,1455802
187,3,2,2,951965
56,1,1,1,278712
241,4,3,3,1236240
182,3,3,2,903085
62,1,1,0,321700
103,3,3,2,597834
276,5,4,4,1443427
96,1,1,1,450588
85,3,3,2,507452
213,4,4,4,1150001
56,2,1,1,327261
123,2,1,1,605254
218,3,3,2,1076016
163,3,3,2,849299
84,1,1,0,405384
72,2,2,2,401987
136,2,1,2,698799
56,1,1,1,308154
95,2,1,1,474350
220,4,3,4,1159238
284,5,4,4,1426578
110,2,2,1,570387
72,1,1,0,352591
200,4,4,3,1051721
84,2,1,2,442961
194,3,2,2,969882
86,3,3,2,516942
124,2,1,1,600761
241,5,4,4,1246180
112,2,2,1,543566
262,5,5,4,1357891
165,4,4,3,893955
173,3,3,3,901361
226,3,2,3,1122987
79,1,1,1,410203
113,2,2,1,577192
298,5,4,4,1489694
132,1,1,1,629281
252,5,4,4,1303655
217,4,4,3,1101863
286,6,5,4,1487776
215,4,4,4,1158837
150,2,2,1,724495
203,4,4,4,1076275
216,4,4,4,1168548
254,5,4,4,1326557
205,4,4,3,1053523
190,3,2,3,974289
266,5,4,4,1364598
93,2,2,1,482192
174,3,2,2,844847
259,5,5,4,1338212
124,1,1,1,603281
49,2,2,1,302656
259,6,5,4,1370126
196,5,5,4,1074172
161,2,2,2,805380
101,2,1,2,539225
50,2,1,2,293189
166,3,2,2,842645
258,6,5,4,1411853
52,1,1,0,256266
269,5,4,4,1362557
225,3,3,3,1091641
249,4,4,4,1259325
111,1,1,1,502308
187,4,4,4,1005509
105,2,1,1,497911
117,2,1,2,598114
141,4,3,3,797447
131,2,1,2,641471
254,5,5,4,1336910
276,5,4,4,1401258
273,5,4,4,1400741
66,1,1,0,304017
159,2,2,2,763513
109,3,2,2,609241
244,4,4,4,1241172
99,3,3,2,548134
158,3,3,3,815564
283,5,4,4,1452438
194,4,3,4,1005460
251,5,4,4,1321484
189,3,3,2,979521
161,3,3,3,833416
194,4,3,4,1039995
282,5,5,4,1486307
78,1,1,1,402011
287,4,4,4,1439351
127,2,2,2,636173
239,3,2,2,1148090
166,3,2,2,847604
194,3,2,2,946646
164,2,2,2,783795
265,6,5,4,1405756
260,5,5,4,1348273
168,3,3,2,879992
268,5,4,4,1360351
217,3,2,3,1093484
123,2,2,2,640787
193,3,2,3,948029
180,4,3,4,998130
100,1,1,1,452421
239,4,3,4,1204931
47,2,2,1,302119
130,2,1,1,603076
284,5,4,4,1421131
147,2,2,1,728430
194,4,3,4,1035238
150,4,3,4,828077
277,4,3,3,1334829
287,5,5,4,1488229
241,3,2,2,1179791
259,5,5,4,1379401
194,5,4,4,1091102
62,1,1,1,303328
138,3,2,2,741320
113,1,1,0,508317
124,1,1,0,585408
90,2,1,2,478347
181,4,3,3,954936
95,3,3,2,543860
285,4,4,4,1455701
227,5,4,4,1217362
179,3,3,2,918872
143,3,2,2,736057
252,5,4,4,1325105
201,3,2,3,976538
53,1,1,0,284750
119,2,1,1,570415
152,3,3,2,771055
190,2,2,1,870171
53,2,1,2,343263
84,1,1,0,418806
226,3,2,2,1085478
281,4,4,4,1403997
77,1,1,0,366702
292,4,4,4,1484519
51,1,1,0,229122
209,5,5,4,1157627
214,4,3,3,1095052
228,5,4,4,1201579
63,1,1,1,329495
56,1,1,0,268492
234,4,4,4,1239122
198,4,4,4,1037643
238,4,4,3,1204161
249,4,3,4,1245461
200,4,4,4,1095548
51,1,1,0,264613
237,5,5,4,1290421
129,3,2,3,723148
68,1,1,1,357292
83,2,1,2,417367
51,1,1,1,258040
55,1,1,1,261865
228,4,3,3,1167520
72,1,1,0,321839
149,3,3,3,781607
77,1,1,1,360055
197,4,4,4,1087527
169,3,3,3,880074
160,3,2,3,813402
221,3,3,2,1114917
135,2,2,2,698610
283,4,3,4,1410182
300,6,5,4,1557043
118,2,2,1,597906
181,4,3,3,942568
98,1,1,0,481997
96,2,1,2,483093
158,3,3,2,831408
67,1,1,0,306715
228,5,4,4,1238593
172,4,3,3,942085
233,4,4,4,1191697
81,2,1,1,448511
89,3,3,3,551541
60,1,1,0,315349
158,3,3,2,812411
72,1,1,1,351901
184,2,2,2,911450
191,2,2,2,902068
202,4,4,3,1077024
269,6,5,4,1401104
235,4,4,3,1232495
274,6,5,4,1424688
146,3,2,2,768420
80,1,1,1,402075
117,2,1,2,560599
149,4,3,4,832985
225,4,4,4,1163540
150,3,3,2,797316
162,3,2,3,810493
174,2,1,1,801459
257,5,4,4,1332053
205,4,4,4,1093941
95,2,2,1,479799
248,5,4,4,1314805
102,3,2,3,588507
204,3,2,2,1014513
187,3,2,3,929587
151,4,4,3,835532
197,5,5,4,1110291
152,3,3,3,808704
211,5,5,4,1156186
92,2,2,2,508626
121,3,2,2,627637
203,4,4,3,1059972
110,2,1,2,551187
245,4,4,4,1257203
75,1,1,1,353346
65,1,1,1,329585
218,4,3,3,1104976
148,4,4,4,835773
133,2,1,1,647682
208,4,4,4,1084186
101,3,3,2,564917
180,3,2,3,891875
257,5,4,4,1307192
110,3,3,3,622536
130,2,1,2,656237
167,3,2,2,831980
100,3,2,2,562530
203,4,4,3,1062092
152,2,1,2,757740
263,5,5,4,1375814
153,3,2,3,781657
229,4,4,3,1180223
124,3,3,3,698669
97,3,3,2,590992
229,4,3,4,1173290
190,3,3,2,985706
61,2,1,2,341780
145,2,1,1,683983
248,6,5,4,1358280
169,2,2,2,797000
278,5,4,4,1428004
92,3,2,2,541177
57,2,2,2,358253
105,1,1,0,482338
230,4,3,3,1156497
146,3,2,2,736964
76,1,1,1,353102
239,3,2,2,1145688
244,4,3,4,1224149
162,2,1,2,791272
200,4,4,3,1086683
68,1,1,1,345987
188,3,2,3,946430
277,5,4,4,1420570
183,2,2,1,869818
168,4,4,4,953798
236,4,4,3,1180684
96,2,2,1,479273
231,4,3,3,1176661
69,1,1,1,321879
95,2,2,2,494133
260,6,5,4,1416943
56,1,1,1,268862
69,2,2,2,403169
71,1,1,1,338256
174,2,2,2,820518
283,6,5,4,1496416
272,4,3,3,1319336
130,2,2,1,638414
169,3,3,2,876048
94,3,3,3,559531
153,3,2,2,755157
108,2,2,2,549884
230,4,3,4,1185259
131,1,1,1,587599
135,2,2,2,693473
48,1,1,0,255838
167,4,3,3,901168
175,4,4,3,972758
105,2,2,2,555591
177,3,2,2,886047
273,6,5,4,1473615
145,2,1,2,683879
122,3,3,2,642018
143,3,2,3,732249
55,2,2,1,345204
89,1,1,0,401469
121,2,2,2,609224
254,4,3,4,1284812
295,6,5,4,1532579
278,4,4,4,1415208
61,1,1,0,297357
244,4,3,4,1265066
53,2,1,2,330881
117,2,1,1,591577
128,3,3,3,694347
162,4,3,3,893339
249,5,5,4,1306550
136,3,3,3,747510
146,4,3,3,838645
100,1,1,0,473140
56,2,2,1,337762
175,2,1,2,848143
262,4,3,3,1329111
54,1,1,0,252332
56,1,1,1,263905
69,2,1,1,345767
193,3,2,3,945061
185,3,2,2,935392
72,2,2,2,442810
232,4,4,3,1204602
115,3,3,2,629382
83,3,2,2,505633
193,4,4,3,1009363
154,2,1,2,745485
195,5,5,4,1088932
261,5,4,4,1367678
245,4,4,4,1287800
219,5,5,4,1223608
224,4,3,4,1168775
194,4,4,4,1072201
278,5,5,4,1440372
238,3,2,3,1126525
155,3,3,2,825900
240,5,4,4,1254731
213,3,3,2,1058252
213,4,4,3,1115176
284,5,4,4,1459728
119,2,2,1,594359
96,1,1,1,483818
143,4,4,3,815093
225,3,3,2,1127675
172,2,2,2,819671
232,3,2,2,1111555
87,1,1,1,409735
117,1,1,0,522744
247,4,4,3,1250628
216,3,3,3,1065537
253,6,5,4,1390924
70,1,1,1,354770
176,3,3,3,941171
166,3,2,3,868403
134,2,2,2,705664
54,1,1,1,268606
224,4,3,4,1176092
61,1,1,0,314283
170,3,2,3,856342
103,2,2,1,530811
215,5,4,4,1182363
59,2,1,1,330127
104,2,2,2,554583
123,2,2,1,623323
211,4,3,3,1089922
166,3,3,3,892893
221,4,3,3,1125830
185,2,1,1,834415
237,4,4,4,1239546
102,1,1,1,515208
94,1,1,1,426987
113,1,1,0,502471
160,3,2,2,832854
191,4,3,3,1029368
119,1,1,0,551275
96,2,1,1,462026
159,3,2,3,825302
227,4,4,4,1197335
272,4,4,3,1375389
284,5,5,4,1492538
117,3,2,3,638745
98,2,1,2,493345
164,3,2,3,832964
204,5,4,4,1132603
157,4,3,4,860950
287,5,5,4,1483120
280,5,4,4,1436797
275,5,5,4,1434566
78,1,1,1,359779
243,5,4,4,1270568
296,4,4,4,1469461
280,5,5,4,1461219
89,1,1,1,412519
282,4,3,3,1405909
109,1,1,0,511158
284,4,4,4,1400283
273,5,5,4,1440642
168,3,2,3,836868
152,3,3,2,782914
106,2,1,1,521710
255,5,4,4,1302489
52,1,1,1,261448
98,1,1,1,493688
104,2,2,1,520715
160,2,2,2,800105
131,3,2,3,696031
291,5,4,4,1470552
119,2,2,2,610797
228,4,3,4,1146930
95,2,2,2,521788
155,2,2,2,766767
266,5,4,4,1393321
83,1,1,1,430019
287,6,5,4,1524368
148,3,3,3,818748
262,5,4,4,1352758
113,2,2,2,620095
117,3,2,3,622139
279,6,5,4,1472011
216,3,2,2,1043051
138,3,2,2,692579
297,5,4,4,1530955
141,4,4,4,810758
83,2,2,2,453614
215,4,3,4,1115200
269,5,5,4,1416242
67,1,1,0,342476
100,3,3,2,590534
67,1,1,0,301949
221,3,3,3,1094470
142,3,2,2,712793
60,1,1,1,300928
155,3,2,2,769955
173,4,3,4,912466
201,4,3,4,1060953
89,2,2,2,462033
295,5,4,4,1513082
120,2,1,1,597560
228,3,3,2,1137970
50,1,1,0,260909
131,1,1,0,606713
285,5,5,4,1472957
188,4,3,3,981750
203,4,4,3,1066115
204,4,4,4,1101360
87,2,2,2,499214
85,2,2,2,493439
160,2,2,1,779695
263,4,4,4,1327769
174,2,2,1,814835
101,1,1,0,471540
100,1,1,1,461929
113,2,1,2,591354
125,1,1,1,599497
135,2,1,1,621751
69,1,1,1,322114
207,5,4,4,1113998
136,2,2,1,660850
125,3,2,3,680409
172,3,3,3,884925
273,5,4,4,1413446
89,2,2,1,453968
111,2,1,1,528613
98,2,2,1,508076
246,4,3,3,1240626
91,2,1,1,454948
77,1,1,0,339486
122,1,1,1,590621
98,2,1,1,487104
130,1,1,1,587726
283,5,4,4,1446242
187,4,3,3,1014245
102,2,1,2,543639
81,1,1,0,413073
66,1,1,0,338363
89,2,1,1,459560
212,5,4,4,1149888
288,5,5,4,1454635
190,3,2,3,959986
245,3,2,2,1142885
250,4,4,4,1300835
273,5,4,4,1377638
272,4,4,3,1333650
222,4,3,4,1133741
182,3,3,2,941560
64,2,1,2,385556
62,1,1,0,278708
106,2,1,1,529086
120,2,1,1,589446
289,6,5,4,1518904
139,3,2,2,742014
267,6,5,4,1425667
65,1,1,0,291699
276,6,5,4,1463662
98,2,1,1,486635
256,5,5,4,1355556
259,6,5,4,1416481
169,2,2,2,805673
271,5,5,4,1404074
165,4,3,4,895024
287,5,4,4,1471973
56,1,1,1,313823
141,4,3,4,786228
143,3,2,3,757227
288,5,4,4,1454672
291,6,5,4,1526664
248,5,4,4,1309437
142,2,2,2,719202
155,4,4,3,858816
254,4,3,4,1262419
249,5,5,4,1307044
112,3,2,2,640672
137,2,2,2,701072
163,3,3,2,843153
84,2,1,2,454528
214,5,5,4,1180004
56,1,1,1,288020
121,2,2,2,650173
165,2,1,1,797589
239,4,4,4,1213004
280,5,5,4,1459949
223,4,4,4,1166443
297,5,5,4,1537509
149,2,1,1,717398
128,1,1,1,612320
118,1,1,1,533902
243,3,3,3,1212169
54,2,2,2,331275
138,3,3,3,748765
181,4,3,4,998695
186,3,2,3,959658
154,3,2,3,777262
175,2,1,2,818335
251,5,5,4,1321650
223,3,2,3,1116561
207,4,4,4,1092868
189,4,4,4,1009982
155,3,3,2,833073
150,3,3,2,779361
78,2,1,2,452048
176,3,3,2,903217
143,4,4,4,802998
128,3,2,3,718517
177,4,3,3,948904
244,5,5,4,1310332
197,5,5,4,1108773
116,2,2,1,609266
293,5,4,4,1460797
69,1,1,1,342980
141,4,4,3,785936
102,2,2,2,518382
144,3,3,2,771571
175,4,4,4,961510
66,1,1,0,332065
300,5,5,4,1536336
217,4,4,4,1154492
300,5,5,4,1515807
263,5,5,4,1360428
219,4,3,4,1160381
188,3,2,2,904615
299,5,4,4,1504161
78,1,1,1,400247
178,2,1,2,875186
213,3,2,2,1024081
86,2,1,2,438871
87,1,1,1,403525
155,3,3,3,811461
208,4,4,3,1068060
111,3,3,3,642217
146,3,2,2,728798
164,2,1,1,772885
288,5,4,4,1478110
287,5,5,4,1478490
297,6,5,4,1570716
56,1,1,0,265170
292,5,4,4,1488312
96,2,2,2,504099
249,6,5,4,1371347
76,1,1,0,350487
242,5,4,4,1249956
149,3,2,2,789112
261,5,5,4,1399150
69,2,2,2,379727
247,3,3,2,1182212
134,3,3,2,695602
215,3,3,2,1082665
188,3,2,2,939376
147,3,2,3,746243
78,1,1,1,373618
173,3,3,3,888757
222,4,3,3,1149658
220,4,4,4,1129196
271,4,4,3,1335907
58,2,2,2,364817
198,5,4,4,1063905
109,2,2,1,588396
96,1,1,0,454493
57,1,1,0,302656
64,1,1,0,327536
277,5,5,4,1433086
234,5,4,4,1229168
187,2,1,1,891997
263,6,5,4,1406761
97,2,2,1,484636
77,1,1,1,376382
256,6,5,4,1374167
235,5,4,4,1251630
294,6,5,4,1514400
196,3,3,2,980911
94,2,1,1,463989
181,3,2,2,918064
279,5,4,4,1427886
45,1,1,0,216738
120,2,1,1,602210
279,5,5,4,1430929
211,5,4,4,1163190
189,2,2,1,878379
175,2,2,2,844917
248,6,5,4,1351075
76,1,1,1,401931
99,3,3,2,569703
131,3,3,2,687716
206,3,2,3,993621
272,6,5,4,1414953
272,5,5,4,1395849
95,2,1,2,524861
54,2,1,1,305221
133,1,1,1,589441
228,3,3,2,1099312
137,1,1,1,647122
131,1,1,0,621312
75,2,2,2,459485
148,3,3,3,815067
135,2,2,2,698741
241,4,4,4,1229506
118,3,3,2,676297
167,4,4,3,897171
177,3,3,2,918905
196,5,5,4,1114158
126,2,1,1,625359
157,3,2,2,779737
81,2,1,2,447858
125,3,2,3,665519
221,4,3,3,1130480
182,3,3,3,924080
245,3,3,2,1180126
275,4,4,4,1400660
265,5,4,4,1389388
175,3,3,2,883729
189,4,4,4,1035678
200,4,4,4,1074203
110,2,1,2,554272
168,2,2,2,794397
215,3,2,2,1032104
166,4,4,4,949066
217,5,4,4,1188979
82,1,1,0,361557
174,4,3,3,902101
224,5,4,4,1227058
275,4,4,3,1344803
153,3,3,3,800710
181,3,3,3,943755
256,4,4,3,1317730
54,2,2,1,301567
282,5,4,4,1454355
84,2,2,1,449014
113,3,3,3,668272
190,2,2,1,884565
60,1,1,1,298171
58,1,1,1,272476
234,3,3,3,1127900
75,1,1,1,358570
289,4,4,3,1414135
241,3,2,2,1179439
145,3,3,3,765398
138,3,3,3,753898
106,2,2,2,547990
92,3,2,2,515985
101,1,1,1,474633
282,4,4,4,1435035
201,5,4,4,1123362
170,4,4,4,969078
149,3,2,2,774243
200,4,3,3,1030009
72,2,1,1,408263
183,2,2,1,872452
289,5,5,4,1513498
101,1,1,1,483619
199,3,3,3,983609
232,3,3,3,1155180
64,1,1,0,290665
56,2,2,1,327681
217,3,3,2,1082694
228,3,3,3,1132690
174,2,2,1,852006
82,1,1,1,388627
58,2,1,1,313877
69,1,1,1,330753
244,3,2,3,1202900
216,4,3,3,1077926
197,3,2,3,960815
125,3,2,3,690963
219,3,3,2,1106148
123,3,2,2,642473
182,3,2,3,938690
63,1,1,0,333215
216,5,4,4,1169231
90,2,2,2,480129
54,1,1,0,250767
89,2,1,2,499541
163,3,2,2,817625
136,2,2,1,697483
251,6,5,4,1379310
197,5,4,4,1071695
94,1,1,1,454033
132,1,1,0,571182
281,5,5,4,1470778
131,2,1,2,675160
106,3,3,2,608709
141,3,2,3,766699
167,3,2,2,846851
60,2,1,2,336641
120,2,2,2,606776
74,1,1,1,355261
186,2,1,2,902020
197,3,3,2,971644
283,6,5,4,1462737
76,1,1,0,342358
107,2,2,1,539113
155,3,3,3,798516
295,4,4,4,1480559
241,4,3,4,1199890
281,5,5,4,1427052
194,4,3,4,1006530
71,2,2,2,403673
158,4,4,4,896963
278,4,3,4,1358300
272,4,3,3,1350719
173,3,2,3,854437
167,3,2,3,836545
140,4,4,4,806477
265,6,5,4,1431527
221,4,3,3,1143176
66,1,1,1,351070
160,3,3,3,875530
179,3,3,2,919633
116,3,2,2,649877
296,4,4,4,1479249
178,3,3,3,911790
71,1,1,1,381851
237,4,3,4,1186224
266,4,4,3,1337278
47,1,1,0,220324
182,3,2,3,934762
269,5,4,4,1399761
56,2,1,1,316832
195,5,5,4,1084079
77,1,1,1,411295
224,5,4,4,1219234
63,1,1,0,295834
61,1,1,1,300235
166,3,2,2,812258
54,1,1,0,270026
152,4,3,3,843471
224,4,4,3,1144753
46,1,1,1,229879
80,1,1,1,380130
214,4,3,4,1112693
55,1,1,0,266438
78,2,2,2,447045
271,6,5,4,1426945
191,2,2,2,905264
135,2,1,2,694835
184,3,2,3,925404
101,3,2,3,565622
96,1,1,1,439977
139,3,3,2,769779
51,1,1,0,272216
137,1,1,0,636126
114,3,3,3,637861
245,5,5,4,1302884
193,3,3,3,959467
227,5,5,4,1238732
231,5,5,4,1219056
299,4,3,4,1453698
49,1,1,0,269806
211,5,4,4,1152868
256,5,4,4,1304975
253,5,5,4,1313099
241,4,3,3,1237140
80,2,2,2,463781
277,5,5,4,1460441
144,4,3,3,802107
80,1,1,1,371678
76,1,1,0,337030
85,1,1,0,411966
63,1,1,1,307870
269,5,4,4,1410559
300,5,5,4,1512517
90,3,2,3,547693
75,2,1,1,414996
121,3,2,3,653184
192,4,4,3,1021767
156,2,1,2,747206
59,1,1,0,282069
101,1,1,1,508337
287,4,3,3,1406185
99,3,3,2,589680
131,2,2,2,695816
259,5,5,4,1334434
181,2,2,1,865440
92,1,1,0,441929
69,2,1,2,386406
73,1,1,0,341859
86,2,1,2,431633
240,5,5,4,1305361
288,6,5,4,1521502
256,4,4,3,1303501
56,1,1,1,317383
155,3,3,2,791851
222,5,5,4,1216380
261,6,5,4,1402556
182,3,3,3,914786
80,2,2,1,464545
283,5,4,4,1445391
195,4,4,3,1040837
130,3,2,2,698153
50,1,1,1,248789
151,3,3,3,787625
55,1,1,1,279095
241,5,4,4,1286846
114,1,1,0,502164
117,1,1,1,549462
251,5,5,4,1319355
83,3,2,2,492129
74,2,1,1,387801
279,6,5,4,1493381
126,1,1,1,610722
47,1,1,1,257109
214,4,3,3,1109694
215,4,3,3,1107145
247,5,5,4,1330372
278,6,5,4,1448866
59,1,1,0,314301
231,3,2,3,1105707
186,3,2,3,951464
282,5,4,4,1412747
293,5,4,4,1500610
61,1,1,0,269761
170,3,3,3,861188
239,4,4,4,1246967
240,5,5,4,1310876
117,2,2,1,585518
144,2,1,1,714464
228,4,3,3,1134550
227,5,5,4,1210105
178,3,2,3,880029
300,4,3,4,1496156
114,1,1,1,530062
158,3,2,2,828146
165,2,1,2,807083
64,2,2,2,376848
291,4,4,3,1467788
187,4,3,4,980809
283,4,4,3,1391128
140,2,1,2,669073
150,3,3,2,764679
225,3,3,3,1106437
48,2,2,2,324084
208,4,3,4,1060768
295,6,5,4,1567086
219,3,2,3,1090550
188,3,3,3,942698
178,4,3,4,939132
100,2,1,2,546648
179,4,4,3,991425
185,4,3,4,1008149
71,1,1,0,328447
122,1,1,0,539367
130,3,3,2,687387
286,4,4,4,1440097
77,1,1,0,372829
243,4,4,3,1249437
115,2,1,2,606256
124,2,1,2,631334
288,5,4,4,1477213
140,3,2,3,772882
72,2,1,1,358406
215,3,2,2,1027516
295,5,5,4,1526890
299,5,4,4,1542214
99,3,2,3,586771
275,5,4,4,1433080
294,6,5,4,1540122
57,1,1,1,310399
148,3,2,3,799355
89,2,2,1,485307
180,2,1,1,831271
79,1,1,1,405388
194,3,3,2,979843
106,2,2,1,556021
174,4,3,3,944854
263,5,4,4,1351909
96,1,1,0,452761
124,2,1,1,606712
116,3,2,2,612238
257,5,5,4,1343824
54,1,1,0,270869
64,1,1,1,338711
202,3,2,2,1007976
118,2,1,1,571770
82,1,1,1,399651
296,6,5,4,1513616
168,4,4,4,915534
172,4,3,4,948277
152,3,2,3,775915
221,3,3,3,1085834
194,4,3,3,984662
210,4,3,3,1068732
127,2,2,2,622600
48,2,2,2,306013
149,3,3,2,784353
134,2,1,2,654873
56,2,1,2,335467
224,4,4,3,1157388
48,1,1,0,248619
82,2,2,1,471726
288,6,5,4,1512912
280,5,4,4,1412620
191,3,2,2,956324
119,1,1,1,557874
296,5,4,4,1470674
259,5,5,4,1383774
192,4,4,4,1027643
142,4,3,4,785698
164,3,3,3,847657
92,3,3,3,531765
68,1,1,0,320643
223,4,3,3,1135900
187,2,1,1,873915
162,3,2,2,849642
275,4,4,3,1362409
62,1,1,0,317427
52,2,2,2,336815
109,2,1,2,545904
266,4,3,4,1331637
109,1,1,0,476727
260,6,5,4,1389861
51,2,2,1,328205
70,1,1,0,365219
170,2,2,1,838621
134,1,1,0,589172
152,3,3,3,822818
293,6,5,4,1556077
292,4,3,3,1408921
60,1,1,0,283152
65,1,1,1,332471
271,5,5,4,1408508
295,5,5,4,1493394
126,1,1,0,587916
200,3,2,3,982863
239,5,4,4,1265621
167,3,2,2,844089
51,1,1,0,227321
48,1,1,1,243752
143,4,4,3,813187
138,4,4,3,794992
288,5,4,4,1482837
209,4,4,4,1122866
101,1,1,0,457216
211,4,3,4,1075133
228,5,4,4,1230097
219,4,4,4,1177475
155,3,3,2,826240
286,4,4,3,1404826
96,2,2,2,546230
110,2,2,2,606166
269,5,4,4,1367707
222,4,4,3,1142878
48,1,1,1,239839
103,3,2,3,601793
217,3,2,3,1070061
136,3,3,3,747181
68,1,1,0,335512
141,2,2,2,689351
194,4,3,3,1003657
224,4,3,3,1137309
261,4,4,4,1344225
227,4,3,3,1136676
136,2,1,1,645289
51,1,1,1,280097
88,2,2,2,472280
197,4,3,4,1058252
145,2,1,1,698011
254,5,5,4,1319995
123,2,1,1,615102
139,3,3,2,727271
110,2,1,2,544929
112,3,3,2,615772
157,2,2,1,781898
78,2,2,2,437356
152,4,4,4,859154
220,4,4,3,1129715
153,3,2,3,826741
54,1,1,1,259084
243,5,5,4,1293105
69,2,1,1,349337
75,1,1,1,375810
197,4,3,4,1033297
71,1,1,1,357594
259,5,4,4,1323640
151,3,3,2,816506
62,1,1,1,306241
121,2,1,2,622800
200,4,3,3,1013848
176,4,4,4,949689
154,2,1,2,773325
251,6,5,4,1367476
226,5,4,4,1197459
87,1,1,0,412661
282,4,3,4,1372639
137,1,1,0,613708
293,4,4,3,1467019
261,5,5,4,1383898
211,4,4,3,1114451
111,2,2,1,585731
103,1,1,1,504708
267,5,4,4,1385484
270,4,4,3,1380729
240,4,4,4,1243172
249,5,5,4,1302651
300,4,3,4,1458083
139,3,3,3,732604
74,1,1,0,380222
177,4,4,3,955643
142,4,3,4,834830
245,3,3,2,1207235
51,1,1,0,267101
192,2,2,1,913508
50,2,1,1,281394
231,3,3,2,1154283
300,6,5,4,1553743
292,4,4,3,1423926
122,2,1,1,606980
187,4,4,3,1026972
109,2,1,2,579451
53,2,2,1,353541
49,1,1,1,236203
175,4,3,4,969032
223,3,2,3,1121660
152,2,1,2,756835
88,2,2,2,470368
67,1,1,0,321002
90,1,1,0,393189
195,3,3,3,997476
168,3,2,3,832787
208,3,2,3,1013553
113,2,1,2,546153
207,4,4,4,1087595
176,3,2,2,880036
205,4,3,4,1051653
101,3,2,3,573601
153,3,2,2,768730
83,3,3,3,513972
111,1,1,1,515308
181,2,1,2,838526
114,2,2,1,566977
195,3,2,3,958789
146,2,1,1,709949
229,5,5,4,1252300
295,6,5,4,1547456
219,4,3,3,1115070
209,4,4,4,1137258
253,5,5,4,1359332
46,1,1,0,251749
169,3,3,3,887956
51,1,1,1,289805
65,1,1,0,306617
255,4,3,4,1263878
166,4,4,4,901934
154,4,4,3,873926
120,3,2,2,626663
239,4,4,3,1248500
215,4,3,3,1073302
274,6,5,4,1450769
90,1,1,1,456238
173,3,2,3,900187
81,1,1,0,384005
213,3,2,3,1038304
203,5,4,4,1096675
242,4,4,3,1219352
259,5,4,4,1348055
45,1,1,0,239850
231,4,4,4,1227041
134,2,2,1,666152
192,4,3,4,1006052
270,5,4,4,1392685
244,4,4,3,1243892
196,4,3,4,1009386
83,2,1,2,448229
249,5,5,4,1298890
96,3,3,3,599223
50,1,1,0,227838
154,3,2,2,769558
58,1,1,1,316122
243,4,3,4,1222830
178,4,4,4,969465
246,5,5,4,1323187
46,1,1,0,217641
200,5,4,4,1082170
221,5,5,4,1223583
147,4,3,4,824655
168,4,3,4,912994
108,2,2,1,525906
172,3,2,2,892907
148,3,3,2,796069
221,4,4,4,1168570
191,2,2,1,892098
201,4,3,4,1084634
96,2,2,2,516105
247,3,2,3,1216104
252,6,5,4,1344004
233,3,2,3,1112265
271,4,3,3,1314192
189,2,1,2,907161
144,4,4,3,793543
117,2,2,1,580936
48,1,1,0,249760
214,4,4,4,1139639
168,3,3,2,856724
147,3,3,3,808476
259,5,4,4,1364423
68,1,1,1,357582
276,4,4,4,1390923
173,3,3,3,907885
241,3,2,3,1162783
127,2,2,1,626732
115,1,1,1,551503
137,3,3,2,715994
48,1,1,0,238063
62,1,1,0,293983
288,4,3,4,1399657
202,4,3,4,1060015
204,4,3,4,1053836
288,6,5,4,1525283
161,3,3,3,830490
55,2,2,2,343637
284,5,5,4,1481456
283,6,5,4,1483013
143,2,2,2,735911
165,3,2,3,875542
102,1,1,0,445389
208,3,3,3,1052285
219,5,5,4,1206827
162,2,2,2,795191
229,4,3,3,1137782
143,3,2,3,783556
118,1,1,0,521398
248,4,4,3,1243034
64,2,1,2,366380
125,2,1,2,633987
190,3,3,2,982213
212,3,2,3,1028224
164,2,2,2,786138
173,3,3,3,904140
52,1,1,1,298365
169,3,2,2,861113
105,3,2,2,559314
214,3,3,3,1045938
286,4,3,4,1400919
61,1,1,1,293008
55,1,1,1,309175
268,6,5,4,1453274
226,4,4,3,1188747
51,1,1,0,278839
143,4,3,4,784855
184,2,2,2,884218
233,3,2,3,1118025
277,6,5,4,1489071
255,5,5,4,1339800
299,6,5,4,1576235
132,3,2,2,719576
281,6,5,4,1474872
275,5,4,4,1438461
110,2,2,2,584588
145,3,2,2,729112
172,3,3,2,864237
222,4,4,4,1162616
261,5,5,4,1346851
201,3,3,3,999611
151,2,2,2,776505
94,2,2,2,536068
264,5,5,4,1383559
232,5,4,4,1237484
131,2,1,1,613654
256,4,4,3,1278610
95,2,2,1,507250
177,3,2,2,878242
262,4,3,4,1306465
112,2,1,2,542980
261,5,5,4,1395989
276,4,4,4,1407357
281,6,5,4,1470992
76,1,1,0,377848
75,2,1,2,387992
175,4,3,4,973372
109,2,2,1,584908
46,2,2,1,308152
230,4,4,4,1211580
56,1,1,0,251115
160,3,2,3,827309
52,1,1,1,302721
79,1,1,0,364943
232,4,3,3,1184418
61,2,2,1,363700
166,3,3,3,874629
66,1,1,1,348252
110,2,1,1,557487
226,5,4,4,1204952
70,2,1,2,382187
231,4,4,3,1197338
136,2,2,1,681068
281,6,5,4,1461366
272,4,3,3,1332439
148,3,3,2,787078
196,3,3,2,993831
298,5,5,4,1556350
288,5,5,4,1475777
111,1,1,1,536225
228,4,4,4,1218839
266,5,5,4,1410070
217,4,3,3,1081391
124,2,1,2,595097
133,2,2,2,680135
186,3,2,2,940040
141,3,2,3,738883
282,4,3,4,1375280
75,2,1,2,406209
111,3,3,2,616192
213,3,2,2,1048155
174,3,3,3,910211
119,2,2,1,592086
262,5,5,4,1351604
268,5,4,4,1381431
300,6,5,4,1531592
283,5,5,4,1461779
130,3,2,3,728417
96,3,2,2,556019
71,2,2,2,395845
249,6,5,4,1346597
151,3,2,3,768665
296,6,5,4,1551304
211,4,3,4,1070929
245,4,4,3,1271262
54,1,1,1,309585
209,5,4,4,1108018
273,5,4,4,1431109
156,3,2,3,795138
217,4,4,3,1156982
288,5,5,4,1469674
200,5,4,4,1089609
133,1,1,1,628939
212,4,4,4,1147534
158,2,2,2,759659
97,3,3,2,549437
185,4,4,4,1004689
80,1,1,1,417976
250,6,5,4,1373063
231,4,4,3,1176371
292,6,5,4,1541464
181,4,3,4,981492
51,1,1,0,282163
174,3,3,2,887618
87,2,2,1,442674
279,4,3,4,1399505
209,4,3,3,1068360
242,3,3,3,1183299
89,2,2,1,493287
165,3,2,2,850169
176,2,2,2,858836
173,2,2,2,833607
171,3,2,3,866295
73,2,2,2,436758
135,3,2,2,705071
173,3,2,3,885120
252,5,4,4,1338270
284,4,3,4,1393998
251,4,3,4,1274239
130,2,1,2,668458
212,5,5,4,1169336
229,3,2,3,1128674
71,2,1,1,352585
52,2,2,2,328363
170,3,3,3,881008
52,1,1,0,250100
150,3,3,3,788057
106,2,2,1,569372
122,2,1,1,606029
100,2,2,2,525525
161,3,2,2,822263
62,1,1,1,301334
178,3,2,2,901929
109,3,3,3,617481
143,3,2,2,729370
128,3,2,3,668174
51,2,1,1,307045
54,2,1,1,302808
197,4,4,4,1038765
242,5,5,4,1287372
203,3,3,2,984076
178,3,3,3,933493
140,2,2,1,676120
277,4,4,4,1411373
188,2,2,2,886968
84,1,1,1,397328
254,5,4,4,1296150
57,2,2,2,376880
105,3,3,2,620871
176,3,2,2,885696
189,3,2,2,959314
106,3,2,2,565136
104,2,2,2,546854
146,4,3,4,805700
79,2,2,1,457742
60,1,1,1,324107
171,4,3,4,931156
112,2,2,2,559114
136,2,1,1,656117
292,6,5,4,1555480
114,1,1,1,552998
114,2,2,2,583422
79,1,1,1,365503
147,3,2,2,782380
300,4,4,3,1506404
300,5,4,4,1545409
97,2,2,1,486203
143,3,2,2,713309
60,1,1,0,289960
300,5,5,4,1549491
119,2,1,1,565522
53,1,1,1,303218
129,2,1,1,634098
116,2,1,1,556867
168,3,2,2,825361
180,3,3,2,936721
270,6,5,4,1435290
126,2,1,2,645591
253,5,5,4,1366554
196,3,3,2,1007137
193,3,2,2,948438
140,3,3,2,749424
105,3,2,3,617043
277,6,5,4,1489940
216,3,3,3,1061836
299,5,4,4,1521300
172,3,3,2,870915
193,5,4,4,1070656
92,3,3,3,535379
125,3,3,3,678755
154,3,2,2,792857
177,3,2,2,866752
166,3,3,3,883825
150,3,3,2,792923
73,1,1,1,341129
284,4,3,3,1388508
135,1,1,1,604058
287,5,4,4,1468473
216,4,3,4,1119102
57,1,1,0,299756
60,2,2,2,390871
105,3,3,2,588543
192,2,2,1,888145
235,4,4,3,1178807
255,4,4,3,1294881
269,5,4,4,1377012
186,4,4,3,989351
208,3,3,3,1021843
122,1,1,0,553205
245,3,3,3,1221565
171,3,2,3,847936
216,4,3,3,1103546
45,1,1,1,239525
54,1,1,1,261587
207,3,2,3,1021014
266,4,3,4,1317901
114,2,2,1,603941
259,6,5,4,1375787
147,3,2,3,760494
201,5,4,4,1082572
210,5,5,4,1140276
140,4,4,3,801849
70,1,1,1,341566
271,4,3,3,1350374
48,2,1,1,260834
181,3,3,2,948209
218,3,2,2,1041495
270,5,4,4,1367202
123,1,1,1,576312
155,3,3,2,805292
238,4,4,3,1209895
236,5,4,4,1245919
275,5,5,4,1439808
259,6,5,4,1372678
160,3,3,3,866558
215,4,4,4,1129855
194,3,2,3,989203
192,4,4,4,1054672
256,5,4,4,1344253
287,6,5,4,1506357
270,6,5,4,1463644
77,1,1,0,369813
92,1,1,0,421792
187,4,4,4,1008088
78,2,1,2,401702
270,5,4,4,1367880
270,4,3,3,1346256
151,3,3,2,818317
80,2,1,1,403249
60,1,1,1,336255
293,5,5,4,1512302
165,3,2,2,817460
277,6,5,4,1473541
271,5,5,4,1417836
71,1,1,1,361841
164,2,1,1,763560
297,4,3,4,1462864
107,2,1,2,526615
278,5,4,4,1396457
185,3,3,3,928361
231,3,2,2,1092332
62,1,1,1,298106
281,6,5,4,1498224
133,2,1,1,662592
247,3,2,2,1177025
248,5,5,4,1321981
299,4,3,4,1479676
232,4,3,4,1199793
276,5,4,4,1420055
129,1,1,1,601213
223,4,4,4,1146613
51,1,1,0,231869
276,6,5,4,1438204
78,1,1,1,383188
144,3,3,2,782575
70,1,1,0,359409
207,3,3,2,1017306
74,2,2,1,439355
219,3,3,2,1090592
173,2,2,1,808785
69,1,1,0,320684
179,3,2,3,883087
244,5,5,4,1304994
258,4,4,4,1293113
59,2,1,1,305416
282,4,4,3,1427875
284,6,5,4,1518832
285,4,3,4,1393259
59,2,1,1,302482
68,1,1,0,300334
159,3,3,2,817446
235,4,4,3,1213931
135,2,1,2,648907
100,1,1,1,453921
119,2,1,1,598754
215,4,4,4,1138240
79,1,1,1,370315
80,1,1,1,364213
71,1,1,1,353536
126,2,1,1,617057
284,4,3,3,1416684
152,3,2,3,796086
127,2,1,1,632514
248,5,5,4,1289134
264,4,4,4,1336295
135,1,1,0,617970
289,6,5,4,1514446
295,5,5,4,1513122
234,4,4,4,1240824
300,4,4,3,1502099
272,5,4,4,1397940
66,2,2,1,383955
200,3,3,2,1004351
285,4,3,4,1399933
120,2,2,1,595210
160,3,2,2,813828
286,5,4,4,1475212
274,5,4,4,1382857
99,2,1,2,504244
206,3,2,3,999094
70,1,1,0,366948
257,5,5,4,1360934
284,5,5,4,1477558
231,4,4,3,1204242
137,1,1,0,624054
300,5,4,4,1494431
147,3,3,2,759744
177,3,3,2,874567
223,3,3,2,1124388
281,6,5,4,1492679
264,6,5,4,1400686
239,5,5,4,1249907
77,1,1,1,402234
122,3,2,3,684735
244,5,5,4,1321952
117,1,1,0,517099
145,2,2,2,709866
128,1,1,1,612046
132,2,2,2,672634
223,4,4,3,1161559
87,3,2,2,515702
190,2,1,1,909610
235,4,4,3,1211206
269,4,4,4,1349955
273,6,5,4,1419729
205,3,3,3,1055533
107,3,2,2,602367
215,5,4,4,1178810
199,4,3,3,1033280
129,2,2,1,659943
93,1,1,0,437035
295,5,5,4,1515617
198,4,4,3,1025037
72,1,1,1,352118
275,4,3,3,1355081
119,2,1,2,624190
181,3,2,3,909005
125,2,2,1,652506
251,5,4,4,1304911
54,1,1,0,252436
296,6,5,4,1560544
56,1,1,0,302879
294,6,5,4,1561920
237,4,4,3,1233588
54,2,2,1,349617
184,4,4,3,1005287
176,4,4,4,956649
133,3,2,2,676043
114,2,1,1,562549
115,1,1,0,525466
214,5,5,4,1150691
209,3,2,2,1008215
247,4,3,3,1218568
261,5,4,4,1365512
204,5,5,4,1151637
192,2,2,2,902990
179,3,3,3,909546
227,3,3,3,1120518
50,1,1,0,275132
225,3,2,3,1092782
70,1,1,1,353062
57,1,1,0,261836
86,2,2,2,450569
225,4,3,3,1144517
131,1,1,1,614462
143,3,2,2,744501
161,3,3,3,828327
117,2,2,2,601624
110,1,1,0,492303
136,2,1,1,665575
63,1,1,0,304781
65,1,1,0,345686
199,4,3,4,1073972
222,4,4,3,1178773
286,5,5,4,1455976
189,4,3,3,968241
50,1,1,0,264385
175,3,3,2,890952
151,2,2,2,755265
198,4,3,4,1017438
114,2,2,1,568035
159,4,3,4,887337
201,5,5,4,1144164
162,3,3,3,846284
223,3,3,2,1078960
133,2,2,2,647304
165,3,3,3,872569
238,5,4,4,1256234
201,4,3,4,1064161
137,2,1,2,700520
150,2,2,1,742497
188,3,2,2,954064
79,1,1,1,370395
284,5,5,4,1496267
165,3,3,2,857762
288,5,4,4,1482499
116,1,1,1,544695
250,5,4,4,1308171
145,2,1,2,733900
239,4,3,4,1232269
81,2,1,1,419369
279,4,4,3,1371519
286,4,4,3,1394609
205,4,3,4,1081773
78,2,2,1,423623
226,4,3,3,1161119
49,1,1,0,253843
251,4,3,4,1273418
188,3,3,2,928268
101,2,2,1,509552
108,3,3,3,651494
150,3,2,3,806015
259,4,3,3,1306505
186,4,4,3,1003157
218,5,5,4,1212245
111,2,1,2,572090
263,5,5,4,1388317
121,2,1,2,606108
198,5,5,4,1104488
294,4,4,4,1482056
123,3,3,2,679038
257,5,4,4,1347896
269,5,5,4,1421225
288,5,4,4,1478323
51,1,1,1,289526
47,2,2,2,325299
255,5,4,4,1322131
288,5,5,4,1488490
280,5,4,4,1411373
120,2,1,1,604790
48,2,1,1,277147
129,3,3,3,731907
152,2,1,1,714634
141,3,2,2,703915
98,2,1,2,510688
51,2,1,1,294314
235,4,4,3,1214277
136,1,1,0,613303
188,3,2,3,916815
85,3,2,3,511313
293,6,5,4,1529880
137,3,3,2,760246
103,3,3,3,620707
216,5,4,4,1166673
152,3,3,3,830930
80,1,1,0,393812
191,2,2,1,902997
48,2,1,2,292081
246,4,4,3,1276868
163,2,1,1,792588
182,2,2,2,872612
173,2,1,2,805787
164,3,2,2,819451
145,2,1,2,719236
46,1,1,1,253814
195,4,3,3,1035775
184,3,3,2,936171
128,2,2,2,677664
176,4,3,3,920392
287,4,4,3,1420173
157,3,3,3,836469
284,6,5,4,1466498
242,4,4,4,1247147
168,3,3,2,865439
58,1,1,0,289912
293,5,4,4,1460385
125,1,1,1,590244
269,5,5,4,1414063
52,1,1,1,301456
295,5,5,4,1534076
293,6,5,4,1551778
129,1,1,1,577498
265,4,4,4,1324234
141,2,1,2,668177
118,2,2,1,624421
119,3,2,2,638437
279,6,5,4,1445782
73,1,1,1,357688
182,3,3,2,951534
102,2,2,2,516277
122,3,3,2,700331
56,1,1,1,264551
280,6,5,4,1484173
116,3,2,2,612713
75,1,1,0,334872
298,6,5,4,1531166
167,3,2,2,843265
231,5,4,4,1242233
86,2,2,2,455110
197,4,3,4,1020889
156,3,2,3,791511
193,5,4,4,1070543
125,1,1,0,541846
227,4,4,4,1203860
67,1,1,0,330637
47,2,1,1,285122
163,3,2,2,826189
103,2,1,1,542779
266,5,4,4,1356770
179,2,1,2,871786
61,1,1,0,272864
65,2,1,1,367475
145,4,4,3,812145
94,2,2,2,504461
184,4,4,4,1020497
267,5,5,4,1405393
62,1,1,1,312186
49,1,1,1,259658
103,3,2,2,586198
128,3,2,2,705307
170,2,2,2,840653
139,3,3,3,744669
282,6,5,4,1497748
191,3,3,3,989418
202,4,3,3,1059472
215,4,4,3,1132030
60,1,1,1,331028
298,6,5,4,1541030
54,1,1,0,277061
145,2,2,2,700569
219,5,5,4,1211876
267,5,5,4,1374627
218,3,3,2,1059104
266,6,5,4,1389370
101,2,1,1,516466
132,1,1,0,598059
162,3,3,3,845915
188,3,2,3,973133
155,3,2,2,765950
89,2,1,1,445178
201,5,4,4,1095657
249,4,4,4,1256336
157,2,1,1,740623
250,5,4,4,1322861
147,3,2,3,777409
233,4,4,3,1204718
125,3,3,3,696823
247,4,4,3,1258323
169,4,4,3,907576
119,2,2,2,625067
167,4,4,4,948060
244,5,4,4,1263185
201,4,3,3,1071376
82,1,1,1,386627
198,4,3,3,1008972
182,2,2,1,864942
54,1,1,1,293760
134,3,3,2,696473
291,6,5,4,1494332
208,3,3,2,1016309
237,3,2,3,1171324
55,2,1,1,342667
218,5,5,4,1185904
85,3,2,3,483260
113,1,1,1,530593
144,2,2,1,680244
220,4,4,3,1151781
207,4,3,3,1052971
283,6,5,4,1508028
85,3,2,2,512368
229,3,2,3,1106902
123,2,2,1,631195
118,2,2,2,620164
99,2,2,2,523195
103,2,1,1,529071
93,3,3,3,580127
213,3,2,2,1017716
63,1,1,0,320557
154,4,4,4,876927
191,3,2,3,982611
83,3,3,3,547350
254,5,5,4,1319466
185,4,4,3,1022104
189,4,3,3,976822
161,4,3,4,884642
159,3,2,2,803637
109,1,1,0,521571
72,1,1,0,343421
245,4,4,4,1248799
221,4,3,4,1140845
132,1,1,1,589073
241,4,4,3,1246799
133,3,2,2,714703
233,4,4,3,1168816
61,2,2,2,368033
90,2,1,1,445992
253,6,5,4,1392532
291,4,4,4,1458308
161,3,2,3,855623
118,2,1,2,572741
182,2,1,1,858839
255,4,4,3,1300646
178,2,2,1,844512
168,2,2,2,795114
192,4,4,4,1045736
136,2,1,1,635559
287,5,5,4,1502845
93,3,3,3,566602
264,5,4,4,1358852
72,2,2,1,386127
137,2,1,2,698513
228,5,4,4,1221391
300,5,4,4,1514851
298,5,4,4,1514777
187,3,2,3,954317
160,3,3,2,810104
265,4,4,3,1309503
181,3,3,3,950979
176,2,1,2,823568
294,5,5,4,1482651
235,4,3,4,1183247
255,4,3,4,1264545
194,5,5,4,1106898
174,4,3,3,932561
122,2,2,1,613410
297,6,5,4,1519210
268,5,5,4,1405803
188,2,1,2,866188
224,5,4,4,1178432
206,5,4,4,1137611
92,2,2,2,527518
112,2,2,1,569293
64,1,1,1,296997
110,2,2,2,605834
268,5,5,4,1396908
219,4,4,4,1135136
175,3,3,3,882318
51,2,1,2,321370
265,5,4,4,1348549
130,2,1,2,673245
188,4,3,4,1029294
216,3,2,2,1055104
185,2,2,2,902655
246,3,2,3,1190285
297,6,5,4,1536245
212,4,3,4,1132210
215,4,4,4,1149963
146,3,2,2,740378
76,1,1,0,366496
56,1,1,1,269549
69,2,1,2,417528
252,6,5,4,1369181
230,5,4,4,1217115
130,2,2,2,662896
85,2,2,2,462451
224,3,2,3,1112873
206,4,3,3,1064544
148,4,3,4,853587
143,3,3,3,764691
136,3,2,2,702830
162,3,2,2,840208
215,5,5,4,1162858
211,5,4,4,1159771
179,3,2,3,901296
276,4,3,3,1368372
94,2,2,2,498690
141,3,2,3,771610
179,4,3,3,949613
126,2,1,2,631885
71,1,1,1,329817
211,4,4,4,1110419
289,5,4,4,1482637
154,2,2,2,767539
72,1,1,1,371855
299,4,3,3,1479470
79,1,1,1,408726
150,4,4,4,832116
240,5,5,4,1259605
79,1,1,1,418246
123,1,1,0,546050
276,5,5,4,1405775
94,2,2,2,514461
121,2,1,1,615236
196,3,2,2,958203
141,3,2,3,766070
214,4,3,4,1140097
67,1,1,1,356887
266,4,3,4,1314005
112,1,1,0,509763
206,5,5,4,1127504
263,5,5,4,1366345
134,3,3,2,730682
163,4,4,4,892249
153,4,3,4,873124
263,4,3,4,1297158
229,3,2,2,1073781
225,5,5,4,1218908
291,6,5,4,1530417
84,1,1,1,430136
183,3,2,2,931581
267,6,5,4,1421214
54,1,1,0,266405
133,2,2,1,639039
61,1,1,0,269568
69,1,1,1,369159
47,2,2,1,298549
265,5,5,4,1365476
196,4,4,3,1055544
285,5,5,4,1480048
92,2,2,1,463804
207,5,4,4,1143054
296,5,5,4,1528139
141,2,2,2,705729
134,3,3,2,734677
165,3,3,2,847854
84,2,1,1,433248
268,6,5,4,1422251
288,5,5,4,1505620
245,4,4,3,1251157
209,4,4,4,1115906
66,2,2,2,415511
102,2,2,2,515927
65,2,1,2,395210
115,2,2,2,579957
112,1,1,0,530912
117,2,1,2,606017
83,2,2,2,452962
182,2,2,2,894375
90,2,1,2,475454
117,1,1,1,570441
116,2,2,2,632657
229,4,4,3,1160942
197,4,3,3,1037774
205,3,3,3,1015241
89,1,1,1,434522
226,5,5,4,1230587
103,2,2,1,533767
223,4,4,4,1146553
177,4,4,3,948582
264,5,5,4,1364467
170,3,2,2,867407
216,4,4,3,1131819
81,1,1,1,402559
241,4,4,4,1258791
75,1,1,1,402761
125,3,2,3,696211
116,1,1,1,527170
136,1,1,0,601840
288,4,3,4,1398524
83,2,2,1,423624
218,5,4,4,1199172
63,1,1,1,340247
59,1,1,1,299558
121,2,2,1,594380
131,2,2,2,658686
275,5,5,4,1450416
124,1,1,1,567809
197,3,2,2,991946
217,3,3,3,1103781
273,5,5,4,1439334
228,4,3,4,1142409
92,2,2,2,509469
278,5,5,4,1457500
261,6,5,4,1423454
132,1,1,1,623958
61,1,1,0,298191
151,2,1,1,697751
280,4,3,4,1368028
297,5,4,4,1512622
179,3,2,2,921952
92,3,2,3,540030
242,5,5,4,1306553
184,2,1,2,867098
293,5,4,4,1496911
298,5,5,4,1508852
99,2,1,1,475839
169,3,2,2,839773
140,4,3,3,811361
278,6,5,4,1449866
69,1,1,0,325583
124,1,1,0,582276
269,6,5,4,1419605
286,5,5,4,1446377
270,5,4,4,1402272
220,4,4,4,1168068
56,1,1,1,269741
202,3,3,3,1025136
123,2,2,1,611429
125,3,2,3,690106
119,3,2,3,654267
158,3,2,3,830332
268,4,3,4,1325870
72,1,1,1,366872
166,3,2,2,848285
223,4,3,4,1134708
64,1,1,1,299552
145,3,2,2,721084
108,2,1,2,577829
273,4,4,3,1386026
263,4,4,4,1339062
287,6,5,4,1478006
178,3,2,3,911821
95,1,1,1,482389
173,3,2,2,881865
222,5,4,4,1205946
45,1,1,0,219628
168,3,3,3,851809
170,3,3,3,891917
189,3,2,3,942610
135,3,3,3,721134
84,2,2,1,442361
51,1,1,1,287613
52,1,1,1,265840
201,5,4,4,1100729
155,3,2,3,780035
53,2,1,1,305468
232,4,3,4,1206161
255,5,4,4,1335091
198,3,2,3,974169
132,1,1,1,612061
111,1,1,0,483863
167,4,4,3,933930
170,3,3,2,876612
89,2,1,1,476681
278,4,4,4,1413889
139,3,2,2,735357
111,3,3,3,626965
121,1,1,1,567191
240,4,4,3,1250641
140,3,2,3,718707
274,5,4,4,1396917
212,5,4,4,1133850
53,2,2,1,347158
291,5,5,4,1479216
153,3,2,3,772034
46,1,1,1,277866
147,4,4,4,840398
214,5,4,4,1145464
222,3,2,2,1044570
143,2,1,2,694640
206,5,4,4,1105236
250,6,5,4,1360521
64,1,1,1,350094
126,3,3,3,677723
261,5,5,4,1347243
267,6,5,4,1397759
256,6,5,4,1348783
142,4,3,3,787136
266,5,5,4,1385198
220,5,4,4,1170481
78,1,1,0,346105
266,6,5,4,1399648
83,2,2,2,446326
177,3,3,3,918510
274,5,5,4,1433820
120,2,1,2,576922
287,5,5,4,1458152
69,2,2,1,391415
203,5,5,4,1151277
83,2,1,1,444428
223,4,3,4,1124995
213,5,5,4,1192937
184,3,3,2,936995
76,1,1,1,352089
155,4,3,3,871443
181,3,2,2,912886
85,1,1,1,392528
234,4,4,3,1193734
82,2,2,2,441038
217,4,4,3,1145361
122,2,2,1,618858
66,2,1,2,397271
240,4,3,3,1183962
79,1,1,1,417822
299,4,3,3,1475229
79,1,1,0,351731
166,3,3,3,872202
73,1,1,0,341443
175,4,3,4,970778
62,1,1,1,332993
147,3,2,3,777739
187,3,2,2,896736
75,1,1,1,362914
166,4,3,4,902916
100,2,1,1,481371
132,2,1,1,636807
194,4,3,3,1042271
237,4,3,3,1210353
291,5,5,4,1494905
267,5,4,4,1384060
145,3,3,2,783096
115,3,2,3,664595
289,5,4,4,1459695
246,5,5,4,1285670
57,1,1,1,290937
236,5,4,4,1256309
199,5,4,4,1067065
283,6,5,4,1513766
206,3,2,2,1027549
91,2,1,1,481722
248,6,5,4,1364529
126,2,1,1,593055
287,6,5,4,1512547
84,3,3,2,501680
274,4,4,4,1368544
191,2,1,1,858444
169,3,2,2,828707
250,4,4,3,1242646
296,5,4,4,1478774
116,3,3,3,681438
153,4,4,3,881553
132,3,3,2,741699
278,5,4,4,1395309
88,2,1,1,473634
77,1,1,1,354881
61,1,1,1,285960
290,5,5,4,1503308
159,2,1,2,737380
149,4,3,3,812985
239,4,3,3,1206904
107,3,2,3,576862
218,4,3,4,1141959
72,2,1,2,394925
262,4,4,3,1328249
141,2,2,1,703141
233,3,2,3,1133942
109,2,2,2,590351
218,5,4,4,1200386
235,4,4,4,1216464
234,3,3,3,1181247
70,1,1,1,329116
105,1,1,1,475592
124,3,3,3,719157
85,3,2,2,479669
105,1,1,1,526826
211,4,3,4,1083792
271,4,3,3,1311079
68,1,1,0,340719
156,3,3,2,827606
230,5,5,4,1226199
64,1,1,0,322364
191,4,4,3,998900
62,1,1,1,292366
192,3,3,3,967514
108,2,2,1,568293
159,2,2,1,774420
154,3,3,3,809110
71,2,2,1,423756
58,1,1,0,289606
207,4,4,4,1129679
95,1,1,1,464888
210,4,4,4,1093766
72,2,2,1,413863
130,2,1,2,629758
213,5,5,4,1160903
91,2,2,1,482190
76,1,1,0,336781
47,2,1,2,265927
173,4,3,4,926697
284,6,5,4,1496938
178,3,3,2,899885
280,5,4,4,1441677
184,4,3,4,997695
168,3,2,3,856704
189,4,4,3,1014843
66,1,1,1,347290
272,6,5,4,1439564
286,5,4,4,1481566
52,1,1,1,300561
155,2,2,2,739262
171,3,3,2,857301
66,1,1,1,355235
289,5,5,4,1497733
224,3,3,3,1088546
143,4,4,3,835890
238,5,4,4,1273980
62,1,1,0,301635
46,1,1,0,221469
248,6,5,4,1339809
229,3,3,2,1148040
251,4,3,3,1223752
269,6,5,4,1432951
182,4,4,3,1002639
138,3,3,2,724962
129,3,2,3,709433
221,5,4,4,1207644
60,1,1,0,288313
107,1,1,0,516168
173,3,3,2,908560
223,4,3,4,1151013
256,5,4,4,1316373
71,2,1,2,379538
278,5,5,4,1421882
153,4,4,4,854713
63,1,1,1,331510
234,5,4,4,1232060
175,3,3,3,921787
248,6,5,4,1365003
142,2,1,1,671639
72,2,1,1,369765
86,2,1,1,458547
144,3,3,2,755135
237,4,4,3,1186199
107,3,2,2,590346
186,3,3,3,972297
225,5,4,4,1212505
234,4,3,4,1192441
157,3,3,2,830389
148,3,3,2,773255
159,4,3,3,854243
181,3,3,2,905133
271,6,5,4,1433076
263,4,3,4,1325736
58,2,2,1,362882
118,3,2,2,659599
114,3,2,3,657365
79,1,1,0,400051
250,5,4,4,1285428
84,1,1,0,375668
299,4,3,4,1476141
237,4,4,4,1203049
268,5,4,4,1390082
94,2,1,1,474701
226,5,5,4,1212992
152,2,2,1,758458
275,6,5,4,1450728
206,4,3,4,1069011
83,1,1,0,376400
161,4,3,3,874658
69,1,1,0,341546
128,2,2,1,631946
181,4,4,3,994951
52,1,1,1,255853
258,4,4,3,1329537
85,2,1,2,427199
257,4,3,3,1295144
217,4,4,3,1131972
224,4,4,3,1145754
117,2,1,2,578799
235,5,5,4,1266576
253,6,5,4,1358634
250,6,5,4,1351414
259,5,4,4,1338955
91,2,1,2,480943
190,2,1,2,884262
96,1,1,0,434798
132,3,3,3,719952
243,4,3,4,1231377
82,2,2,1,464061
126,2,2,2,625473
265,5,4,4,1372171
70,1,1,1,377678
203,5,5,4,1119436
247,4,3,4,1222622
52,1,1,1,301981
214,4,4,4,1108136
89,2,2,2,518409
273,5,4,4,1384740
112,1,1,0,524365
286,5,5,4,1501103
280,4,3,3,1378124
142,4,3,3,780315
216,4,4,4,1168844
195,4,3,3,1006780
109,3,2,2,587455
50,1,1,0,267231
256,5,4,4,1312288
281,6,5,4,1483808
106,2,2,2,569659
108,2,1,2,534356
56,2,1,2,362331
245,4,4,3,1221385
273,6,5,4,1432292
52,1,1,1,297702
106,1,1,1,477839
299,6,5,4,1528307
293,4,4,4,1479976
212,4,3,3,1088874
112,2,2,1,587198
231,4,3,3,1156280
255,5,4,4,1334925
161,3,2,2,804664
223,4,4,4,1151227
85,2,1,2,442234
273,5,5,4,1415429
130,2,1,2,631343
275,6,5,4,1464108
168,3,3,3,885773
253,4,4,4,1264704
157,4,4,3,883343
181,3,2,3,926240
107,3,2,3,607972
250,5,5,4,1352314
246,4,4,3,1248084
179,3,2,3,928535
49,1,1,0,243768
232,5,5,4,1245139
214,5,5,4,1144752
106,1,1,0,458503
164,3,3,2,869156
65,1,1,1,319992
66,1,1,1,342542
88,1,1,1,404519
210,4,3,4,1115029
293,6,5,4,1534795
268,5,5,4,1423703
84,1,1,0,417570
108,1,1,1,515730
183,4,4,3,983273
63,1,1,1,294683
288,6,5,4,1539154
289,5,5,4,1506286
221,4,3,3,1098971
78,1,1,0,360625
129,1,1,0,565038
131,2,2,1,629362
86,3,2,2,502220
237,3,3,2,1173519
219,4,3,4,1136451
159,3,2,2,785290
284,5,4,4,1473945
58,1,1,1,291308
246,4,4,4,1237861
86,2,1,2,437721
52,1,1,1,278574
91,1,1,0,418451
246,4,4,3,1261371
220,5,5,4,1179912
282,6,5,4,1467107
107,2,2,1,570874
252,5,4,4,1337163
198,3,2,3,1000453
158,4,4,4,866077
82,1,1,1,423775
53,1,1,0,283506
254,6,5,4,1392720
175,4,3,4,971759
279,4,4,3,1375687
146,3,2,2,733625
63,1,1,1,344608
178,4,3,4,958180
146,3,2,3,777446
168,3,2,3,873632
175,2,1,2,803299
136,2,1,1,673564
130,3,2,3,680744
67,1,1,0,336434
138,4,4,3,824101
280,5,5,4,1442083
214,5,5,4,1153395
58,2,1,1,303389
277,5,5,4,1420428
197,4,4,4,1073299
256,4,4,3,1279532
285,5,4,4,1472546
91,2,2,1,492183
260,4,3,3,1285369
140,3,3,2,725954
153,3,2,3,798558
115,2,2,2,591707
196,4,4,3,1024602
160,4,4,3,902911
238,4,4,4,1236018
210,4,3,4,1099368
98,2,1,1,481949
97,1,1,1,444108
185,4,4,3,1023597
236,3,3,3,1165288
168,4,3,3,889283
281,5,5,4,1434402
277,5,4,4,1392507
107,2,2,1,544689
127,2,2,2,643034
69,1,1,0,327480
91,2,2,1,504310
252,5,4,4,1322508
86,3,2,2,487799
197,4,3,3,1041006
271,5,4,4,1425049
187,3,3,2,966057
159,3,3,3,867399
223,5,5,4,1226455
98,2,2,2,550230
135,2,2,1,697441
221,4,4,3,1129334
231,4,3,4,1174088
207,5,4,4,1146197
224,5,4,4,1191999
167,2,1,1,808629
133,2,1,1,632038
217,3,2,3,1093128
252,5,4,4,1314900
90,1,1,0,418436
231,5,4,4,1250738
147,4,3,4,837393
109,2,2,1,566935
72,1,1,1,360784
264,4,4,4,1325986
161,3,2,3,828335
68,1,1,0,328497
287,5,5,4,1508517
69,2,2,2,408870
115,2,1,2,606425
229,4,3,4,1185125
202,5,4,4,1082763
118,1,1,1,562444
112,1,1,0,509139
78,2,2,2,429686
220,4,4,3,1130575
151,3,3,3,836337
177,4,4,3,955964
200,4,4,4,1091242
57,1,1,0,259496
148,3,3,2,752706
183,4,4,3,995154
224,4,4,4,1152038
60,1,1,0,282476
55,1,1,1,299845
45,1,1,0,226984
264,6,5,4,1394544
225,4,4,4,1173873
70,1,1,0,336656
282,5,5,4,1467374
117,3,2,2,629078
259,5,5,4,1369246
166,4,3,4,903713
242,4,4,4,1274704
227,3,2,3,1086347
220,4,4,4,1148249
161,2,1,2,797353
227,3,2,2,1117450
199,4,4,4,1080501
294,6,5,4,1509062
206,4,4,3,1066107
277,4,4,4,1385439
212,5,5,4,1171859
70,1,1,1,370504
213,5,4,4,1126458
134,2,1,1,635396
298,5,4,4,1507140
294,5,4,4,1491473
89,2,2,2,487194
145,3,3,3,779625
137,2,2,1,701144
162,3,3,3,879414
214,4,3,3,1116568
97,1,1,0,439699
192,3,3,3,995388
88,2,2,1,499765
244,3,3,3,1187222
159,3,3,2,846746
82,2,1,2,468228
70,1,1,0,330611
235,4,3,4,1200049
223,4,3,4,1149702
108,1,1,1,537118
217,4,3,4,1125312
117,2,1,1,574011
203,4,3,4,1042460
265,6,5,4,1385708
215,4,4,4,1122776
242,4,3,3,1226394
112,3,2,3,633499
108,3,2,3,614054
222,4,3,4,1148596
205,5,5,4,1159470
84,2,1,1,448179
168,3,3,3,863830
182,3,2,2,923199
99,2,2,2,555670
61,2,1,2,334035
259,4,3,4,1327920
273,5,4,4,1392963
60,2,2,2,385479
250,5,5,4,1319023
170,3,3,2,859792
98,1,1,0,477324
292,5,5,4,1484906
276,5,4,4,1441123
112,3,3,3,624749
216,4,3,3,1110656
147,3,3,3,793887
72,1,1,1,338032
124,2,2,2,612966
120,2,1,2,628370
242,3,2,3,1166355
79,1,1,0,347928
108,1,1,1,510386
65,1,1,1,307143
192,4,3,3,983606
198,5,5,4,1114508
277,5,5,4,1451937
112,1,1,0,507232
217,5,5,4,1168248
75,1,1,0,384056
267,6,5,4,1433895
91,1,1,0,415505
216,4,3,4,1138373
271,5,5,4,1440969
51,2,1,1,274506
211,3,3,3,1058117
50,1,1,0,272341
159,3,2,2,827496
241,5,4,4,1250152
297,6,5,4,1556943
68,2,2,1,387075
51,1,1,0,280563
191,4,4,4,1048450
136,2,2,2,670123
258,6,5,4,1386615
143,4,3,3,780379
68,1,1,1,356090
258,6,5,4,1354812
95,3,2,2,528274
148,3,3,2,781059
87,2,2,1,471523
176,3,2,3,878511
88,3,2,3,514926
129,2,1,1,649166
293,5,5,4,1507496
245,4,3,4,1227407
86,3,2,2,522626
252,4,3,3,1233355
247,3,3,2,1179876
150,3,3,2,785460
83,1,1,1,425570
213,4,4,4,1130424
294,5,4,4,1498163
68,1,1,0,355294
218,5,4,4,1174372
51,1,1,0,281769
245,5,5,4,1274834
200,4,4,3,1049527
185,2,1,2,867316
200,3,3,3,1039123
168,3,2,3,882082
67,1,1,0,331794
271,5,4,4,1386116
114,2,1,1,556303
72,2,1,1,378146
64,2,2,1,358984
159,2,2,1,770744
270,5,4,4,1418551
241,5,4,4,1253970
68,1,1,0,323013
238,4,3,4,1239874
47,2,1,1,291021
115,1,1,1,534261
157,4,4,3,894852
229,4,3,3,1182424
61,1,1,0,273102
106,2,1,1,520658
293,5,5,4,1522763
64,2,1,1,349504
170,2,2,2,802390
71,1,1,0,360472
270,4,4,3,1362991
46,1,1,1,228262
297,5,5,4,1497943
275,6,5,4,1444153
268,6,5,4,1397139
198,5,5,4,1081679
167,2,1,2,811589
129,2,1,2,629424
239,3,2,2,1141933
94,3,2,2,537539
241,5,5,4,1281968
166,2,1,1,781491
81,1,1,1,402675
158,3,3,2,822067
150,2,2,1,725043
102,2,2,1,502746
200,3,2,2,1002068
297,5,5,4,1507055
93,1,1,1,435957
289,5,4,4,1495498
120,2,1,2,631350
59,2,1,2,343621
133,2,1,2,668594
62,1,1,1,310648
246,4,3,3,1235263
83,2,1,2,433080
233,5,4,4,1228075
97,1,1,1,438832
139,3,3,3,748927
120,2,1,1,604845
170,3,3,2,890818
80,1,1,0,356263
174,3,2,2,893085
113,2,1,2,593995
113,3,3,2,619887
241,3,2,2,1150024
172,3,2,2,880176
90,3,2,2,545391
98,2,2,2,548294
103,1,1,1,515911
95,3,2,3,559351
298,4,3,4,1448684
135,3,3,3,719071
212,4,4,3,1126309
165,4,4,3,898083
186,3,2,2,922975
260,5,5,4,1379564
201,4,3,4,1032535
154,3,2,2,817436
135,2,2,1,657991
60,1,1,0,311276
253,5,5,4,1344618
88,3,2,3,498110
275,4,4,3,1376174
161,3,3,3,857629
116,1,1,0,513302
69,2,1,2,409301
90,2,1,1,457682
87,3,2,2,512061
225,4,3,3,1131278
78,1,1,1,358234
71,1,1,0,359314
96,2,1,2,511940
227,5,4,4,1206309
246,4,4,3,1261453
121,3,2,3,653276
105,2,1,1,506350
202,3,2,2,974485
124,3,3,2,656634
88,3,2,2,499246
204,4,3,3,1040254
77,1,1,1,392745
194,4,4,3,1043554
288,6,5,4,1531721
154,3,2,3,782978
247,4,3,3,1229926
89,3,2,3,508414
187,4,3,4,1016461
283,5,4,4,1446316
234,3,3,2,1168971
262,5,5,4,1397710
227,3,2,2,1093713
263,4,3,4,1323132
180,3,2,2,878205
78,1,1,1,396284
228,3,2,3,1092380
198,3,2,2,1002529
216,4,3,3,1114422
184,3,2,2,892296
210,4,3,3,1088953
293,4,4,3,1467271
58,2,2,2,379562
91,1,1,0,417389
64,1,1,1,343442
56,1,1,1,283014
48,1,1,1,272080
231,3,3,2,1102420
270,4,3,3,1325338
222,5,5,4,1184411
144,4,4,4,855754
279,5,4,4,1402727
106,2,2,1,560159
271,6,5,4,1443496
154,3,2,2,795697
172,3,2,2,876881
92,2,2,1,459277
172,3,3,2,888832
170,4,3,4,907026
146,4,4,3,814225
95,1,1,1,478634
126,2,1,1,622507
157,3,2,3,802144
286,6,5,4,1514692
288,6,5,4,1499042
147,3,3,3,800884
221,4,3,3,1123529
225,5,5,4,1198214
134,2,2,1,680452
279,5,4,4,1455103
222,5,5,4,1213515
174,2,2,2,869979
153,3,2,3,772562
139,4,4,4,804362
296,6,5,4,1518608
180,2,2,1,867605
256,5,4,4,1356683
252,4,3,3,1238603
248,5,4,4,1292018
67,1,1,1,310095
54,1,1,0,296915
109,2,1,2,571099
233,4,4,4,1205420
171,3,3,2,903815
99,1,1,1,457601
94,2,1,1,489166
191,4,4,4,1006688
118,2,1,1,586371
136,3,2,3,705731
261,6,5,4,1376553
119,2,2,1,620657
161,2,2,2,796361
238,4,4,4,1207887
161,3,3,3,870989
130,2,1,2,629268
64,1,1,1,312895
172,3,2,2,878856
118,2,1,2,591254
224,4,4,4,1177807
92,3,2,3,529039
97,3,2,3,552962
249,4,3,3,1232752
229,3,2,2,1110263
164,3,3,3,859662
166,3,2,3,849545
140,3,3,2,738362
124,1,1,0,550367
279,5,5,4,1441995
51,1,1,1,280058
115,1,1,0,519955
298,5,5,4,1513141
62,1,1,0,299193
299,5,5,4,1518370
253,5,5,4,1332400
184,2,1,1,869813
99,2,2,2,547728
248,4,4,4,1278325
45,1,1,0,240799
192,3,3,2,970533
226,4,4,4,1195793
106,1,1,0,502261
293,4,3,3,1431684
238,5,4,4,1247930
186,2,1,2,869041
187,3,3,2,947751
215,3,3,3,1072950
127,2,1,1,602971
118,1,1,1,550748
128,2,2,2,625542
226,4,4,3,1149346
200,3,3,2,982896
56,1,1,1,283645
286,5,4,4,1456266
176,2,2,2,839823
233,4,3,3,1205295
189,3,3,3,973008
216,4,4,3,1129089
290,5,4,4,1468342
165,4,4,3,908763
98,2,2,1,510954
297,4,4,3,1478670
186,3,3,3,950244
259,4,4,3,1311590
219,4,4,4,1149000
88,3,2,2,507351
123,2,2,2,636206
221,4,4,4,1163488
216,3,2,3,1038039
134,2,2,2,668014
248,5,4,4,1310051
163,3,2,3,827066
103,1,1,1,495175
179,3,3,3,955096
74,1,1,1,380728
240,5,4,4,1242784
73,1,1,0,352571
198,3,3,3,987895
177,3,3,3,909416
173,3,3,2,888241
99,3,3,3,595457
58,2,1,1,340245
85,1,1,0,415462
199,4,3,3,1008919
242,4,4,4,1236449
245,3,2,2,1158418
64,1,1,0,310694
177,3,3,2,889927
89,1,1,0,397129
79,1,1,1,413727
75,2,1,1,417014
299,6,5,4,1566695
246,3,3,3,1227258
196,4,3,3,1025836
71,1,1,0,370846
230,4,3,3,1154883
276,6,5,4,1483644
235,3,3,3,1180236
98,2,1,2,481078
118,2,2,2,595979
188,3,2,3,943575
72,1,1,0,316114
255,6,5,4,1364591
192,3,3,2,994670
267,5,5,4,1395207
112,2,1,1,533835
263,5,4,4,1338586
129,1,1,0,561235
219,4,3,3,1127247
80,2,1,1,446008
288,5,5,4,1501080
88,2,1,2,489714
225,4,3,3,1114502
227,4,3,4,1196030
51,1,1,0,253991
88,1,1,1,443826
118,1,1,1,577871
191,4,3,4,1026998
126,1,1,1,602240
84,3,2,3,503925
167,2,2,2,832664
204,5,5,4,1129720
178,2,2,1,831128
186,3,3,2,953828
215,4,4,3,1099985
143,2,2,1,707976
277,6,5,4,1451145
190,4,3,3,995141
142,3,2,3,745556
297,4,3,3,1462629
282,4,3,3,1367531
75,1,1,1,386235
199,3,3,3,984139
57,1,1,0,296425
118,2,2,2,622671
197,3,3,3,1016382
99,1,1,0,451237
127,2,1,2,641124
237,3,2,3,1150171
256,6,5,4,1400970
177,3,3,2,908204
96,3,3,3,598759
135,2,2,2,662943
163,3,2,3,828765
215,4,3,3,1104613
204,5,5,4,1149916
87,2,1,1,473291
264,6,5,4,1433081
247,4,3,3,1211790
128,2,1,2,621802
271,5,5,4,1417612
111,2,2,1,592983
238,3,2,3,1147282
156,3,2,3,818650
134,3,3,2,713630
122,3,2,2,680592
143,2,2,2,735711
234,3,2,3,1135904
186,3,3,3,954767
45,2,2,2,308961
107,3,2,3,628742
268,5,4,4,1411700
229,3,2,3,1133348
48,1,1,1,239583
256,5,5,4,1337492
48,1,1,0,247775
284,6,5,4,1503086
131,2,1,2,629513
190,3,3,2,938524
210,3,2,2,1003122
113,2,1,1,583578
297,5,5,4,1492716
51,1,1,0,266461
81,1,1,0,355641
256,5,5,4,1343315
124,2,2,1,623172
99,2,1,2,536685
262,4,4,3,1292449
206,4,3,4,1100508
112,1,1,0,519653
79,1,1,1,386597
292,5,4,4,1475344
205,5,4,4,1097120
140,2,1,2,690609
228,3,3,3,1108411
177,3,3,3,908842
250,4,3,3,1236016
149,2,1,2,724521
51,1,1,1,242662
97,3,3,2,588680
298,5,5,4,1552333
271,5,5,4,1442697
119,2,1,1,571444
282,4,4,4,1395720
105,2,1,1,520399
297,5,4,4,1511420
120,3,2,2,650021
172,3,3,2,861735
282,5,5,4,1448423
120,2,1,2,613053
137,1,1,0,605200
66,1,1,0,339092
290,5,4,4,1497541
108,1,1,1,500750
133,2,2,2,673625
179,4,3,4,953422
281,6,5,4,1468898
212,3,3,2,1027543
250,6,5,4,1339464
175,3,3,3,921394
46,1,1,0,245403
289,6,5,4,1489471
74,1,1,1,365018
223,4,3,3,1134926
73,1,1,0,340489
184,3,2,2,915852
156,4,3,4,864732
95,3,2,3,530007
46,1,1,0,251837
100,2,2,2,531861
206,3,2,2,1034559
211,4,3,3,1096203
108,2,1,2,543096
99,2,1,1,503750
47,2,2,1,320852
85,2,1,1,411931
109,2,2,1,538694
52,2,1,2,307076
230,4,4,4,1180286
274,5,5,4,1450708
267,5,4,4,1397747
115,1,1,0,545426
45,1,1,1,254520
87,2,2,2,469671
285,5,5,4,1456604
278,5,4,4,1452548
119,2,2,1,628006
52,1,1,1,264469
204,3,3,3,1024526
194,4,4,4,1033731
59,2,2,2,391649
112,3,3,3,627410
176,2,2,2,873329
192,2,1,2,917553
170,4,3,3,931895
164,2,2,2,811260
189,2,2,2,924831
239,3,2,2,1153771
45,1,1,0,229038
92,2,2,2,508301
162,4,4,4,916588
202,5,4,4,1119275
227,4,3,3,1172578
107,3,2,3,596321
228,4,4,3,1179050
276,5,4,4,1395675
130,3,2,3,710050
88,1,1,1,437912
267,5,5,4,1425543
268,5,4,4,1358229
243,4,3,3,1199288
45,1,1,1,219029
113,3,3,3,648066
299,6,5,4,1584110
197,4,4,3,1037243
183,3,3,3,923626
233,3,3,3,1165830
142,2,1,2,712609
194,5,5,4,1063680
160,4,4,4,922811
102,3,2,3,561242
225,3,3,3,1105354
84,2,2,2,452019
204,3,2,3,990303
246,5,4,4,1265982
281,5,4,4,1436715
178,2,2,2,888208
294,5,4,4,1480735
274,5,5,4,1396492
150,4,3,4,834222
48,2,2,1,329527
60,1,1,0,321622
260,5,5,4,1385435
224,4,3,4,1182796
127,2,2,2,669312
211,4,3,3,1086752
86,3,2,3,522887
224,5,5,4,1202693
183,3,3,2,929587
219,4,4,3,1124645
184,3,3,2,952467
142,3,3,2,738947
110,2,1,1,570354
195,3,3,2,954616
154,3,2,2,799482
138,4,3,4,800652
78,1,1,1,402564
131,1,1,1,623080
170,3,2,2,838511
240,3,2,3,1163517
71,2,1,2,418899
245,3,2,3,1176425
223,5,5,4,1207139
191,3,2,2,945999
155,3,2,2,817133
200,5,4,4,1103727
293,6,5,4,1522804
95,2,2,2,514305
260,5,5,4,1349437
167,3,2,3,849900
109,3,3,3,655110
172,3,2,3,899579
284,5,4,4,1433198
253,4,3,4,1268884
171,4,3,3,902100
115,2,2,2,621256
82,1,1,1,394369
281,5,4,4,1457610
85,3,2,3,492156
273,4,3,3,1347926
230,3,2,2,1107562
149,3,2,3,796019
193,4,3,3,1029197
58,2,1,1,323725
170,3,2,2,830466
68,2,2,1,391837
64,2,2,1,380769
200,4,4,3,1034832
112,1,1,1,557796
115,2,1,1,592081
256,6,5,4,1397761
197,5,4,4,1070467
277,4,4,4,1374390
81,1,1,0,368589
257,6,5,4,1381719
252,5,4,4,1296367
267,5,4,4,1369404
87,2,2,1,464989
55,1,1,1,304675
177,4,4,4,1000544
246,4,3,4,1254702
272,5,4,4,1395610
286,5,4,4,1469256
102,2,2,2,568952
116,1,1,0,553700
79,2,1,2,444749
171,3,2,3,852300
96,3,3,3,573637
70,1,1,0,356848
65,1,1,0,338846
63,2,2,1,370938
225,4,3,3,1128195
209,5,4,4,1108896
288,5,5,4,1513177
160,4,3,4,911133
78,1,1,0,397165
45,1,1,1,229455
189,4,3,3,981802
248,5,4,4,1321098
95,2,2,2,488347
46,1,1,1,241796
51,1,1,0,266086
148,3,2,2,773083
76,2,2,2,447708
259,6,5,4,1400051
252,5,5,4,1317205
201,5,5,4,1124785
207,4,3,4,1084839
150,2,1,1,739647
259,6,5,4,1415928
145,2,1,1,700994
53,2,1,1,277468
214,4,4,4,1104568
220,4,4,3,1144341
66,1,1,0,309399
96,1,1,0,450665
174,3,2,3,889604
108,2,2,2,570557
141,4,3,4,809866
51,1,1,1,269922
91,2,1,1,457504
133,2,2,2,653195
294,6,5,4,1562299
61,1,1,0,281604
185,4,3,3,987495
113,3,3,2,638773
226,4,3,3,1134489
275,6,5,4,1443245
280,6,5,4,1475401
102,3,2,2,593293
263,4,3,3,1296163
113,3,3,2,622189
290,5,5,4,1464290
193,4,4,3,1053005
81,2,1,2,453862
72,2,2,1,414679
63,1,1,1,304676
272,6,5,4,1458053
183,4,4,4,1000590
84,2,1,1,460673
202,3,3,2,1021525
49,2,2,2,307789
156,4,4,4,903930
291,4,4,3,1437701
172,3,2,2,840755
258,4,4,4,1305747
236,4,3,4,1210408
263,5,5,4,1354838
130,1,1,0,590645
80,1,1,0,391494
53,1,1,1,306455
56,1,1,1,264487
115,1,1,0,543574
231,4,3,4,1157635
48,2,1,1,300324
73,1,1,0,368034
264,4,3,3,1286596
241,4,3,4,1255605
153,4,3,4,848132
229,4,3,3,1151452
259,4,3,3,1277625
51,1,1,0,228048
151,3,3,3,792055
284,4,4,4,1434111
118,1,1,1,533235
114,1,1,1,527559
149,3,3,3,820642
102,3,2,3,589899
139,2,2,1,688248
124,1,1,0,583815
153,4,4,3,853247
233,4,3,3,1200127
147,4,3,3,789253
139,3,3,3,729102
134,3,3,3,728081
267,5,5,4,1412640
76,1,1,0,352255
281,5,4,4,1433248
243,5,5,4,1299125
193,4,4,3,999601
235,4,4,4,1231290
146,4,3,3,826376
161,4,3,4,887573
69,1,1,0,328963
46,1,1,0,211487
272,4,4,4,1398758
178,3,2,2,864240
229,3,2,2,1118530
84,2,2,1,449242
137,3,3,3,730793
293,4,4,4,1468679
270,5,4,4,1381249
218,5,4,4,1172293
143,3,2,3,771192
101,2,2,2,545524
86,3,3,2,509454
249,5,5,4,1334897
214,3,3,3,1093095
133,2,1,1,662352
80,1,1,0,359695
224,3,3,3,1109845
138,4,4,3,814773
298,5,4,4,1514162
299,5,5,4,1531792
115,3,3,3,640446
145,3,3,3,755562
225,3,2,3,1130526
253,6,5,4,1370865
257,6,5,4,1402000
263,5,5,4,1387220
138,4,3,4,778583
176,3,3,3,930977
126,3,2,3,656919
275,4,3,3,1375780
154,3,2,2,816973
299,5,4,4,1528492
249,4,4,4,1300662
153,3,2,2,797977
137,1,1,1,637212
169,3,2,2,874343
274,6,5,4,1451049
52,2,1,1,271725
271,4,3,4,1335131
285,5,4,4,1433079
295,5,4,4,1517817
118,3,2,3,656706
293,4,3,4,1443954
179,2,2,2,855053
80,1,1,0,379906
225,4,4,3,1140912
171,3,3,3,918734
176,3,2,3,886400
130,1,1,0,577189
250,4,4,3,1258805
202,5,4,4,1128090
285,5,5,4,1451614
280,5,4,4,1440789
259,5,4,4,1370285
109,3,3,3,622973
297,5,4,4,1490923
194,5,5,4,1067856
114,2,1,2,600349
63,1,1,1,339174
109,2,1,2,574280
166,4,4,4,923956
234,3,3,2,1168942
276,6,5,4,1483414
244,4,4,4,1275233
231,5,5,4,1217034
246,4,3,4,1218934
184,3,3,3,926059
73,2,2,1,398573
129,1,1,0,569525
276,4,4,3,1387991
133,3,2,2,700288
95,1,1,0,424565
177,3,2,3,869511
66,1,1,1,338610
192,3,2,3,959116
87,2,1,2,473581
241,4,4,3,1216794
179,2,2,2,864144
175,4,4,4,959929
192,4,3,3,1013965
240,5,5,4,1273773
173,3,2,3,856551
203,4,4,3,1090584
269,6,5,4,1434977
287,5,4,4,1480664
260,6,5,4,1372620
47,1,1,0,237950
59,1,1,0,312079
200,3,2,2,975488
47,1,1,0,235274
254,5,5,4,1318710
293,6,5,4,1520965
150,2,2,2,721989
71,1,1,0,335138
162,4,3,3,875570
116,2,2,2,631222
156,4,3,4,844274
109,1,1,0,484215
117,2,1,2,563900
280,6,5,4,1493742
170,3,3,3,861273
247,4,4,3,1259813
55,1,1,0,299787
246,4,4,4,1246410
190,4,3,4,1015281
66,1,1,0,301009
90,2,1,2,454354
135,2,1,2,660876
244,5,5,4,1322596
134,3,2,2,723144
108,3,2,3,632387
279,4,4,4,1430802
68,1,1,1,350689
154,3,2,2,815747
95,1,1,1,436564
175,4,3,4,926892
291,4,3,4,1438166
129,2,2,1,672441
124,1,1,1,554473
103,1,1,1,478940
194,3,2,3,965560
124,1,1,1,607178
299,4,4,3,1472815
180,3,3,3,951732
141,4,4,3,835890
121,2,1,1,588346
286,5,4,4,1430656
181,3,2,3,905142
202,3,2,3,977432
68,1,1,1,320146
299,6,5,4,1571007
95,2,2,1,479437
189,3,3,3,940011
55,1,1,1,281712
177,2,2,2,888997
164,2,2,1,778667
200,3,2,2,965060
59,2,2,1,364785
57,2,2,2,357788
102,1,1,0,459686
259,5,5,4,1357772
211,3,2,3,1052228
52,1,1,1,254088
154,3,3,3,844092
80,1,1,0,385297
150,4,4,3,859919
56,2,2,1,321189
82,1,1,0,408652
230,4,4,4,1175153
286,4,3,4,1394011
62,2,1,1,327945
54,2,2,2,332230
111,2,2,1,591376
88,2,1,1,437705
286,5,5,4,1446406
53,1,1,0,286829
231,4,4,3,1167309
183,3,2,2,894771
70,1,1,0,345280
222,4,3,4,1123349
172,3,2,2,876907
110,1,1,1,547087
149,3,2,2,760950
88,2,2,2,470723
247,4,4,3,1262493
127,2,2,2,620562
237,3,2,2,1128098
200,5,4,4,1099632
251,5,4,4,1332378
291,5,5,4,1525799
156,2,1,1,741350
224,4,3,4,1182554
158,3,2,2,828837
212,5,5,4,1136452
272,6,5,4,1422496
219,3,2,3,1100471
199,3,2,3,1010992
277,5,4,4,1417333
267,4,3,4,1356897
179,2,1,2,828367
292,6,5,4,1543933
72,1,1,0,349790
228,3,3,2,1129718
276,5,4,4,1390320
90,2,2,1,489301
256,5,4,4,1359239
196,3,2,2,942850
222,5,4,4,1189636
190,3,2,3,972446
293,5,4,4,1496500
89,2,1,2,474072
260,5,5,4,1393981
109,3,3,3,632362
112,1,1,0,513434
149,3,3,3,828356
86,1,1,1,401996
60,1,1,0,283671
286,5,5,4,1491293
47,2,2,2,320030
285,5,5,4,1457864
80,1,1,0,350777
152,4,4,3,869568
263,6,5,4,1423804
220,4,4,3,1133106
74,1,1,1,392051
286,5,4,4,1445516
114,2,2,1,550591
143,4,4,3,834902
281,5,4,4,1420257
239,4,3,3,1210803
104,2,1,1,533917
279,5,5,4,1451724
252,6,5,4,1380298
140,2,1,1,692163
289,5,4,4,1461792
66,1,1,0,296991
72,1,1,0,357588
265,6,5,4,1395269
214,5,5,4,1200058
167,4,4,4,936019
211,5,4,4,1122765
231,4,4,4,1176347
224,4,4,3,1137447
233,5,4,4,1233393
199,5,5,4,1119179
239,3,3,3,1191681
146,3,2,3,783571
205,5,4,4,1128070
233,4,3,4,1192495
60,1,1,1,300850
135,2,2,1,669406
121,2,1,1,620788
210,3,2,2,1042743
282,5,4,4,1464458
70,2,2,1,408914
88,2,1,1,439560
144,2,2,1,720910
78,1,1,1,387210
255,4,4,4,1316136
259,4,4,3,1330040
84,2,1,1,406432
166,3,3,3,873586
122,3,3,2,675715
45,2,2,2,304440
231,3,2,3,1141130
109,1,1,1,516532
46,1,1,1,250904
231,3,2,2,1120148
69,1,1,1,367638
289,6,5,4,1495736
285,6,5,4,1526917
279,6,5,4,1459794
86,3,2,2,487009
268,5,5,4,1413532
155,3,3,2,787468
192,2,1,2,898088
205,4,4,4,1115231
164,3,3,2,864340
62,1,1,1,323363
242,5,4,4,1260067
286,4,3,4,1398563
220,3,2,3,1074503
92,1,1,0,410267
259,4,4,4,1331641
87,3,2,2,500516
91,3,3,3,576129
157,3,3,3,856489
239,4,4,3,1214139
299,5,5,4,1536990
158,2,1,1,753415
65,1,1,0,323149
227,4,3,4,1168926
128,1,1,1,618576
83,3,3,2,501913
232,3,3,2,1150575
110,3,2,2,627944
281,6,5,4,1458687
124,3,3,2,676054
66,2,2,2,379071
196,3,2,2,969001
52,1,1,0,275821
68,1,1,0,334669
285,5,5,4,1452696
90,2,2,2,508422
165,3,3,3,852599
75,1,1,0,335181
50,1,1,0,225010
242,4,4,3,1224580
242,3,2,3,1155605
269,4,4,4,1352993
241,3,2,3,1197471
277,4,3,4,1354132
276,4,3,3,1363954
117,3,3,3,670095
299,6,5,4,1531454
120,3,2,2,658485
132,1,1,1,589984
183,4,4,4,973911
168,3,3,2,878899
125,2,2,2,664451
154,3,3,2,780963
124,1,1,0,544643
187,2,2,2,920802
182,2,1,2,845517
215,4,4,3,1115456
154,3,2,3,798527
162,3,3,2,810541
262,6,5,4,1380240
271,6,5,4,1427358
60,1,1,1,316008
77,2,1,2,417329
80,1,1,0,358151
156,4,3,4,860716
46,1,1,1,260718
139,3,2,3,727633
190,2,2,2,899893
65,1,1,0,320841
244,4,3,3,1236615
155,3,2,3,802502
59,1,1,1,311350
133,3,3,3,715602
72,1,1,0,362333
231,3,3,2,1132248
166,3,3,2,844308
122,2,1,2,587920
104,2,1,2,524476
248,4,3,4,1264362
287,6,5,4,1516978
266,4,3,3,1329328
278,5,4,4,1417818
273,4,3,3,1354317
190,3,3,2,929143
249,4,4,4,1261356
226,3,3,3,1132557
171,3,3,2,876931
136,3,2,3,703871
175,2,2,2,842705
124,3,3,2,681708
91,1,1,1,424210
101,3,2,2,585349
129,2,1,1,627597
158,4,3,3,854698
300,6,5,4,1540764
48,1,1,1,285842
221,5,5,4,1230844
212,3,2,2,1015989
68,1,1,0,333531
256,5,5,4,1355225
102,2,2,1,542719
208,3,2,2,1044342
240,5,5,4,1279616
182,3,2,3,900049
60,1,1,1,310467
184,3,3,2,903707
194,3,3,3,966205
188,2,2,1,893510
69,1,1,0,327097
75,1,1,0,373433
87,2,2,1,486946
186,3,3,2,922067
247,4,4,4,1270866
281,5,5,4,1445946
230,4,3,4,1190236
232,3,3,2,1109447
103,2,1,2,550571
177,3,2,3,902637
249,5,4,4,1329047
58,1,1,1,306331
300,6,5,4,1562244
158,3,3,2,810859
239,4,4,4,1244921
169,2,2,2,817443
74,1,1,0,336704
195,5,5,4,1115807
77,1,1,0,339880
149,2,1,1,724576
285,5,4,4,1454164
144,2,2,1,725053
49,2,2,2,341964
95,1,1,0,454356
220,4,4,4,1133104
158,4,4,4,918546
195,3,3,2,948608
133,2,2,1,677049
47,1,1,0,224997
108,1,1,0,525766
93,2,1,2,513385
89,1,1,0,397857
217,5,5,4,1200861
166,2,2,2,838716
80,1,1,0,361719
298,5,5,4,1540618
149,2,1,2,744952
163,3,2,2,835257
281,4,4,3,1367990
201,5,4,4,1085878
139,3,3,3,752156
46,2,2,1,275865
278,5,4,4,1409957
298,6,5,4,1567531
53,2,2,1,332542
214,4,4,3,1123743
225,4,4,3,1184596
273,4,4,4,1386471
292,5,5,4,1473435
142,3,3,3,791423
64,1,1,1,342597
97,1,1,0,440770
194,3,2,3,966226
142,4,3,4,787222
80,1,1,0,407759
68,2,1,1,351118
180,3,3,2,925612
233,5,5,4,1249296
264,5,5,4,1400838
96,2,2,1,528331
167,2,2,2,840996
173,3,2,2,877477
62,2,2,1,356084
151,3,3,3,781188
230,4,3,3,1191632
72,2,2,1,426171
138,2,1,2,663729
128,1,1,1,591200
67,1,1,0,322663
204,3,3,3,1022345
136,2,1,1,634110
102,2,2,1,509902
268,6,5,4,1425575
287,6,5,4,1478483
144,3,2,2,723943
212,5,5,4,1164752
136,3,2,3,714528
282,5,5,4,1458183
284,4,4,4,1426854
93,3,2,3,555990
163,2,1,2,767458
119,2,2,2,631786
265,5,5,4,1383399
227,4,4,4,1159065
114,2,1,1,545365
258,4,4,4,1287450
298,5,5,4,1551368
265,4,4,4,1361395
250,6,5,4,1336663
299,6,5,4,1565213
239,5,5,4,1290070
98,2,2,1,528454
70,1,1,1,357435
200,3,2,3,967112
197,5,4,4,1063822
189,3,2,2,914387
262,5,4,4,1372808
181,4,4,3,966548
199,3,3,3,980306
120,2,1,1,598843
183,4,4,3,987028
136,1,1,0,613872
208,3,3,2,1029423
168,2,2,1,793989
53,1,1,1,270279
236,4,4,4,1214058
185,4,3,4,1016942
182,4,4,4,968115
59,1,1,1,308042
166,3,3,3,892198
233,3,3,3,1168225
189,4,3,4,1010423
224,4,4,4,1201586
203,4,4,3,1063546
205,4,4,4,1066373
142,2,1,1,689320
285,5,4,4,1431268
201,4,4,4,1098593
70,1,1,1,352585
195,4,4,4,1045154
229,3,2,2,1110431
110,2,2,2,581785
207,3,2,3,1054932
51,1,1,1,265994
86,2,1,2,468263
194,3,2,3,959640
183,3,3,2,914160
226,4,4,4,1184147
83,2,1,1,452158
100,3,3,2,571653
258,5,5,4,1352460
167,2,1,2,791629
226,4,3,3,1135425
211,4,4,3,1092071
204,4,4,4,1099181
260,5,5,4,1373123
110,2,2,1,537834
56,1,1,0,282963
257,6,5,4,1359204
196,3,2,3,1001325
242,4,4,3,1225148
153,3,3,3,837307
174,3,3,3,926309
120,2,1,1,579374
99,1,1,0,488136
69,2,2,2,384978
123,2,1,2,619986
147,3,3,3,790417
260,5,5,4,1351281
98,1,1,1,461887
291,6,5,4,1528628
202,5,5,4,1095529
57,1,1,1,283891
166,3,2,3,875188
137,2,1,1,644211
287,5,4,4,1451734
74,1,1,1,395905
127,1,1,1,583370
85,1,1,1,435279
160,2,1,2,757506
169,2,2,1,823000
197,4,3,4,1041312
187,3,2,2,910252
279,5,5,4,1447293
263,5,5,4,1408550
145,3,2,3,754699
109,3,2,3,637905
287,6,5,4,1521783
280,6,5,4,1455424
78,1,1,1,397231
294,4,4,3,1479017
59,1,1,0,313011
206,4,3,4,1084781
57,1,1,1,322571
124,3,2,2,666543
64,1,1,1,306420
285,5,4,4,1442835
159,2,1,2,776774
139,3,2,3,767059
177,3,3,3,910954
152,3,2,3,800125
209,3,2,2,1035520
97,1,1,0,430463
276,4,3,4,1384789
227,4,3,3,1177166
215,4,4,4,1121685
98,1,1,1,456522
166,3,2,3,867507
243,3,3,2,1206832
199,4,3,3,1043753
107,1,1,1,503627
292,5,4,4,1492415
213,5,4,4,1159790
295,5,4,4,1513917
146,3,3,2,744091
203,4,3,4,1089261
109,2,1,1,554573
68,1,1,1,343448
133,2,2,2,654587
271,4,4,4,1370805
83,3,2,2,469766
263,5,5,4,1368034
181,4,3,4,984314
235,4,3,3,1188493
237,4,4,4,1204295
107,3,3,3,649780
97,1,1,0,457027
198,4,3,4,1071308
199,3,2,2,965884
110,2,2,2,557124
181,2,1,2,869758
124,3,3,3,690113
288,6,5,4,1537786
294,6,5,4,1509482
126,3,2,3,706326
192,2,2,2,939350
260,5,4,4,1329246
139,3,2,3,719388
282,6,5,4,1471243
284,5,5,4,1461609
300,6,5,4,1557661
174,2,2,1,802407
265,4,3,3,1336369
128,2,1,1,630753
83,1,1,0,404426
95,3,2,3,558658
112,2,2,1,562502
175,2,2,2,863771
288,5,5,4,1486931
52,2,1,1,327712
92,2,1,2,462582
146,4,3,3,791320
195,4,4,4,1025518
88,2,2,1,447632
193,4,4,3,1015653
265,5,5,4,1368741
208,4,4,3,1074994
97,2,1,1,463163
252,4,4,3,1263143
292,6,5,4,1547200
160,4,3,4,866777
128,2,2,1,629903
249,6,5,4,1372198
186,4,4,4,1005144
126,3,3,2,708734
210,5,5,4,1172424
210,4,4,4,1086603
95,2,1,1,505044
245,3,2,2,1173876
209,4,4,3,1087985
132,2,2,1,672153
240,5,5,4,1282559
100,3,2,3,594639
177,2,2,1,842740
250,4,4,3,1249022
214,5,4,4,1148016
156,3,3,3,855765
69,1,1,0,319445
240,4,3,3,1220790
204,5,4,4,1143338
276,6,5,4,1487306
300,4,3,4,1497133
81,1,1,0,387172
252,5,5,4,1323166
170,4,3,4,934318
245,3,2,3,1170962
197,4,3,3,1026901
109,2,1,2,531482
239,3,2,3,1150460
272,5,5,4,1391398
179,3,2,2,870688
259,5,5,4,1386875
170,2,2,2,810025
65,2,1,2,361082
255,5,5,4,1366555
201,4,4,4,1100835
135,2,1,1,649759
298,5,4,4,1523179
290,6,5,4,1513137
260,4,4,3,1310218
249,4,3,3,1255984
74,1,1,1,341188
145,3,2,3,778194
59,1,1,0,297022
183,2,1,2,845519
241,5,4,4,1261036
182,4,3,4,990472
93,3,3,2,565184
131,2,1,2,665419
59,1,1,1,300446
123,2,2,2,655586
221,4,3,3,1100588
90,1,1,1,457593
74,1,1,0,360049
193,4,4,3,1027853
105,2,1,1,536089
299,5,4,4,1502337
284,4,3,3,1389942
136,1,1,1,635161
106,1,1,0,506172
258,5,4,4,1312762
159,3,2,2,817604
95,1,1,1,443584
142,3,2,2,727093
246,4,3,3,1250853
46,1,1,0,256946
179,4,4,4,987999
116,2,1,1,570371
265,5,5,4,1403134
165,3,3,3,891908
133,2,1,2,649317
215,4,4,3,1108543
168,4,4,4,943498
88,3,2,3,530472
161,2,2,2,779807
118,2,1,1,548954
243,5,4,4,1282990
154,3,2,3,788128
139,2,2,1,709595
242,4,3,3,1209913
53,1,1,0,247321
292,4,4,3,1471030
146,4,4,4,864484
117,2,1,2,606539
155,2,1,1,730936
251,6,5,4,1366116
257,6,5,4,1391022
297,6,5,4,1563016
58,2,1,1,335665
156,3,2,3,791890
91,2,2,2,521270
257,6,5,4,1368008
174,3,3,3,882878
213,4,4,3,1090004
276,6,5,4,1459070
156,4,4,3,864332
150,3,2,3,775818
176,3,2,3,876167
205,3,2,3,1043023
123,3,2,3,673189
84,3,2,3,512327
140,3,2,2,758250
252,4,3,3,1245372
103,3,2,2,591302
70,1,1,0,350012
280,5,4,4,1450371
188,2,2,1,885700
175,2,1,1,818627
297,6,5,4,1530690
121,1,1,1,546488
180,3,3,3,945767
248,4,4,3,1287155
162,4,4,4,918993
90,2,1,2,487392
124,2,2,1,641142
213,3,3,2,1039649
67,1,1,1,368670
236,5,4,4,1276364
224,4,4,3,1147500
46,2,1,2,280920
224,4,4,3,1165899
263,6,5,4,1390181
118,3,2,2,627946
45,1,1,0,236586
198,3,3,2,1007155
77,2,2,1,451813
121,2,1,2,616528
75,1,1,1,380265
184,2,1,2,872913
154,3,3,2,821519
250,6,5,4,1332834
68,2,2,2,391446
91,3,3,3,576231
222,5,4,4,1167980
171,4,3,3,911674
256,6,5,4,1362035
258,5,4,4,1315551
60,1,1,1,328570
50,1,1,1,247901
248,6,5,4,1346366
59,1,1,1,297962
296,4,4,3,1478976
111,2,1,2,553068
234,4,3,3,1184749
197,4,4,3,1046592
191,3,3,2,973680
76,2,1,1,410894
252,4,3,3,1284153
251,5,5,4,1355740
93,2,1,2,467768
83,2,2,2,443652
81,2,1,2,422824
116,2,1,1,555142
64,1,1,1,315222
120,3,3,2,680799
298,4,3,3,1470857
181,3,2,2,914279
86,1,1,0,420727
161,3,2,3,835597
168,3,2,3,875477
105,2,1,2,560963
290,6,5,4,1536134
201,3,2,3,992300
259,6,5,4,1369768
282,5,4,4,1450134
135,3,2,2,718491
63,2,2,1,388480
254,5,4,4,1350971
75,1,1,0,343021
114,2,2,1,571419
120,1,1,1,580841
209,4,3,4,1102049
181,2,1,1,864381
152,4,4,3,849631
175,4,4,3,958334
202,4,3,4,1073960
220,4,4,3,1129191
117,2,1,1,601063
98,2,2,1,493749
160,3,2,3,853812
288,5,5,4,1486872
171,4,4,3,936576
300,4,4,4,1496400
191,4,4,4,1023119
183,3,2,3,899228
138,4,4,4,807197
92,1,1,0,415899
158,4,4,4,893937
252,4,4,4,1305008
170,3,2,3,848160
74,1,1,1,359247
162,2,1,2,750863
175,4,3,4,951512
270,5,5,4,1410177
134,1,1,1,643054
60,2,2,1,360678
147,3,3,2,799787
253,6,5,4,1337105
150,2,2,1,740714
177,4,4,3,979924
254,4,4,4,1317287
210,5,4,4,1156818
113,2,1,2,557097
90,1,1,1,424158
120,2,1,2,577513
155,3,3,2,827268
259,5,5,4,1345156
291,5,4,4,1455599
49,1,1,0,236709
278,5,4,4,1419731
82,1,1,0,363745
137,2,2,1,676855
243,3,3,3,1181093
75,2,2,1,435814
100,1,1,1,451135
173,4,3,3,901901
143,3,3,3,800887
164,4,4,3,927367
203,4,3,4,1053944
290,5,4,4,1499795
188,3,3,3,951750
266,5,4,4,1400304
154,3,2,3,791141
267,5,5,4,1405657
190,3,3,3,991306
223,3,2,2,1103427
278,5,5,4,1437160
183,4,3,3,941212
55,1,1,0,254366
92,2,2,2,522007
124,1,1,0,591896
71,1,1,1,382236
293,5,5,4,1511951
81,1,1,0,407311
225,4,4,4,1184941
144,2,2,2,749300
106,3,3,3,648290
108,3,3,2,586671
162,4,3,3,868015
214,4,4,3,1120038
224,4,3,4,1180879
124,1,1,0,537249
136,2,2,1,665939
232,4,4,3,1163399
241,4,3,4,1229947
250,5,4,4,1299548
254,6,5,4,1379811
184,4,3,3,997832
78,1,1,0,357352
137,2,2,1,666434
150,3,2,2,760489
249,5,4,4,1277978
149,3,2,3,759509
93,1,1,0,441551
262,6,5,4,1373523
78,2,2,1,416430
273,5,5,4,1450091
169,2,1,2,819510
277,4,4,4,1421419
175,2,2,2,847515
183,4,3,4,998451
213,4,4,3,1083281
113,3,2,3,636973
185,3,2,3,923509
238,4,3,3,1212610
68,1,1,0,352961
59,2,1,1,314679
68,1,1,1,369210
287,5,4,4,1464979
293,5,4,4,1475337
64,1,1,0,303055
283,4,4,3,1425716
66,1,1,0,290939
142,2,1,2,722805
274,5,4,4,1417635
94,1,1,0,415593
73,1,1,0,327005
87,1,1,1,418058
89,3,2,3,536585
284,5,4,4,1428445
158,3,3,2,837939
227,3,2,3,1103844
253,5,5,4,1317097
129,1,1,0,575519
197,5,4,4,1076327
213,4,4,3,1128579
260,4,3,4,1331313
230,3,3,2,1116214
99,1,1,1,487375
279,5,4,4,1415023
85,2,2,1,441965
138,3,2,2,731484
210,4,3,3,1051573
269,5,5,4,1424333
87,3,2,3,494295
180,3,3,2,923046
125,2,2,2,660996
112,2,2,1,556593
278,4,3,3,1375079
146,2,2,1,735465
201,4,3,4,1044911
257,5,5,4,1370466
224,4,3,3,1161128
203,4,3,4,1095496
47,1,1,1,250568
246,5,4,4,1306954
226,4,4,4,1163711
64,1,1,1,353782
263,5,5,4,1350701
62,1,1,1,304619
272,5,5,4,1392536
152,3,2,2,755292
299,5,4,4,1513923
229,5,5,4,1229567
170,3,3,2,902747
292,6,5,4,1554102
188,4,3,4,1027107
184,4,4,4,1020673
179,3,2,3,898352
157,3,2,3,801567
83,1,1,0,405083
234,4,4,4,1209345
67,1,1,0,296410
246,5,5,4,1314298
257,5,5,4,1348318
110,2,1,1,554565
262,6,5,4,1407271
213,5,4,4,1142145
61,1,1,0,284864
79,1,1,1,398721
172,3,3,2,867929
187,3,2,2,924019
262,5,4,4,1354837
283,6,5,4,1496042
156,4,4,4,914227
268,5,4,4,1392340
160,2,1,2,770956
277,5,5,4,1460514
135,3,3,3,727823
257,4,3,4,1308797
189,3,3,3,958383
78,1,1,0,399566
184,2,1,2,857999
289,4,3,3,1388184
64,2,1,2,386554
257,6,5,4,1364260
220,4,4,4,1171034
178,3,3,3,910332
204,3,3,3,1009878
210,5,4,4,1143914
85,2,1,1,433657
103,2,2,1,504378
185,4,4,4,1035024
163,4,4,3,884075
91,1,1,1,424615
181,2,2,1,880332
162,3,2,2,849179
212,4,4,4,1119099
141,2,1,2,695856
167,2,2,1,795640
143,3,3,3,802566
90,1,1,1,420324
137,1,1,0,614339
239,4,3,4,1232451
133,2,1,2,632298
166,3,2,2,858578
209,3,3,3,1046308
268,6,5,4,1434695
64,1,1,0,315607
156,2,2,1,736288
299,5,4,4,1513045
250,6,5,4,1349775
101,2,1,1,523110
61,1,1,1,289043
127,1,1,0,582039
109,1,1,1,507817
265,6,5,4,1403933
222,3,2,3,1080001
236,4,3,4,1224986
156,4,3,4,893316
157,3,2,3,829606
259,5,4,4,1318121
144,2,2,2,733456
119,1,1,0,550764
62,1,1,1,347496
159,4,3,3,872259
217,3,3,3,1062661
124,2,2,1,621921
181,3,3,2,928254
267,4,4,3,1333659
107,2,1,2,559536
120,2,1,1,571119
94,2,2,1,489388
228,4,3,3,1139345
250,5,4,4,1282680
165,3,3,2,827282
241,4,3,4,1243414
126,1,1,1,562590
122,1,1,1,578768
128,3,3,3,717062
186,2,1,1,893195
291,5,5,4,1499628
108,1,1,0,485457
178,4,3,3,963557
296,4,4,4,1490181
262,5,4,4,1356623
175,3,2,2,882786
247,5,5,4,1326643
164,4,3,3,878410
76,1,1,1,348739
299,5,4,4,1526221
129,1,1,1,580425
243,3,2,2,1176356
139,4,3,4,813781
209,3,3,2,1053048
62,1,1,1,306897
276,6,5,4,1440967
122,2,2,2,616350
92,2,2,2,520781
46,2,2,2,297027
279,6,5,4,1444911
285,6,5,4,1524540
297,5,5,4,1548233
241,5,4,4,1285627
52,2,1,2,298492
189,3,2,2,905471
139,3,3,2,716809
202,4,3,3,1036433
153,4,4,3,835414
88,2,2,1,461696
86,1,1,1,427398
267,6,5,4,1450622
290,5,5,4,1512935
283,6,5,4,1480554
118,3,3,3,685636
133,2,2,1,685496
124,2,1,1,583169
65,1,1,1,320507
59,1,1,0,273362
244,4,3,4,1239045
279,4,4,3,1379243
255,4,3,3,1263154
172,4,3,3,916430
179,4,4,3,982651
191,3,2,2,934149
47,1,1,1,275819
141,4,3,4,804056
159,3,3,3,859556
261,4,3,4,1334506
79,1,1,1,393701
94,2,2,2,482698
168,2,1,1,784314
251,6,5,4,1365790
222,4,3,3,1106078
94,1,1,1,433567
144,3,2,2,725337
300,5,4,4,1505674
87,3,2,3,547687
228,4,4,4,1216194
152,3,3,2,820810
299,5,4,4,1495996
156,2,1,1,758765
289,4,3,3,1388987
182,3,2,3,925267
300,4,4,4,1490386
236,4,4,4,1241710
86,1,1,1,427957
101,1,1,0,484548
230,4,3,4,1178490
98,2,1,2,507405
57,1,1,0,293286
98,2,1,1,490472
283,4,4,3,1400917
277,5,5,4,1423327
196,5,5,4,1079495
84,2,1,1,454809
160,4,3,4,902979
268,4,4,3,1329063
89,3,3,3,576382
154,3,3,3,792960
217,3,3,2,1054063
225,4,3,3,1135549
208,5,5,4,1170106
108,2,1,2,538120
60,1,1,1,325533
234,4,3,3,1206164
188,3,2,2,913378
141,2,2,1,674936
196,3,3,3,995837
53,2,1,1,302839
257,5,4,4,1353799
119,1,1,1,565626
117,2,1,1,580073
143,4,4,4,842645
145,3,3,3,758420
164,3,2,3,842465
265,5,4,4,1348387
235,4,4,4,1220715
109,1,1,1,514449
99,2,2,2,535900
63,2,2,2,374992
271,6,5,4,1448004
101,2,1,2,511070
116,2,2,1,617393
71,2,1,1,381238
116,2,1,1,562810
90,2,1,2,501968
181,4,4,3,952276
166,3,2,2,820652
261,4,4,3,1291703
216,4,4,4,1129758
252,5,5,4,1336811
75,1,1,0,330002
87,1,1,1,407675
80,1,1,0,400487
220,4,3,3,1114778
232,4,3,3,1171187
89,2,1,1,439488
235,4,4,4,1212009
251,5,5,4,1313408
67,2,2,2,411509
89,1,1,0,410329
172,4,3,3,896445
95,2,2,1,499606
139,2,2,2,720357
47,2,1,1,252934
224,4,4,4,1189312
75,1,1,0,372493
62,1,1,0,305380
175,3,2,3,869021
121,2,1,2,577717
213,4,4,3,1105476
158,3,2,3,814999
46,1,1,0,218465
169,3,3,2,851765
131,3,3,3,728067
236,5,5,4,1258945
282,6,5,4,1474454
82,2,2,1,418876
155,4,4,4,863413
77,1,1,1,402168
62,1,1,1,329136
219,5,4,4,1185037
153,3,3,3,826099
91,2,2,1,497697
101,3,3,3,592503
249,5,5,4,1309307
129,3,3,3,724526
195,4,3,3,1028148
176,2,2,2,827628
196,4,3,4,1062953
73,1,1,0,353956
73,1,1,1,343102
120,2,2,2,609834
200,4,3,4,1070600
47,1,1,0,263992
201,5,5,4,1098868
267,4,4,3,1367275
283,5,5,4,1492448
283,5,4,4,1424737
204,3,3,2,992378
178,3,3,2,895738
209,4,4,3,1086764
167,2,1,2,809696
206,5,4,4,1137232
160,2,2,1,800771
94,3,3,3,567449
273,5,5,4,1432920
247,4,4,4,1247061
281,4,3,4,1422674
244,4,4,3,1218471
160,3,2,2,840258
300,4,3,4,1494489
232,4,3,4,1175997
160,3,2,2,839638
105,1,1,1,478088
121,2,1,2,594656
92,3,3,2,520232
295,5,4,4,1491251
143,3,2,2,716277
63,1,1,1,319995
168,4,4,4,961019
74,1,1,1,365474
83,2,1,1,429020
191,3,2,3,985711
137,3,2,3,705807
273,5,4,4,1375307
227,5,5,4,1236168
80,1,1,0,407261
261,6,5,4,1385119
218,4,4,3,1146369
147,3,2,2,784232
100,1,1,1,465852
47,2,2,2,328973
104,2,2,1,524852
138,4,3,4,768930
133,2,1,2,638593
271,5,4,4,1408503
130,2,2,1,627293
119,3,3,3,679510
98,3,2,2,549813
108,3,3,2,623308
64,1,1,1,321946
140,3,3,2,718322
151,2,1,1,718642
92,2,2,1,458739
87,3,3,2,536275
158,3,2,3,798852
242,4,4,3,1238621
245,5,5,4,1315278
98,3,2,3,555856
245,3,3,2,1189600
86,3,3,2,523725
219,4,3,3,1118674
233,3,3,2,1148882
291,5,5,4,1495259
216,3,2,3,1054356
266,5,5,4,1402451
263,6,5,4,1415042
119,2,2,2,641029
272,5,4,4,1370954
82,1,1,0,402547
74,1,1,0,365934
130,2,2,2,669825
132,3,3,2,711953
71,1,1,0,319239
199,3,3,2,1000072
202,5,5,4,1103023
88,2,1,1,452381
104,1,1,1,467816
216,4,3,3,1116452
248,5,5,4,1338315
252,6,5,4,1341568
196,4,3,4,1038234
210,5,4,4,1123649
254,6,5,4,1389082
194,4,4,4,1032267
256,6,5,4,1363102
261,6,5,4,1374319
124,1,1,0,564045
239,5,5,4,1306150
260,6,5,4,1415383
226,4,4,3,1136837
242,4,4,4,1244646
256,5,4,4,1358222
297,4,4,3,1438431
174,4,4,3,952528
294,4,3,4,1467249
94,3,2,2,532133
101,1,1,1,467319
171,4,4,3,957973
227,4,3,4,1196276
124,1,1,1,567099
270,5,4,4,1361553
274,5,4,4,1434308
255,5,4,4,1321508
129,1,1,0,569706
291,6,5,4,1535790
291,4,4,3,1411173
116,1,1,1,563694
192,3,2,3,952931
234,3,3,3,1147711
65,1,1,1,353103
116,3,2,2,607478
100,2,2,2,517630
61,2,1,2,378157
62,1,1,0,286185
221,4,4,3,1152738
85,3,3,3,545650
117,3,3,2,657246
260,4,3,3,1281016
259,4,3,3,1280884
235,5,5,4,1287180
218,4,3,4,1131045
233,4,3,4,1198213
237,4,3,4,1216480
172,3,3,2,884997
148,3,3,2,770756
198,5,5,4,1117443
66,2,1,1,372428
252,6,5,4,1358374
228,3,2,2,1070986
196,3,3,2,988329
250,5,5,4,1316691
300,4,3,4,1449921
176,3,2,3,883132
130,2,1,1,647478
84,3,3,2,515870
240,3,2,3,1134482
256,6,5,4,1388236
197,4,3,4,1031369
228,4,4,3,1176943
216,4,3,4,1129880
192,2,1,2,885294
112,2,1,2,583653
120,1,1,0,576737
167,3,2,2,854005
233,4,3,3,1160264
247,4,4,4,1258976
205,3,3,2,990057
239,3,3,3,1148775
210,5,4,4,1166109
60,1,1,0,307142
221,3,2,3,1102297
216,4,3,3,1087217
58,2,1,2,355165
121,2,1,2,632770
218,3,2,3,1071303
274,4,4,3,1367803
290,4,4,4,1444450
197,3,3,2,981727
166,2,1,2,775704
78,1,1,0,396499
228,5,5,4,1218877
105,3,2,3,574009
45,1,1,1,261867
290,5,4,4,1462623
143,2,2,1,702374
51,1,1,0,253719
97,2,2,1,521312
267,5,4,4,1362714
88,2,2,2,507238
102,2,2,2,559471
73,1,1,1,377514
108,1,1,0,497166
196,5,4,4,1092345
174,4,4,3,971497
300,4,4,3,1501962
52,2,1,2,307954
50,1,1,1,240372
99,1,1,1,487063
287,4,3,4,1439298
299,4,4,4,1464109
194,3,2,2,945849
169,2,1,2,805284
257,5,4,4,1357752
220,3,3,3,1123808
284,5,4,4,1456522
222,4,4,4,1166106
285,6,5,4,1521448
239,3,3,3,1193657
53,1,1,1,268853
106,2,1,1,507410
155,3,3,2,783868
216,5,5,4,1174713
151,3,3,2,818982
122,2,2,1,610421
108,2,2,2,551395
53,1,1,1,278258
159,4,4,4,878794
70,2,2,2,384668
278,6,5,4,1495607
128,1,1,1,610362
60,2,2,2,373433
172,3,3,2,859710
125,1,1,0,574831
122,2,2,2,646701
124,2,2,1,606334
297,5,5,4,1517914
277,5,4,4,1400829
74,2,1,1,416137
61,1,1,1,314745
195,3,3,3,981593
141,2,1,1,699763
107,2,2,2,582269
293,4,4,4,1460097
258,4,3,4,1324715
91,2,1,1,470144
245,4,4,3,1227213
235,5,5,4,1234974
107,1,1,0,504324
83,2,1,2,433264
113,3,2,3,650755
63,1,1,1,302324
187,3,2,3,934256
140,2,1,2,663157
196,4,4,3,1042715
49,1,1,0,277850
95,2,1,2,487190
201,3,2,2,970299
110,2,1,2,536128
296,5,5,4,1488473
164,3,2,3,824943
240,5,4,4,1293350
173,3,3,3,924314
278,5,5,4,1430656
71,2,2,2,410476
82,1,1,1,413102
272,5,4,4,1377364
80,2,1,1,438189
282,5,4,4,1446911
113,1,1,0,547590
224,5,4,4,1212806
98,1,1,1,454805
78,1,1,1,400932
204,4,3,3,1085106
117,3,2,3,651604
66,1,1,0,316820
156,3,3,3,854865
90,2,1,2,505974
211,5,4,4,1154502
174,3,2,3,897688
134,2,2,2,651926
171,3,2,3,898325
243,5,5,4,1270737
248,5,4,4,1288803
146,3,2,3,793249
292,5,4,4,1463435
101,2,1,2,499109
99,3,3,2,556456
165,3,3,2,860513
61,1,1,0,308962
70,1,1,1,357291
70,1,1,0,352179
74,1,1,0,359807
184,3,3,3,934445
268,5,4,4,1360302
113,3,3,3,631956
74,1,1,0,339140
175,3,3,2,909866
282,4,3,3,1378038
221,3,3,3,1100932
116,2,2,2,582262
275,5,4,4,1419861
60,1,1,1,316587
289,5,4,4,1492764
106,2,1,1,547927
134,2,2,2,695678
224,5,4,4,1172451
86,1,1,0,411970
78,1,1,1,399790
151,3,2,2,772756
127,3,3,3,726763
156,4,4,4,898882
289,5,4,4,1497561
235,4,3,4,1228997
279,4,4,4,1430446
80,1,1,1,368742
285,6,5,4,1479268
234,5,4,4,1234747
99,3,3,3,604614
182,2,1,2,878360
254,6,5,4,1346409
96,2,1,2,521225
90,3,2,3,519569
259,6,5,4,1400450
131,2,2,1,672576
66,1,1,1,306047
122,2,2,2,642577
100,2,1,1,489305
85,2,1,2,473504
59,1,1,0,301701
50,1,1,1,256259
279,5,5,4,1441855
165,2,2,2,798307
51,1,1,1,264024
287,6,5,4,1481788
94,1,1,1,450719
226,5,4,4,1236164
95,2,2,1,523074
201,4,4,3,1045011
257,5,4,4,1365284
173,3,3,3,905200
181,4,3,4,993416
170,3,3,3,876703
94,1,1,0,461629
274,5,5,4,1400066
49,1,1,1,288310
64,1,1,1,337202
90,2,2,2,468478
61,1,1,1,330097
114,1,1,1,529214
216,4,4,3,1134442
287,4,4,3,1410775
179,3,2,3,909316
237,4,4,3,1211148
231,5,4,4,1202456
107,1,1,0,488662
179,3,2,2,867413
202,4,4,3,1085576
78,2,2,2,458788
125,2,2,1,616416
214,4,3,4,1109935
269,6,5,4,1442674
259,5,5,4,1348711
95,2,2,2,520381
176,3,2,2,907262
275,5,5,4,1407882
90,2,1,2,448167
71,1,1,1,374094
159,3,3,2,806039
180,3,3,3,901190
184,2,2,2,884360
244,4,3,4,1235870
82,2,2,2,467292
208,3,3,3,1062885
253,5,4,4,1332146
77,2,2,1,432193
176,2,2,1,825589
128,2,1,1,595898
209,3,2,2,1006193
62,1,1,1,336295
147,4,4,4,868960
58,1,1,0,316343
285,5,4,4,1477793
72,2,2,1,414891
170,3,3,3,900821
50,1,1,1,252878
92,2,2,2,504380
152,2,2,1,742456
218,4,4,3,1135307
174,3,3,2,906727
251,5,5,4,1358781
157,3,2,3,831112
89,1,1,1,434098
200,5,4,4,1118567
78,2,1,2,433088
64,2,1,1,338730
213,5,5,4,1197991
280,4,3,4,1373162
48,2,2,2,293106
212,4,4,4,1141839
109,3,3,2,634023
95,3,3,3,549046
241,5,4,4,1263480
289,6,5,4,1484972
205,4,4,3,1060196
254,6,5,4,1344541
47,2,2,1,324684
215,5,5,4,1193031
214,5,5,4,1178807
158,4,4,3,861203
250,5,5,4,1312159
222,4,4,3,1173489
185,3,2,3,926664
131,2,2,2,662543
125,3,3,2,686196
237,4,4,3,1205866
97,3,3,3,592967
197,4,3,3,1033010
274,5,4,4,1413245
102,3,3,3,612356
60,1,1,1,307471
127,2,2,2,664006
137,2,2,2,663427
259,5,5,4,1351439
298,5,4,4,1510121
49,2,1,1,308150
174,2,2,1,803368
91,2,1,2,481472
200,4,3,3,1017523
207,3,2,2,988103
58,2,2,2,368220
65,1,1,0,310535
185,3,2,3,916999
186,4,4,3,1027562
127,3,3,2,674436
268,5,4,4,1374472
61,1,1,0,306068
250,5,4,4,1289056
98,2,1,2,482437
259,5,5,4,1363446
295,6,5,4,1566663
108,2,1,1,561752
79,1,1,1,412365
297,5,5,4,1540198
285,6,5,4,1511575
58,1,1,0,295417
111,2,2,1,584940
251,6,5,4,1336720
131,2,2,1,647178
78,1,1,1,412574
134,2,1,2,631418
167,3,3,2,865820
178,4,3,3,926363
45,2,1,2,272232
247,4,3,4,1229266
174,4,4,4,973142
108,3,2,2,574300
188,4,3,3,1014550
271,5,5,4,1413588
97,1,1,1,475387
210,5,5,4,1148975
226,4,4,3,1174557
136,2,1,1,647315
162,2,2,2,798591
153,4,3,4,833659
155,4,4,3,842201
95,2,2,2,505972
169,4,3,4,937525
186,4,3,4,982607
298,5,4,4,1533441
103,2,1,2,522121
218,4,4,4,1165579
103,2,2,2,552030
271,5,5,4,1386438
204,3,2,2,1026260
162,2,2,2,805607
125,1,1,1,578531
183,4,3,3,947361
144,3,2,2,749949
202,3,2,2,1004767
274,6,5,4,1432573
136,2,1,1,678142
114,3,2,2,608253
156,2,1,2,726414
160,3,2,2,791394
288,6,5,4,1486035
220,4,4,4,1173428
66,1,1,1,354017
140,4,3,4,792445
171,2,2,2,851207
281,5,5,4,1456333
130,2,1,2,641581
187,3,2,2,946332
280,5,5,4,1471824
81,1,1,0,380003
250,5,5,4,1336714
71,1,1,0,345925
278,6,5,4,1493636
128,2,2,2,678507
164,3,3,3,880410
85,2,2,1,446202
64,1,1,0,314394
212,4,3,4,1094808
229,3,2,3,1101675
124,2,1,1,599026
117,3,2,3,669174
241,4,4,3,1221966
288,5,5,4,1456980
130,2,1,2,633443
148,3,2,2,763545
227,3,2,3,1132757
201,3,3,3,1026659
128,1,1,0,588915
105,1,1,1,476210
275,6,5,4,1452784
137,1,1,1,640505
201,3,2,2,966266
141,4,4,4,837562
142,4,4,4,828962
167,3,3,2,876534
140,2,1,2,672961
257,5,4,4,1320548
105,3,2,3,580749
133,1,1,0,609696
267,5,5,4,1417738
166,3,3,3,847031
230,4,4,4,1215200
72,1,1,1,363369
112,3,2,3,636347
107,2,2,2,535972
51,1,1,0,238783
298,5,4,4,1535016
154,4,3,4,889972
191,3,2,2,952305
158,4,3,3,853140
180,4,4,4,983780
270,5,5,4,1410623
201,5,4,4,1073026
284,6,5,4,1491720
175,3,3,2,914183
264,4,3,3,1295928
262,6,5,4,1416568
297,5,5,4,1543373
109,2,1,1,533985
196,4,4,4,1060324
179,2,1,1,820229
126,3,2,3,657028
176,3,3,2,891299
297,6,5,4,1542447
93,3,2,2,526409
59,1,1,0,317506
66,2,1,2,369442
71,1,1,1,355964
225,4,4,4,1169385
69,1,1,0,347022
70,1,1,1,338379
124,2,2,2,624854
101,3,2,3,556133
211,5,4,4,1121413
70,2,1,1,351153
282,4,4,4,1441963
235,4,4,4,1197216
140,3,2,3,737325
206,4,3,3,1058610
123,2,2,2,661207
125,2,2,1,638612
